timestamp,objid,x,y,z
2026-08-21 18:34:17.000,obj001,1216.017,94.228,-2476.611
2026-08-21 18:34:17.000,obj002,1076.254,94.228,-1720.511
2026-08-21 18:34:17.000,obj003,346.556,94.228,-1751.210
2026-08-21 18:34:17.000,obj004,722.639,94.228,-2779.916
2026-08-21 18:34:17.016,obj001,1218.894,93.412,-2476.356
2026-08-21 18:34:17.016,obj002,1079.193,93.412,-1722.626
2026-08-21 18:34:17.016,obj003,345.332,93.412,-1754.564
2026-08-21 18:34:17.016,obj004,724.421,93.412,-2782.748
2026-08-21 18:34:17.033,obj001,1218.894,93.412,-2476.356
2026-08-21 18:34:17.033,obj002,1079.193,93.412,-1722.626
2026-08-21 18:34:17.033,obj003,345.332,93.412,-1754.564
2026-08-21 18:34:17.033,obj004,724.421,93.412,-2782.748
2026-08-21 18:34:17.050,obj001,1221.772,92.054,-2476.102
2026-08-21 18:34:17.050,obj002,1082.132,92.054,-1724.741
2026-08-21 18:34:17.050,obj003,344.108,92.054,-1757.918
2026-08-21 18:34:17.050,obj004,726.204,92.054,-2785.579
2026-08-21 18:34:17.066,obj001,1221.772,92.054,-2476.102
2026-08-21 18:34:17.066,obj002,1082.132,92.054,-1724.741
2026-08-21 18:34:17.066,obj003,344.108,92.054,-1757.918
2026-08-21 18:34:17.066,obj004,726.204,92.054,-2785.579
2026-08-21 18:34:17.083,obj001,1224.650,90.154,-2475.847
2026-08-21 18:34:17.083,obj002,1085.057,90.424,-1726.882
2026-08-21 18:34:17.083,obj003,342.884,90.154,-1761.271
2026-08-21 18:34:17.083,obj004,727.986,90.154,-2788.410
2026-08-21 18:34:17.100,obj001,1224.650,90.154,-2475.847
2026-08-21 18:34:17.100,obj002,1085.057,90.424,-1726.882
2026-08-21 18:34:17.100,obj003,342.884,90.154,-1761.271
2026-08-21 18:34:17.100,obj004,727.986,90.154,-2788.410
2026-08-21 18:34:17.116,obj001,1226.859,90.396,-2475.647
2026-08-21 18:34:17.116,obj002,1087.638,90.181,-1728.902
2026-08-21 18:34:17.116,obj003,341.889,90.391,-1764.001
2026-08-21 18:34:17.116,obj004,729.414,90.394,-2790.675
2026-08-21 18:34:17.133,obj001,1228.299,90.665,-2475.519
2026-08-21 18:34:17.133,obj002,1088.887,90.141,-1729.930
2026-08-21 18:34:17.133,obj003,341.277,90.657,-1765.679
2026-08-21 18:34:17.133,obj004,730.306,90.662,-2792.092
2026-08-21 18:34:17.150,obj001,1229.737,90.662,-2475.392
2026-08-21 18:34:17.150,obj002,1090.117,90.120,-1730.975
2026-08-21 18:34:17.150,obj003,340.665,90.651,-1767.354
2026-08-21 18:34:17.150,obj004,731.196,90.658,-2793.506
2026-08-21 18:34:17.166,obj001,1229.737,90.662,-2475.392
2026-08-21 18:34:17.166,obj002,1090.117,90.120,-1730.975
2026-08-21 18:34:17.166,obj003,340.665,90.651,-1767.354
2026-08-21 18:34:17.166,obj004,731.196,90.658,-2793.506
2026-08-21 18:34:17.183,obj001,1232.614,90.383,-2475.137
2026-08-21 18:34:17.183,obj002,1092.521,90.104,-1733.119
2026-08-21 18:34:17.183,obj003,339.441,90.367,-1770.708
2026-08-21 18:34:17.183,obj004,732.979,90.378,-2796.338
2026-08-21 18:34:17.200,obj001,1232.614,90.383,-2475.137
2026-08-21 18:34:17.200,obj002,1092.521,90.104,-1733.119
2026-08-21 18:34:17.200,obj003,339.441,90.367,-1770.708
2026-08-21 18:34:17.200,obj004,732.979,90.378,-2796.338
2026-08-21 18:34:17.216,obj001,1235.357,90.104,-2474.895
2026-08-21 18:34:17.216,obj002,1094.852,90.101,-1735.337
2026-08-21 18:34:17.216,obj003,338.271,90.169,-1773.914
2026-08-21 18:34:17.216,obj004,734.688,90.101,-2799.053
2026-08-21 18:34:17.233,obj001,1235.357,90.104,-2474.895
2026-08-21 18:34:17.233,obj002,1094.852,90.101,-1735.337
2026-08-21 18:34:17.233,obj003,338.271,90.169,-1773.914
2026-08-21 18:34:17.233,obj004,734.688,90.101,-2799.053
2026-08-21 18:34:17.250,obj001,1237.902,90.101,-2474.670
2026-08-21 18:34:17.250,obj002,1097.110,90.100,-1737.628
2026-08-21 18:34:17.250,obj003,337.088,90.116,-1777.154
2026-08-21 18:34:17.250,obj004,736.347,90.100,-2801.687
2026-08-21 18:34:17.266,obj001,1237.902,90.101,-2474.670
2026-08-21 18:34:17.266,obj002,1097.110,90.100,-1737.628
2026-08-21 18:34:17.266,obj003,337.088,90.116,-1777.154
2026-08-21 18:34:17.266,obj004,736.347,90.100,-2801.687
2026-08-21 18:34:17.283,obj001,1240.709,90.100,-2474.421
2026-08-21 18:34:17.283,obj002,1099.293,90.100,-1739.990
2026-08-21 18:34:17.283,obj003,335.923,90.109,-1780.347
2026-08-21 18:34:17.283,obj004,738.065,90.100,-2804.416
2026-08-21 18:34:17.300,obj001,1240.709,90.100,-2474.421
2026-08-21 18:34:17.300,obj002,1099.293,90.100,-1739.990
2026-08-21 18:34:17.300,obj003,335.923,90.109,-1780.347
2026-08-21 18:34:17.300,obj004,738.065,90.100,-2804.416
2026-08-21 18:34:17.316,obj001,1243.385,90.100,-2474.185
2026-08-21 18:34:17.316,obj002,1101.399,90.100,-1742.421
2026-08-21 18:34:17.316,obj003,334.750,90.102,-1783.560
2026-08-21 18:34:17.316,obj004,739.753,90.100,-2807.097
2026-08-21 18:34:17.333,obj001,1243.385,90.100,-2474.185
2026-08-21 18:34:17.333,obj002,1101.399,90.100,-1742.421
2026-08-21 18:34:17.333,obj003,334.750,90.102,-1783.560
2026-08-21 18:34:17.333,obj004,739.753,90.100,-2807.097
2026-08-21 18:34:17.350,obj001,1246.126,90.100,-2473.942
2026-08-21 18:34:17.350,obj002,1103.426,90.100,-1744.919
2026-08-21 18:34:17.350,obj003,333.581,90.100,-1786.762
2026-08-21 18:34:17.350,obj004,741.456,90.100,-2809.802
2026-08-21 18:34:17.366,obj001,1246.126,90.100,-2473.942
2026-08-21 18:34:17.366,obj002,1103.426,90.100,-1744.919
2026-08-21 18:34:17.366,obj003,333.581,90.100,-1786.762
2026-08-21 18:34:17.366,obj004,741.456,90.100,-2809.802
2026-08-21 18:34:17.383,obj001,1248.834,90.100,-2473.703
2026-08-21 18:34:17.383,obj002,1105.372,90.100,-1747.481
2026-08-21 18:34:17.383,obj003,332.411,90.100,-1789.968
2026-08-21 18:34:17.383,obj004,743.153,90.098,-2812.496
2026-08-21 18:34:17.400,obj001,1248.834,90.100,-2473.703
2026-08-21 18:34:17.400,obj002,1105.372,90.100,-1747.481
2026-08-21 18:34:17.400,obj003,332.411,90.100,-1789.968
2026-08-21 18:34:17.400,obj004,743.153,90.098,-2812.496
2026-08-21 18:34:17.416,obj001,1251.559,90.100,-2473.462
2026-08-21 18:34:17.416,obj002,1107.234,90.100,-1750.103
2026-08-21 18:34:17.416,obj003,331.241,90.100,-1793.172
2026-08-21 18:34:17.416,obj004,744.851,90.099,-2815.192
2026-08-21 18:34:17.433,obj001,1251.559,90.100,-2473.462
2026-08-21 18:34:17.433,obj002,1107.234,90.100,-1750.103
2026-08-21 18:34:17.433,obj003,331.241,90.100,-1793.172
2026-08-21 18:34:17.433,obj004,744.851,90.099,-2815.192
2026-08-21 18:34:17.450,obj001,1254.276,90.100,-2473.222
2026-08-21 18:34:17.450,obj002,1109.011,90.100,-1752.784
2026-08-21 18:34:17.450,obj003,330.071,90.100,-1796.377
2026-08-21 18:34:17.450,obj004,746.549,90.100,-2817.889
2026-08-21 18:34:17.466,obj001,1254.276,90.100,-2473.222
2026-08-21 18:34:17.466,obj002,1109.011,90.100,-1752.784
2026-08-21 18:34:17.466,obj003,330.071,90.100,-1796.377
2026-08-21 18:34:17.466,obj004,746.549,90.100,-2817.889
2026-08-21 18:34:17.483,obj001,1256.997,90.100,-2472.981
2026-08-21 18:34:17.483,obj002,1110.701,90.100,-1755.521
2026-08-21 18:34:17.483,obj003,328.902,90.100,-1799.582
2026-08-21 18:34:17.483,obj004,748.246,90.100,-2820.586
2026-08-21 18:34:17.500,obj001,1256.997,90.100,-2472.981
2026-08-21 18:34:17.500,obj002,1110.701,90.100,-1755.521
2026-08-21 18:34:17.500,obj003,328.902,90.100,-1799.582
2026-08-21 18:34:17.500,obj004,748.246,90.100,-2820.586
2026-08-21 18:34:17.516,obj001,1259.716,90.100,-2472.741
2026-08-21 18:34:17.516,obj002,1112.303,90.100,-1758.311
2026-08-21 18:34:17.516,obj003,327.732,90.100,-1802.787
2026-08-21 18:34:17.516,obj004,749.944,90.100,-2823.283
2026-08-21 18:34:17.533,obj001,1259.716,90.100,-2472.741
2026-08-21 18:34:17.533,obj002,1112.303,90.100,-1758.311
2026-08-21 18:34:17.533,obj003,327.732,90.100,-1802.787
2026-08-21 18:34:17.533,obj004,749.944,90.100,-2823.283
2026-08-21 18:34:17.550,obj001,1262.436,90.100,-2472.500
2026-08-21 18:34:17.550,obj002,1113.814,90.100,-1761.150
2026-08-21 18:34:17.550,obj003,326.562,90.100,-1805.991
2026-08-21 18:34:17.550,obj004,751.642,90.100,-2825.980
2026-08-21 18:34:17.566,obj001,1262.436,90.100,-2472.500
2026-08-21 18:34:17.566,obj002,1113.814,90.100,-1761.150
2026-08-21 18:34:17.566,obj003,326.562,90.100,-1805.991
2026-08-21 18:34:17.566,obj004,751.642,90.100,-2825.980
2026-08-21 18:34:17.583,obj001,1265.155,90.100,-2472.260
2026-08-21 18:34:17.583,obj002,1115.233,90.100,-1764.037
2026-08-21 18:34:17.583,obj003,325.392,90.100,-1809.196
2026-08-21 18:34:17.583,obj004,753.340,90.100,-2828.677
2026-08-21 18:34:17.600,obj001,1265.155,90.100,-2472.260
2026-08-21 18:34:17.600,obj002,1115.233,90.100,-1764.037
2026-08-21 18:34:17.600,obj003,325.392,90.100,-1809.196
2026-08-21 18:34:17.600,obj004,753.340,90.100,-2828.677
2026-08-21 18:34:17.616,obj001,1267.874,90.100,-2472.019
2026-08-21 18:34:17.616,obj002,1116.558,90.100,-1766.968
2026-08-21 18:34:17.616,obj003,324.223,90.100,-1812.401
2026-08-21 18:34:17.616,obj004,755.038,90.100,-2831.374
2026-08-21 18:34:17.633,obj001,1267.874,90.100,-2472.019
2026-08-21 18:34:17.633,obj002,1116.558,90.100,-1766.968
2026-08-21 18:34:17.633,obj003,324.223,90.100,-1812.401
2026-08-21 18:34:17.633,obj004,755.038,90.100,-2831.374
2026-08-21 18:34:17.650,obj001,1270.594,90.100,-2471.779
2026-08-21 18:34:17.650,obj002,1117.789,90.100,-1769.940
2026-08-21 18:34:17.650,obj003,323.053,90.100,-1815.605
2026-08-21 18:34:17.650,obj004,756.736,90.100,-2834.071
2026-08-21 18:34:17.666,obj001,1270.594,90.100,-2471.779
2026-08-21 18:34:17.666,obj002,1117.789,90.100,-1769.940
2026-08-21 18:34:17.666,obj003,323.053,90.100,-1815.605
2026-08-21 18:34:17.666,obj004,756.736,90.100,-2834.071
2026-08-21 18:34:17.683,obj001,1273.313,90.100,-2471.538
2026-08-21 18:34:17.683,obj002,1118.924,90.100,-1772.949
2026-08-21 18:34:17.683,obj003,321.883,90.100,-1818.810
2026-08-21 18:34:17.683,obj004,758.434,90.100,-2836.769
2026-08-21 18:34:17.700,obj001,1273.313,90.100,-2471.538
2026-08-21 18:34:17.700,obj002,1118.924,90.100,-1772.949
2026-08-21 18:34:17.700,obj003,321.883,90.100,-1818.810
2026-08-21 18:34:17.700,obj004,758.434,90.100,-2836.769
2026-08-21 18:34:17.716,obj001,1276.033,90.100,-2471.298
2026-08-21 18:34:17.716,obj002,1119.961,90.100,-1775.994
2026-08-21 18:34:17.716,obj003,320.713,90.100,-1822.015
2026-08-21 18:34:17.716,obj004,760.231,90.100,-2839.486
2026-08-21 18:34:17.733,obj001,1276.033,90.100,-2471.298
2026-08-21 18:34:17.733,obj002,1119.961,90.100,-1775.994
2026-08-21 18:34:17.733,obj003,320.713,90.100,-1822.015
2026-08-21 18:34:17.733,obj004,760.231,90.100,-2839.486
2026-08-21 18:34:17.750,obj001,1278.752,90.100,-2471.057
2026-08-21 18:34:17.750,obj002,1120.900,90.100,-1779.071
2026-08-21 18:34:17.750,obj003,319.544,90.100,-1825.219
2026-08-21 18:34:17.750,obj004,762.107,90.100,-2842.149
2026-08-21 18:34:17.766,obj001,1278.752,90.100,-2471.057
2026-08-21 18:34:17.766,obj002,1120.900,90.100,-1779.071
2026-08-21 18:34:17.766,obj003,319.544,90.100,-1825.219
2026-08-21 18:34:17.766,obj004,762.107,90.100,-2842.149
2026-08-21 18:34:17.783,obj001,1281.536,90.100,-2470.757
2026-08-21 18:34:17.783,obj002,1121.740,90.100,-1782.176
2026-08-21 18:34:17.783,obj003,318.374,90.100,-1828.424
2026-08-21 18:34:17.783,obj004,764.062,90.100,-2844.755
2026-08-21 18:34:17.800,obj001,1281.536,90.100,-2470.757
2026-08-21 18:34:17.800,obj002,1121.740,90.100,-1782.176
2026-08-21 18:34:17.800,obj003,318.374,90.100,-1828.424
2026-08-21 18:34:17.800,obj004,764.062,90.100,-2844.755
2026-08-21 18:34:17.816,obj001,1284.312,90.100,-2470.386
2026-08-21 18:34:17.816,obj002,1122.485,90.100,-1785.305
2026-08-21 18:34:17.816,obj003,317.204,90.100,-1831.629
2026-08-21 18:34:17.816,obj004,766.093,90.100,-2847.302
2026-08-21 18:34:17.833,obj001,1284.312,90.100,-2470.386
2026-08-21 18:34:17.833,obj002,1122.485,90.100,-1785.305
2026-08-21 18:34:17.833,obj003,317.204,90.100,-1831.629
2026-08-21 18:34:17.833,obj004,766.093,90.100,-2847.302
2026-08-21 18:34:17.850,obj001,1287.077,90.100,-2469.943
2026-08-21 18:34:17.850,obj002,1123.221,90.100,-1788.436
2026-08-21 18:34:17.850,obj003,316.034,90.100,-1834.834
2026-08-21 18:34:17.850,obj004,768.199,90.100,-2849.788
2026-08-21 18:34:17.866,obj001,1287.077,90.100,-2469.943
2026-08-21 18:34:17.866,obj002,1123.221,90.100,-1788.436
2026-08-21 18:34:17.866,obj003,316.034,90.100,-1834.834
2026-08-21 18:34:17.866,obj004,768.199,90.100,-2849.788
2026-08-21 18:34:17.883,obj001,1289.830,90.100,-2469.430
2026-08-21 18:34:17.883,obj002,1123.970,90.100,-1791.565
2026-08-21 18:34:17.883,obj003,314.865,90.100,-1838.038
2026-08-21 18:34:17.883,obj004,770.377,90.100,-2852.210
2026-08-21 18:34:17.900,obj001,1289.830,90.100,-2469.430
2026-08-21 18:34:17.900,obj002,1123.970,90.100,-1791.565
2026-08-21 18:34:17.900,obj003,314.865,90.100,-1838.038
2026-08-21 18:34:17.900,obj004,770.377,90.100,-2852.210
2026-08-21 18:34:17.916,obj001,1292.569,90.100,-2468.847
2026-08-21 18:34:17.916,obj002,1124.731,90.100,-1794.690
2026-08-21 18:34:17.916,obj003,313.695,90.100,-1841.243
2026-08-21 18:34:17.916,obj004,772.627,90.100,-2854.566
2026-08-21 18:34:17.933,obj001,1292.569,90.100,-2468.847
2026-08-21 18:34:17.933,obj002,1124.731,90.100,-1794.690
2026-08-21 18:34:17.933,obj003,313.695,90.100,-1841.243
2026-08-21 18:34:17.933,obj004,772.627,90.100,-2854.566
2026-08-21 18:34:17.966,obj001,1295.292,90.100,-2468.193
2026-08-21 18:34:17.966,obj002,1125.505,90.100,-1797.813
2026-08-21 18:34:17.966,obj003,312.525,90.100,-1844.447
2026-08-21 18:34:17.966,obj004,774.945,90.100,-2856.855
2026-08-21 18:34:17.983,obj001,1297.998,90.100,-2467.470
2026-08-21 18:34:17.983,obj002,1126.290,90.100,-1800.932
2026-08-21 18:34:17.983,obj003,311.356,90.100,-1847.652
2026-08-21 18:34:17.983,obj004,777.330,90.100,-2859.073
2026-08-21 18:34:18.000,obj001,1297.998,90.100,-2467.470
2026-08-21 18:34:18.000,obj002,1126.290,90.100,-1800.932
2026-08-21 18:34:18.000,obj003,311.356,90.100,-1847.652
2026-08-21 18:34:18.000,obj004,777.330,90.100,-2859.073
2026-08-21 18:34:18.016,obj001,1300.684,90.100,-2466.677
2026-08-21 18:34:18.016,obj002,1127.087,90.100,-1804.048
2026-08-21 18:34:18.016,obj003,310.186,90.100,-1850.857
2026-08-21 18:34:18.016,obj004,779.781,90.100,-2861.221
2026-08-21 18:34:18.033,obj001,1300.684,90.100,-2466.677
2026-08-21 18:34:18.033,obj002,1127.087,90.100,-1804.048
2026-08-21 18:34:18.033,obj003,310.186,90.100,-1850.857
2026-08-21 18:34:18.033,obj004,779.781,90.100,-2861.221
2026-08-21 18:34:18.066,obj001,1303.348,90.100,-2465.817
2026-08-21 18:34:18.066,obj002,1127.898,90.100,-1807.161
2026-08-21 18:34:18.066,obj003,309.016,90.100,-1854.061
2026-08-21 18:34:18.066,obj004,782.293,90.100,-2863.294
2026-08-21 18:34:18.083,obj001,1305.990,90.100,-2464.888
2026-08-21 18:34:18.083,obj002,1128.724,90.100,-1810.270
2026-08-21 18:34:18.083,obj003,307.847,90.100,-1857.266
2026-08-21 18:34:18.083,obj004,784.866,90.100,-2865.292
2026-08-21 18:34:18.100,obj001,1305.990,90.100,-2464.888
2026-08-21 18:34:18.100,obj002,1128.724,90.100,-1810.270
2026-08-21 18:34:18.100,obj003,307.847,90.100,-1857.266
2026-08-21 18:34:18.100,obj004,784.866,90.100,-2865.292
2026-08-21 18:34:18.116,obj001,1308.607,90.100,-2463.891
2026-08-21 18:34:18.116,obj002,1129.560,90.100,-1813.376
2026-08-21 18:34:18.116,obj003,306.677,90.100,-1860.470
2026-08-21 18:34:18.116,obj004,787.498,90.100,-2867.212
2026-08-21 18:34:18.133,obj001,1308.607,90.100,-2463.891
2026-08-21 18:34:18.133,obj002,1129.560,90.100,-1813.376
2026-08-21 18:34:18.133,obj003,306.677,90.100,-1860.470
2026-08-21 18:34:18.133,obj004,787.498,90.100,-2867.212
2026-08-21 18:34:18.166,obj001,1311.198,90.100,-2462.828
2026-08-21 18:34:18.166,obj002,1130.411,90.100,-1816.479
2026-08-21 18:34:18.166,obj003,305.507,90.100,-1863.675
2026-08-21 18:34:18.166,obj004,790.185,90.100,-2869.054
2026-08-21 18:34:18.183,obj001,1313.761,90.100,-2461.699
2026-08-21 18:34:18.183,obj002,1131.273,90.100,-1819.578
2026-08-21 18:34:18.183,obj003,304.337,90.100,-1866.880
2026-08-21 18:34:18.183,obj004,792.926,90.100,-2870.815
2026-08-21 18:34:18.200,obj001,1313.761,90.100,-2461.699
2026-08-21 18:34:18.200,obj002,1131.273,90.100,-1819.578
2026-08-21 18:34:18.200,obj003,304.337,90.100,-1866.880
2026-08-21 18:34:18.200,obj004,792.926,90.100,-2870.815
2026-08-21 18:34:18.216,obj001,1316.294,90.100,-2460.505
2026-08-21 18:34:18.216,obj002,1132.150,90.100,-1822.673
2026-08-21 18:34:18.216,obj003,303.168,90.100,-1870.084
2026-08-21 18:34:18.216,obj004,795.717,90.100,-2872.494
2026-08-21 18:34:18.233,obj001,1316.294,90.100,-2460.505
2026-08-21 18:34:18.233,obj002,1132.150,90.100,-1822.673
2026-08-21 18:34:18.233,obj003,303.168,90.100,-1870.084
2026-08-21 18:34:18.233,obj004,795.717,90.100,-2872.494
2026-08-21 18:34:18.250,obj001,1318.795,90.100,-2459.246
2026-08-21 18:34:18.250,obj002,1133.038,90.100,-1825.765
2026-08-21 18:34:18.250,obj003,301.998,90.100,-1873.289
2026-08-21 18:34:18.250,obj004,798.558,90.100,-2874.089
2026-08-21 18:34:18.266,obj001,1318.795,90.100,-2459.246
2026-08-21 18:34:18.266,obj002,1133.038,90.100,-1825.765
2026-08-21 18:34:18.266,obj003,301.998,90.100,-1873.289
2026-08-21 18:34:18.266,obj004,798.558,90.100,-2874.089
2026-08-21 18:34:18.283,obj001,1321.264,90.100,-2457.924
2026-08-21 18:34:18.283,obj002,1133.940,90.100,-1828.852
2026-08-21 18:34:18.283,obj003,300.828,90.100,-1876.493
2026-08-21 18:34:18.283,obj004,801.444,90.100,-2875.600
2026-08-21 18:34:18.300,obj001,1321.264,90.100,-2457.924
2026-08-21 18:34:18.300,obj002,1133.940,90.100,-1828.852
2026-08-21 18:34:18.300,obj003,300.828,90.100,-1876.493
2026-08-21 18:34:18.300,obj004,801.444,90.100,-2875.600
2026-08-21 18:34:18.316,obj001,1323.697,90.100,-2456.538
2026-08-21 18:34:18.316,obj002,1134.853,90.100,-1831.937
2026-08-21 18:34:18.316,obj003,299.659,90.100,-1879.698
2026-08-21 18:34:18.316,obj004,804.374,90.100,-2877.024
2026-08-21 18:34:18.333,obj001,1323.697,90.100,-2456.538
2026-08-21 18:34:18.333,obj002,1134.853,90.100,-1831.937
2026-08-21 18:34:18.333,obj003,299.659,90.100,-1879.698
2026-08-21 18:34:18.333,obj004,804.374,90.100,-2877.024
2026-08-21 18:34:18.350,obj001,1326.095,90.100,-2455.091
2026-08-21 18:34:18.350,obj002,1135.780,90.100,-1835.017
2026-08-21 18:34:18.350,obj003,298.489,90.100,-1882.903
2026-08-21 18:34:18.350,obj004,807.345,90.100,-2878.360
2026-08-21 18:34:18.366,obj001,1326.095,90.100,-2455.091
2026-08-21 18:34:18.366,obj002,1135.780,90.100,-1835.017
2026-08-21 18:34:18.366,obj003,298.489,90.100,-1882.903
2026-08-21 18:34:18.366,obj004,807.345,90.100,-2878.360
2026-08-21 18:34:18.383,obj001,1328.454,90.100,-2453.583
2026-08-21 18:34:18.383,obj002,1136.720,90.100,-1838.094
2026-08-21 18:34:18.383,obj003,297.320,90.100,-1886.107
2026-08-21 18:34:18.383,obj004,810.354,90.100,-2879.608
2026-08-21 18:34:18.400,obj001,1328.454,90.100,-2453.583
2026-08-21 18:34:18.400,obj002,1136.720,90.100,-1838.094
2026-08-21 18:34:18.400,obj003,297.320,90.100,-1886.107
2026-08-21 18:34:18.400,obj004,810.354,90.100,-2879.608
2026-08-21 18:34:18.416,obj001,1330.774,90.100,-2452.015
2026-08-21 18:34:18.416,obj002,1137.672,90.100,-1841.166
2026-08-21 18:34:18.416,obj003,296.150,90.100,-1889.312
2026-08-21 18:34:18.416,obj004,813.399,90.100,-2880.766
2026-08-21 18:34:18.433,obj001,1330.774,90.100,-2452.015
2026-08-21 18:34:18.433,obj002,1137.672,90.100,-1841.166
2026-08-21 18:34:18.433,obj003,296.150,90.100,-1889.312
2026-08-21 18:34:18.433,obj004,813.399,90.100,-2880.766
2026-08-21 18:34:18.450,obj001,1333.054,90.100,-2450.387
2026-08-21 18:34:18.450,obj002,1138.637,90.100,-1844.235
2026-08-21 18:34:18.450,obj003,294.980,90.100,-1892.516
2026-08-21 18:34:18.450,obj004,816.477,90.100,-2881.833
2026-08-21 18:34:18.466,obj001,1333.054,90.100,-2450.387
2026-08-21 18:34:18.466,obj002,1138.637,90.100,-1844.235
2026-08-21 18:34:18.466,obj003,294.980,90.100,-1892.516
2026-08-21 18:34:18.466,obj004,816.477,90.100,-2881.833
2026-08-21 18:34:18.483,obj001,1335.290,90.100,-2448.702
2026-08-21 18:34:18.483,obj002,1139.616,90.100,-1847.299
2026-08-21 18:34:18.483,obj003,293.811,90.100,-1895.721
2026-08-21 18:34:18.483,obj004,819.586,90.100,-2882.808
2026-08-21 18:34:18.500,obj001,1335.290,90.100,-2448.702
2026-08-21 18:34:18.500,obj002,1139.616,90.100,-1847.299
2026-08-21 18:34:18.500,obj003,293.811,90.100,-1895.721
2026-08-21 18:34:18.500,obj004,819.586,90.100,-2882.808
2026-08-21 18:34:18.516,obj001,1337.483,90.100,-2446.961
2026-08-21 18:34:18.516,obj002,1140.609,90.100,-1850.359
2026-08-21 18:34:18.516,obj003,292.643,90.100,-1899.002
2026-08-21 18:34:18.516,obj004,822.721,90.100,-2883.690
2026-08-21 18:34:18.533,obj001,1337.483,90.100,-2446.961
2026-08-21 18:34:18.533,obj002,1140.609,90.100,-1850.359
2026-08-21 18:34:18.533,obj003,292.643,90.100,-1899.002
2026-08-21 18:34:18.533,obj004,822.721,90.100,-2883.690
2026-08-21 18:34:18.566,obj001,1339.631,90.100,-2445.163
2026-08-21 18:34:18.566,obj002,1141.612,90.100,-1853.415
2026-08-21 18:34:18.566,obj003,291.579,90.100,-1902.317
2026-08-21 18:34:18.566,obj004,825.882,90.100,-2884.479
2026-08-21 18:34:18.583,obj001,1341.731,90.100,-2443.311
2026-08-21 18:34:18.583,obj002,1142.628,90.100,-1856.467
2026-08-21 18:34:18.583,obj003,290.621,90.100,-1905.665
2026-08-21 18:34:18.583,obj004,829.065,90.100,-2885.174
2026-08-21 18:34:18.600,obj001,1341.731,90.100,-2443.311
2026-08-21 18:34:18.600,obj002,1142.628,90.100,-1856.467
2026-08-21 18:34:18.600,obj003,290.621,90.100,-1905.665
2026-08-21 18:34:18.600,obj004,829.065,90.100,-2885.174
2026-08-21 18:34:18.633,obj001,1343.784,90.100,-2441.406
2026-08-21 18:34:18.633,obj002,1143.658,90.100,-1859.515
2026-08-21 18:34:18.633,obj003,289.770,90.100,-1909.042
2026-08-21 18:34:18.633,obj004,832.267,90.100,-2885.774
2026-08-21 18:34:18.650,obj001,1345.787,90.100,-2439.449
2026-08-21 18:34:18.650,obj002,1144.700,90.100,-1862.558
2026-08-21 18:34:18.650,obj003,289.025,90.100,-1912.443
2026-08-21 18:34:18.650,obj004,835.485,90.100,-2886.279
2026-08-21 18:34:18.666,obj001,1345.787,90.100,-2439.449
2026-08-21 18:34:18.666,obj002,1144.700,90.100,-1862.558
2026-08-21 18:34:18.666,obj003,289.025,90.100,-1912.443
2026-08-21 18:34:18.666,obj004,835.485,90.100,-2886.279
2026-08-21 18:34:18.700,obj001,1347.739,90.100,-2437.441
2026-08-21 18:34:18.700,obj002,1145.756,90.100,-1865.597
2026-08-21 18:34:18.700,obj003,288.389,90.100,-1915.867
2026-08-21 18:34:18.700,obj004,838.717,90.100,-2886.688
2026-08-21 18:34:18.716,obj001,1349.639,90.100,-2435.384
2026-08-21 18:34:18.716,obj002,1146.822,90.100,-1868.632
2026-08-21 18:34:18.716,obj003,287.862,90.100,-1919.309
2026-08-21 18:34:18.716,obj004,841.960,90.100,-2887.001
2026-08-21 18:34:18.733,obj001,1349.639,90.100,-2435.384
2026-08-21 18:34:18.733,obj002,1146.822,90.100,-1868.632
2026-08-21 18:34:18.733,obj003,287.862,90.100,-1919.309
2026-08-21 18:34:18.733,obj004,841.960,90.100,-2887.001
2026-08-21 18:34:18.766,obj001,1351.486,90.100,-2433.279
2026-08-21 18:34:18.766,obj002,1147.903,90.100,-1871.662
2026-08-21 18:34:18.766,obj003,287.444,90.100,-1922.766
2026-08-21 18:34:18.766,obj004,845.210,90.100,-2887.218
2026-08-21 18:34:18.783,obj001,1353.278,90.100,-2431.127
2026-08-21 18:34:18.783,obj002,1148.999,90.100,-1874.686
2026-08-21 18:34:18.783,obj003,287.136,90.100,-1926.234
2026-08-21 18:34:18.783,obj004,848.466,90.100,-2887.338
2026-08-21 18:34:18.800,obj001,1354.153,90.100,-2430.034
2026-08-21 18:34:18.800,obj002,1149.551,90.100,-1876.197
2026-08-21 18:34:18.800,obj003,287.023,90.100,-1927.972
2026-08-21 18:34:18.800,obj004,850.094,90.100,-2887.361
2026-08-21 18:34:18.816,obj001,1355.014,90.100,-2428.930
2026-08-21 18:34:18.816,obj002,1150.106,90.100,-1877.707
2026-08-21 18:34:18.816,obj003,286.937,90.100,-1929.711
2026-08-21 18:34:18.816,obj004,851.723,90.100,-2887.361
2026-08-21 18:34:18.833,obj001,1355.014,90.100,-2428.930
2026-08-21 18:34:18.833,obj002,1150.106,90.100,-1877.707
2026-08-21 18:34:18.833,obj003,286.937,90.100,-1929.711
2026-08-21 18:34:18.833,obj004,851.723,90.100,-2887.361
2026-08-21 18:34:18.866,obj001,1356.694,90.100,-2426.690
2026-08-21 18:34:18.866,obj002,1151.226,90.100,-1880.722
2026-08-21 18:34:18.866,obj003,286.849,90.100,-1933.192
2026-08-21 18:34:18.866,obj004,854.980,90.100,-2887.287
2026-08-21 18:34:18.883,obj001,1358.316,90.100,-2424.406
2026-08-21 18:34:18.883,obj002,1152.357,90.100,-1883.733
2026-08-21 18:34:18.883,obj003,286.871,90.100,-1936.674
2026-08-21 18:34:18.883,obj004,858.233,90.100,-2887.117
2026-08-21 18:34:18.900,obj001,1358.316,90.100,-2424.406
2026-08-21 18:34:18.900,obj002,1152.357,90.100,-1883.733
2026-08-21 18:34:18.900,obj003,286.871,90.100,-1936.674
2026-08-21 18:34:18.900,obj004,858.233,90.100,-2887.117
2026-08-21 18:34:18.933,obj001,1359.878,90.100,-2422.082
2026-08-21 18:34:18.933,obj002,1153.499,90.100,-1886.741
2026-08-21 18:34:18.933,obj003,287.003,90.100,-1940.154
2026-08-21 18:34:18.933,obj004,861.480,90.100,-2886.851
2026-08-21 18:34:18.950,obj001,1361.381,90.100,-2419.719
2026-08-21 18:34:18.950,obj002,1154.653,90.100,-1889.743
2026-08-21 18:34:18.950,obj003,287.246,90.100,-1943.627
2026-08-21 18:34:18.950,obj004,864.718,90.100,-2886.488
2026-08-21 18:34:18.966,obj001,1361.381,90.100,-2419.719
2026-08-21 18:34:18.966,obj002,1154.653,90.100,-1889.743
2026-08-21 18:34:18.966,obj003,287.246,90.100,-1943.627
2026-08-21 18:34:18.966,obj004,864.718,90.100,-2886.488
2026-08-21 18:34:18.983,obj001,1362.822,90.100,-2417.318
2026-08-21 18:34:18.983,obj002,1155.819,90.100,-1892.741
2026-08-21 18:34:18.983,obj003,287.598,90.100,-1947.092
2026-08-21 18:34:18.983,obj004,867.943,90.100,-2886.029
2026-08-21 18:34:19.000,obj001,1362.822,90.100,-2417.318
2026-08-21 18:34:19.000,obj002,1155.819,90.100,-1892.741
2026-08-21 18:34:19.000,obj003,287.598,90.100,-1947.092
2026-08-21 18:34:19.000,obj004,867.943,90.100,-2886.029
2026-08-21 18:34:19.033,obj001,1364.201,90.100,-2414.881
2026-08-21 18:34:19.033,obj002,1156.997,90.100,-1895.734
2026-08-21 18:34:19.033,obj003,288.060,90.100,-1950.543
2026-08-21 18:34:19.033,obj004,871.153,90.100,-2885.475
2026-08-21 18:34:19.050,obj001,1365.518,90.100,-2412.410
2026-08-21 18:34:19.050,obj002,1158.187,90.100,-1898.723
2026-08-21 18:34:19.050,obj003,288.631,90.100,-1953.978
2026-08-21 18:34:19.050,obj004,874.345,90.100,-2884.826
2026-08-21 18:34:19.066,obj001,1366.152,90.100,-2411.161
2026-08-21 18:34:19.066,obj002,1158.786,90.100,-1900.216
2026-08-21 18:34:19.066,obj003,288.957,90.100,-1955.688
2026-08-21 18:34:19.066,obj004,875.934,90.100,-2884.466
2026-08-21 18:34:19.083,obj001,1366.771,90.100,-2409.905
2026-08-21 18:34:19.083,obj002,1159.388,90.100,-1901.707
2026-08-21 18:34:19.083,obj003,289.310,90.100,-1957.393
2026-08-21 18:34:19.083,obj004,877.517,90.100,-2884.082
2026-08-21 18:34:19.100,obj001,1366.771,90.100,-2409.905
2026-08-21 18:34:19.100,obj002,1159.388,90.100,-1901.707
2026-08-21 18:34:19.100,obj003,289.310,90.100,-1957.393
2026-08-21 18:34:19.100,obj004,877.517,90.100,-2884.082
2026-08-21 18:34:19.133,obj001,1367.959,90.100,-2407.369
2026-08-21 18:34:19.133,obj002,1160.600,90.100,-1904.687
2026-08-21 18:34:19.133,obj003,290.097,90.100,-1960.785
2026-08-21 18:34:19.133,obj004,880.665,90.100,-2883.245
2026-08-21 18:34:19.150,obj001,1369.082,90.100,-2404.804
2026-08-21 18:34:19.150,obj002,1161.824,90.100,-1907.662
2026-08-21 18:34:19.150,obj003,290.992,90.100,-1964.151
2026-08-21 18:34:19.150,obj004,883.787,90.100,-2882.315
2026-08-21 18:34:19.166,obj001,1369.082,90.100,-2404.804
2026-08-21 18:34:19.166,obj002,1161.824,90.100,-1907.662
2026-08-21 18:34:19.166,obj003,290.992,90.100,-1964.151
2026-08-21 18:34:19.166,obj004,883.787,90.100,-2882.315
2026-08-21 18:34:19.200,obj001,1370.138,90.100,-2402.210
2026-08-21 18:34:19.200,obj002,1163.059,90.100,-1910.632
2026-08-21 18:34:19.200,obj003,291.992,90.100,-1967.486
2026-08-21 18:34:19.200,obj004,886.880,90.100,-2881.292
2026-08-21 18:34:19.216,obj001,1371.128,90.100,-2399.591
2026-08-21 18:34:19.216,obj002,1164.305,90.100,-1913.597
2026-08-21 18:34:19.216,obj003,293.097,90.100,-1970.788
2026-08-21 18:34:19.216,obj004,889.941,90.100,-2880.178
2026-08-21 18:34:19.233,obj001,1371.128,90.100,-2399.591
2026-08-21 18:34:19.233,obj002,1164.305,90.100,-1913.597
2026-08-21 18:34:19.233,obj003,293.097,90.100,-1970.788
2026-08-21 18:34:19.233,obj004,889.941,90.100,-2880.178
2026-08-21 18:34:19.266,obj001,1372.051,90.100,-2396.947
2026-08-21 18:34:19.266,obj002,1165.562,90.100,-1916.559
2026-08-21 18:34:19.266,obj003,294.307,90.100,-1974.053
2026-08-21 18:34:19.266,obj004,892.968,90.100,-2878.973
2026-08-21 18:34:19.283,obj001,1372.905,90.100,-2394.280
2026-08-21 18:34:19.283,obj002,1166.829,90.100,-1919.515
2026-08-21 18:34:19.283,obj003,295.619,90.100,-1977.279
2026-08-21 18:34:19.283,obj004,895.958,90.100,-2877.679
2026-08-21 18:34:19.300,obj001,1372.905,90.100,-2394.280
2026-08-21 18:34:19.300,obj002,1166.829,90.100,-1919.515
2026-08-21 18:34:19.300,obj003,295.619,90.100,-1977.279
2026-08-21 18:34:19.300,obj004,895.958,90.100,-2877.679
2026-08-21 18:34:19.333,obj001,1373.691,90.100,-2391.592
2026-08-21 18:34:19.333,obj002,1168.107,90.100,-1922.467
2026-08-21 18:34:19.333,obj003,297.033,90.100,-1980.461
2026-08-21 18:34:19.333,obj004,898.908,90.100,-2876.297
2026-08-21 18:34:19.350,obj001,1374.407,90.100,-2388.884
2026-08-21 18:34:19.350,obj002,1169.396,90.100,-1925.414
2026-08-21 18:34:19.350,obj003,298.547,90.100,-1983.597
2026-08-21 18:34:19.350,obj004,901.816,90.100,-2874.828
2026-08-21 18:34:19.366,obj001,1374.407,90.100,-2388.884
2026-08-21 18:34:19.366,obj002,1169.396,90.100,-1925.414
2026-08-21 18:34:19.366,obj003,298.547,90.100,-1983.597
2026-08-21 18:34:19.366,obj004,901.816,90.100,-2874.828
2026-08-21 18:34:19.400,obj001,1375.054,90.100,-2386.160
2026-08-21 18:34:19.400,obj002,1170.694,90.100,-1928.357
2026-08-21 18:34:19.400,obj003,300.159,90.100,-1986.684
2026-08-21 18:34:19.400,obj004,904.678,90.100,-2873.274
2026-08-21 18:34:19.416,obj001,1375.631,90.100,-2383.419
2026-08-21 18:34:19.416,obj002,1172.003,90.100,-1931.296
2026-08-21 18:34:19.416,obj003,301.869,90.100,-1989.717
2026-08-21 18:34:19.416,obj004,907.494,90.100,-2871.635
2026-08-21 18:34:19.433,obj001,1375.631,90.100,-2383.419
2026-08-21 18:34:19.433,obj002,1172.003,90.100,-1931.296
2026-08-21 18:34:19.433,obj003,301.869,90.100,-1989.717
2026-08-21 18:34:19.433,obj004,907.494,90.100,-2871.635
2026-08-21 18:34:19.466,obj001,1376.137,90.100,-2380.665
2026-08-21 18:34:19.466,obj002,1173.322,90.100,-1934.230
2026-08-21 18:34:19.466,obj003,303.673,90.100,-1992.695
2026-08-21 18:34:19.466,obj004,910.259,90.100,-2869.914
2026-08-21 18:34:19.483,obj001,1376.573,90.100,-2377.899
2026-08-21 18:34:19.483,obj002,1174.651,90.100,-1937.159
2026-08-21 18:34:19.483,obj003,305.571,90.100,-1995.615
2026-08-21 18:34:19.483,obj004,912.973,90.100,-2868.111
2026-08-21 18:34:19.500,obj001,1376.573,90.100,-2377.899
2026-08-21 18:34:19.500,obj002,1174.651,90.100,-1937.159
2026-08-21 18:34:19.500,obj003,305.571,90.100,-1995.615
2026-08-21 18:34:19.500,obj004,912.973,90.100,-2868.111
2026-08-21 18:34:19.533,obj001,1376.938,90.100,-2375.122
2026-08-21 18:34:19.533,obj002,1175.989,90.100,-1940.085
2026-08-21 18:34:19.533,obj003,307.549,90.100,-1998.481
2026-08-21 18:34:19.533,obj004,915.631,90.100,-2866.228
2026-08-21 18:34:19.550,obj001,1377.231,90.100,-2372.337
2026-08-21 18:34:19.550,obj002,1177.336,90.100,-1943.006
2026-08-21 18:34:19.550,obj003,309.545,90.100,-2001.334
2026-08-21 18:34:19.550,obj004,918.232,90.101,-2864.268
2026-08-21 18:34:19.566,obj001,1377.231,90.100,-2372.337
2026-08-21 18:34:19.566,obj002,1177.336,90.100,-1943.006
2026-08-21 18:34:19.566,obj003,309.545,90.100,-2001.334
2026-08-21 18:34:19.566,obj004,918.232,90.101,-2864.268
2026-08-21 18:34:19.600,obj001,1377.453,90.100,-2369.546
2026-08-21 18:34:19.600,obj002,1178.690,90.100,-1945.924
2026-08-21 18:34:19.600,obj003,311.550,90.100,-2004.181
2026-08-21 18:34:19.600,obj004,920.775,90.100,-2862.230
2026-08-21 18:34:19.616,obj001,1377.604,90.100,-2366.749
2026-08-21 18:34:19.616,obj002,1180.053,90.100,-1948.837
2026-08-21 18:34:19.616,obj003,313.564,90.100,-2007.022
2026-08-21 18:34:19.616,obj004,923.256,90.100,-2860.119
2026-08-21 18:34:19.633,obj001,1377.604,90.100,-2366.749
2026-08-21 18:34:19.633,obj002,1180.053,90.100,-1948.837
2026-08-21 18:34:19.633,obj003,313.564,90.100,-2007.022
2026-08-21 18:34:19.633,obj004,923.256,90.100,-2860.119
2026-08-21 18:34:19.666,obj001,1377.682,90.100,-2363.950
2026-08-21 18:34:19.666,obj002,1181.425,90.100,-1951.747
2026-08-21 18:34:19.666,obj003,315.587,90.100,-2009.857
2026-08-21 18:34:19.666,obj004,925.672,90.100,-2857.934
2026-08-21 18:34:19.683,obj001,1377.689,90.100,-2361.150
2026-08-21 18:34:19.683,obj002,1182.805,90.100,-1954.653
2026-08-21 18:34:19.683,obj003,317.618,90.100,-2012.685
2026-08-21 18:34:19.683,obj004,928.023,90.100,-2855.679
2026-08-21 18:34:19.700,obj001,1377.689,90.100,-2361.150
2026-08-21 18:34:19.700,obj002,1182.805,90.100,-1954.653
2026-08-21 18:34:19.700,obj003,317.618,90.100,-2012.685
2026-08-21 18:34:19.700,obj004,928.023,90.100,-2855.679
2026-08-21 18:34:19.733,obj001,1377.625,90.100,-2358.350
2026-08-21 18:34:19.733,obj002,1184.195,90.100,-1957.554
2026-08-21 18:34:19.733,obj003,319.658,90.100,-2015.508
2026-08-21 18:34:19.733,obj004,930.306,90.100,-2853.355
2026-08-21 18:34:19.750,obj001,1377.488,90.100,-2355.553
2026-08-21 18:34:19.750,obj002,1185.591,90.100,-1960.452
2026-08-21 18:34:19.750,obj003,321.707,90.100,-2018.323
2026-08-21 18:34:19.750,obj004,932.520,90.100,-2850.965
2026-08-21 18:34:19.766,obj001,1377.488,90.100,-2355.553
2026-08-21 18:34:19.766,obj002,1185.591,90.100,-1960.452
2026-08-21 18:34:19.766,obj003,321.707,90.100,-2018.323
2026-08-21 18:34:19.766,obj004,932.520,90.100,-2850.965
2026-08-21 18:34:19.800,obj001,1377.280,90.100,-2352.760
2026-08-21 18:34:19.800,obj002,1186.994,90.100,-1963.347
2026-08-21 18:34:19.800,obj003,323.764,90.100,-2021.133
2026-08-21 18:34:19.800,obj004,934.661,90.100,-2848.509
2026-08-21 18:34:19.816,obj001,1377.000,90.100,-2349.974
2026-08-21 18:34:19.816,obj002,1188.405,90.100,-1966.237
2026-08-21 18:34:19.816,obj003,325.830,90.100,-2023.936
2026-08-21 18:34:19.816,obj004,936.728,90.100,-2845.991
2026-08-21 18:34:19.833,obj001,1377.000,90.100,-2349.974
2026-08-21 18:34:19.833,obj002,1188.405,90.100,-1966.237
2026-08-21 18:34:19.833,obj003,325.830,90.100,-2023.936
2026-08-21 18:34:19.833,obj004,936.728,90.100,-2845.991
2026-08-21 18:34:19.866,obj001,1376.649,90.100,-2347.195
2026-08-21 18:34:19.866,obj002,1189.823,90.100,-1969.125
2026-08-21 18:34:19.866,obj003,327.905,90.100,-2026.733
2026-08-21 18:34:19.866,obj004,938.720,90.100,-2843.414
2026-08-21 18:34:19.883,obj001,1376.227,90.100,-2344.427
2026-08-21 18:34:19.883,obj002,1191.247,90.100,-1972.009
2026-08-21 18:34:19.883,obj003,329.989,90.100,-2029.523
2026-08-21 18:34:19.883,obj004,940.634,90.100,-2840.778
2026-08-21 18:34:19.900,obj001,1376.227,90.100,-2344.427
2026-08-21 18:34:19.900,obj002,1191.247,90.100,-1972.009
2026-08-21 18:34:19.900,obj003,329.989,90.100,-2029.523
2026-08-21 18:34:19.900,obj004,940.634,90.100,-2840.778
2026-08-21 18:34:19.933,obj001,1375.734,90.100,-2341.670
2026-08-21 18:34:19.933,obj002,1192.676,90.100,-1974.891
2026-08-21 18:34:19.933,obj003,332.081,90.100,-2032.307
2026-08-21 18:34:19.933,obj004,942.469,90.100,-2838.086
2026-08-21 18:34:19.950,obj001,1375.170,90.100,-2338.927
2026-08-21 18:34:19.950,obj002,1194.110,90.100,-1977.770
2026-08-21 18:34:19.950,obj003,334.181,90.100,-2035.084
2026-08-21 18:34:19.950,obj004,944.224,90.100,-2835.342
2026-08-21 18:34:19.966,obj001,1375.170,90.100,-2338.927
2026-08-21 18:34:19.966,obj002,1194.110,90.100,-1977.770
2026-08-21 18:34:19.966,obj003,334.181,90.100,-2035.084
2026-08-21 18:34:19.966,obj004,944.224,90.100,-2835.342
2026-08-21 18:34:20.000,obj001,1374.537,90.100,-2336.199
2026-08-21 18:34:20.000,obj002,1195.549,90.100,-1980.648
2026-08-21 18:34:20.000,obj003,336.290,90.100,-2037.855
2026-08-21 18:34:20.000,obj004,945.896,90.100,-2832.546
2026-08-21 18:34:20.016,obj001,1373.834,90.100,-2333.489
2026-08-21 18:34:20.016,obj002,1196.993,90.100,-1983.522
2026-08-21 18:34:20.016,obj003,338.408,90.096,-2040.621
2026-08-21 18:34:20.016,obj004,947.485,90.100,-2829.702
2026-08-21 18:34:20.033,obj001,1373.834,90.100,-2333.489
2026-08-21 18:34:20.033,obj002,1196.993,90.100,-1983.522
2026-08-21 18:34:20.033,obj003,338.408,90.096,-2040.621
2026-08-21 18:34:20.033,obj004,947.485,90.100,-2829.702
2026-08-21 18:34:20.066,obj001,1373.061,90.100,-2330.797
2026-08-21 18:34:20.066,obj002,1198.442,90.100,-1986.394
2026-08-21 18:34:20.066,obj003,340.533,90.099,-2043.379
2026-08-21 18:34:20.066,obj004,948.988,90.100,-2826.811
2026-08-21 18:34:20.083,obj001,1372.220,90.100,-2328.126
2026-08-21 18:34:20.083,obj002,1199.896,90.100,-1989.264
2026-08-21 18:34:20.083,obj003,342.667,90.100,-2046.131
2026-08-21 18:34:20.083,obj004,950.405,90.100,-2823.878
2026-08-21 18:34:20.100,obj001,1371.774,90.100,-2326.799
2026-08-21 18:34:20.100,obj002,1200.623,90.100,-1990.698
2026-08-21 18:34:20.100,obj003,343.737,90.100,-2047.504
2026-08-21 18:34:20.100,obj004,951.081,90.100,-2822.396
2026-08-21 18:34:20.116,obj001,1371.311,90.100,-2325.477
2026-08-21 18:34:20.116,obj002,1201.351,90.100,-1992.132
2026-08-21 18:34:20.116,obj003,344.809,90.100,-2048.876
2026-08-21 18:34:20.116,obj004,951.735,90.100,-2820.904
2026-08-21 18:34:20.133,obj001,1371.311,90.100,-2325.477
2026-08-21 18:34:20.133,obj002,1201.351,90.100,-1992.132
2026-08-21 18:34:20.133,obj003,344.809,90.100,-2048.876
2026-08-21 18:34:20.133,obj004,951.735,90.100,-2820.904
2026-08-21 18:34:20.166,obj001,1370.334,90.100,-2322.853
2026-08-21 18:34:20.166,obj002,1202.813,90.100,-1994.998
2026-08-21 18:34:20.166,obj003,346.959,90.100,-2051.615
2026-08-21 18:34:20.166,obj004,952.975,90.100,-2817.892
2026-08-21 18:34:20.183,obj001,1369.290,90.100,-2320.254
2026-08-21 18:34:20.183,obj002,1204.279,90.094,-1997.870
2026-08-21 18:34:20.183,obj003,349.117,90.100,-2054.348
2026-08-21 18:34:20.183,obj004,954.126,90.100,-2814.844
2026-08-21 18:34:20.200,obj001,1369.290,90.100,-2320.254
2026-08-21 18:34:20.200,obj002,1204.279,90.094,-1997.870
2026-08-21 18:34:20.200,obj003,349.117,90.100,-2054.348
2026-08-21 18:34:20.200,obj004,954.126,90.100,-2814.844
2026-08-21 18:34:20.233,obj001,1368.180,90.100,-2317.683
2026-08-21 18:34:20.233,obj002,1205.742,90.099,-2000.733
2026-08-21 18:34:20.233,obj003,351.283,90.100,-2057.075
2026-08-21 18:34:20.233,obj004,955.185,90.100,-2811.764
2026-08-21 18:34:20.250,obj001,1367.004,90.100,-2315.142
2026-08-21 18:34:20.250,obj002,1207.207,90.100,-2003.597
2026-08-21 18:34:20.250,obj003,353.457,90.100,-2059.795
2026-08-21 18:34:20.250,obj004,956.153,90.100,-2808.653
2026-08-21 18:34:20.266,obj001,1367.004,90.100,-2315.142
2026-08-21 18:34:20.266,obj002,1207.207,90.100,-2003.597
2026-08-21 18:34:20.266,obj003,353.457,90.100,-2059.795
2026-08-21 18:34:20.266,obj004,956.153,90.100,-2808.653
2026-08-21 18:34:20.300,obj001,1365.764,90.100,-2312.631
2026-08-21 18:34:20.300,obj002,1208.675,90.100,-2006.459
2026-08-21 18:34:20.300,obj003,355.638,90.100,-2062.509
2026-08-21 18:34:20.300,obj004,957.028,90.100,-2805.515
2026-08-21 18:34:20.316,obj001,1364.486,90.100,-2310.139
2026-08-21 18:34:20.316,obj002,1210.142,90.100,-2009.322
2026-08-21 18:34:20.316,obj003,357.827,90.100,-2065.218
2026-08-21 18:34:20.316,obj004,957.810,90.100,-2802.353
2026-08-21 18:34:20.333,obj001,1363.847,90.100,-2308.893
2026-08-21 18:34:20.333,obj002,1210.877,90.100,-2010.753
2026-08-21 18:34:20.333,obj003,358.925,90.100,-2066.570
2026-08-21 18:34:20.333,obj004,958.165,90.100,-2800.763
2026-08-21 18:34:20.350,obj001,1363.191,90.100,-2307.655
2026-08-21 18:34:20.350,obj002,1211.634,90.100,-2012.171
2026-08-21 18:34:20.350,obj003,360.024,90.100,-2067.920
2026-08-21 18:34:20.350,obj004,958.497,90.100,-2799.168
2026-08-21 18:34:20.366,obj001,1363.191,90.100,-2307.655
2026-08-21 18:34:20.366,obj002,1211.634,90.100,-2012.171
2026-08-21 18:34:20.366,obj003,360.024,90.100,-2067.920
2026-08-21 18:34:20.366,obj004,958.497,90.100,-2799.168
2026-08-21 18:34:20.400,obj001,1361.834,90.100,-2305.206
2026-08-21 18:34:20.400,obj002,1213.215,90.100,-2014.973
2026-08-21 18:34:20.400,obj003,362.227,90.100,-2070.616
2026-08-21 18:34:20.400,obj004,959.089,90.100,-2795.965
2026-08-21 18:34:20.416,obj001,1360.414,90.100,-2302.793
2026-08-21 18:34:20.416,obj002,1214.888,90.100,-2017.720
2026-08-21 18:34:20.416,obj003,364.438,90.100,-2073.307
2026-08-21 18:34:20.416,obj004,959.586,90.100,-2792.746
2026-08-21 18:34:20.433,obj001,1360.414,90.100,-2302.793
2026-08-21 18:34:20.433,obj002,1214.888,90.100,-2017.720
2026-08-21 18:34:20.433,obj003,364.438,90.100,-2073.307
2026-08-21 18:34:20.433,obj004,959.586,90.100,-2792.746
2026-08-21 18:34:20.466,obj001,1358.933,90.100,-2300.416
2026-08-21 18:34:20.466,obj002,1216.648,90.100,-2020.413
2026-08-21 18:34:20.466,obj003,366.656,90.100,-2075.991
2026-08-21 18:34:20.466,obj004,959.988,90.100,-2789.513
2026-08-21 18:34:20.483,obj001,1357.391,90.100,-2298.079
2026-08-21 18:34:20.483,obj002,1218.494,90.100,-2023.048
2026-08-21 18:34:20.483,obj003,368.881,90.100,-2078.671
2026-08-21 18:34:20.483,obj004,960.293,90.100,-2786.269
2026-08-21 18:34:20.500,obj001,1357.391,90.100,-2298.079
2026-08-21 18:34:20.500,obj002,1218.494,90.100,-2023.048
2026-08-21 18:34:20.500,obj003,368.881,90.100,-2078.671
2026-08-21 18:34:20.500,obj004,960.293,90.100,-2786.269
2026-08-21 18:34:20.533,obj001,1355.789,90.100,-2295.781
2026-08-21 18:34:20.533,obj002,1220.423,90.100,-2025.622
2026-08-21 18:34:20.533,obj003,371.112,90.100,-2081.344
2026-08-21 18:34:20.533,obj004,960.502,90.100,-2783.018
2026-08-21 18:34:20.550,obj001,1354.130,90.100,-2293.526
2026-08-21 18:34:20.550,obj002,1222.432,90.100,-2028.134
2026-08-21 18:34:20.550,obj003,373.350,90.100,-2084.012
2026-08-21 18:34:20.550,obj004,960.614,90.100,-2779.762
2026-08-21 18:34:20.566,obj001,1353.279,90.100,-2292.414
2026-08-21 18:34:20.566,obj002,1223.466,90.100,-2029.365
2026-08-21 18:34:20.566,obj003,374.471,90.100,-2085.344
2026-08-21 18:34:20.566,obj004,960.634,90.100,-2778.134
2026-08-21 18:34:20.583,obj001,1352.413,90.100,-2291.313
2026-08-21 18:34:20.583,obj002,1224.520,90.100,-2030.580
2026-08-21 18:34:20.583,obj003,375.594,90.100,-2086.674
2026-08-21 18:34:20.583,obj004,960.630,90.100,-2776.505
2026-08-21 18:34:20.600,obj001,1352.413,90.100,-2291.313
2026-08-21 18:34:20.600,obj002,1224.520,90.100,-2030.580
2026-08-21 18:34:20.600,obj003,375.594,90.100,-2086.674
2026-08-21 18:34:20.600,obj004,960.630,90.100,-2776.505
2026-08-21 18:34:20.633,obj001,1350.640,90.100,-2289.145
2026-08-21 18:34:20.633,obj002,1226.686,90.100,-2032.958
2026-08-21 18:34:20.633,obj003,377.845,90.100,-2089.332
2026-08-21 18:34:20.633,obj004,960.548,90.100,-2773.248
2026-08-21 18:34:20.650,obj001,1348.813,90.100,-2287.024
2026-08-21 18:34:20.650,obj002,1228.927,90.100,-2035.265
2026-08-21 18:34:20.650,obj003,380.102,90.100,-2091.984
2026-08-21 18:34:20.650,obj004,960.371,90.100,-2769.995
2026-08-21 18:34:20.666,obj001,1347.879,90.100,-2285.981
2026-08-21 18:34:20.666,obj002,1230.076,90.100,-2036.391
2026-08-21 18:34:20.666,obj003,381.233,90.100,-2093.308
2026-08-21 18:34:20.666,obj004,960.246,90.100,-2768.371
2026-08-21 18:34:20.683,obj001,1346.931,90.100,-2284.950
2026-08-21 18:34:20.683,obj002,1231.242,90.100,-2037.499
2026-08-21 18:34:20.683,obj003,382.365,90.100,-2094.631
2026-08-21 18:34:20.683,obj004,960.096,90.100,-2766.749
2026-08-21 18:34:20.700,obj001,1346.931,90.100,-2284.950
2026-08-21 18:34:20.700,obj002,1231.242,90.100,-2037.499
2026-08-21 18:34:20.700,obj003,382.365,90.100,-2094.631
2026-08-21 18:34:20.700,obj004,960.096,90.100,-2766.749
2026-08-21 18:34:20.733,obj001,1344.997,90.100,-2282.925
2026-08-21 18:34:20.733,obj002,1233.627,90.100,-2039.658
2026-08-21 18:34:20.733,obj003,384.632,90.104,-2097.271
2026-08-21 18:34:20.733,obj004,959.726,90.100,-2763.513
2026-08-21 18:34:20.750,obj001,1343.011,90.100,-2280.950
2026-08-21 18:34:20.750,obj002,1236.081,90.100,-2041.738
2026-08-21 18:34:20.750,obj003,386.907,90.101,-2099.909
2026-08-21 18:34:20.750,obj004,959.260,90.100,-2760.289
2026-08-21 18:34:20.766,obj001,1343.011,90.100,-2280.950
2026-08-21 18:34:20.766,obj002,1236.081,90.100,-2041.738
2026-08-21 18:34:20.766,obj003,386.907,90.101,-2099.909
2026-08-21 18:34:20.766,obj004,959.260,90.100,-2760.289
2026-08-21 18:34:20.800,obj001,1340.976,90.100,-2279.026
2026-08-21 18:34:20.800,obj002,1238.581,90.100,-2043.761
2026-08-21 18:34:20.800,obj003,389.186,90.100,-2102.542
2026-08-21 18:34:20.800,obj004,958.698,90.100,-2757.080
2026-08-21 18:34:20.816,obj001,1338.892,90.100,-2277.155
2026-08-21 18:34:20.816,obj002,1241.084,90.100,-2045.782
2026-08-21 18:34:20.816,obj003,391.471,90.100,-2105.170
2026-08-21 18:34:20.816,obj004,958.042,90.100,-2753.889
2026-08-21 18:34:20.833,obj001,1338.892,90.100,-2277.155
2026-08-21 18:34:20.833,obj002,1241.084,90.100,-2045.782
2026-08-21 18:34:20.833,obj003,391.471,90.100,-2105.170
2026-08-21 18:34:20.833,obj004,958.042,90.100,-2753.889
2026-08-21 18:34:20.866,obj001,1336.761,90.100,-2275.339
2026-08-21 18:34:20.866,obj002,1243.588,90.100,-2047.802
2026-08-21 18:34:20.866,obj003,393.760,90.100,-2107.794
2026-08-21 18:34:20.866,obj004,957.291,90.100,-2750.719
2026-08-21 18:34:20.883,obj001,1334.588,90.100,-2273.572
2026-08-21 18:34:20.883,obj002,1246.092,90.100,-2049.821
2026-08-21 18:34:20.883,obj003,396.054,90.100,-2110.414
2026-08-21 18:34:20.883,obj004,956.446,90.100,-2747.573
2026-08-21 18:34:20.900,obj001,1334.588,90.100,-2273.572
2026-08-21 18:34:20.900,obj002,1246.092,90.100,-2049.821
2026-08-21 18:34:20.900,obj003,396.054,90.100,-2110.414
2026-08-21 18:34:20.900,obj004,956.446,90.100,-2747.573
2026-08-21 18:34:20.933,obj001,1332.408,90.100,-2271.814
2026-08-21 18:34:20.933,obj002,1248.597,90.100,-2051.839
2026-08-21 18:34:20.933,obj003,398.353,90.100,-2113.029
2026-08-21 18:34:20.933,obj004,955.508,90.100,-2744.453
2026-08-21 18:34:20.950,obj001,1330.228,90.100,-2270.056
2026-08-21 18:34:20.950,obj002,1251.100,90.100,-2053.859
2026-08-21 18:34:20.950,obj003,400.656,90.100,-2115.642
2026-08-21 18:34:20.950,obj004,954.478,90.100,-2741.362
2026-08-21 18:34:20.966,obj001,1330.228,90.100,-2270.056
2026-08-21 18:34:20.966,obj002,1251.100,90.100,-2053.859
2026-08-21 18:34:20.966,obj003,400.656,90.100,-2115.642
2026-08-21 18:34:20.966,obj004,954.478,90.100,-2741.362
2026-08-21 18:34:21.000,obj001,1328.047,90.100,-2268.299
2026-08-21 18:34:21.000,obj002,1253.606,90.100,-2055.876
2026-08-21 18:34:21.000,obj003,402.962,90.100,-2118.250
2026-08-21 18:34:21.000,obj004,953.357,90.100,-2738.304
2026-08-21 18:34:21.016,obj001,1325.867,90.100,-2266.541
2026-08-21 18:34:21.016,obj002,1256.110,90.100,-2057.895
2026-08-21 18:34:21.016,obj003,405.273,90.100,-2120.855
2026-08-21 18:34:21.016,obj004,952.145,90.100,-2735.280
2026-08-21 18:34:21.033,obj001,1324.777,90.100,-2265.662
2026-08-21 18:34:21.033,obj002,1257.362,90.100,-2058.905
2026-08-21 18:34:21.033,obj003,406.430,90.100,-2122.157
2026-08-21 18:34:21.033,obj004,951.506,90.100,-2733.781
2026-08-21 18:34:21.050,obj001,1323.687,90.100,-2264.783
2026-08-21 18:34:21.050,obj002,1258.615,90.100,-2059.914
2026-08-21 18:34:21.050,obj003,407.587,90.100,-2123.457
2026-08-21 18:34:21.050,obj004,950.844,90.100,-2732.293
2026-08-21 18:34:21.066,obj001,1322.597,90.100,-2263.904
2026-08-21 18:34:21.066,obj002,1259.867,90.100,-2060.923
2026-08-21 18:34:21.066,obj003,408.746,90.100,-2124.757
2026-08-21 18:34:21.066,obj004,950.161,90.100,-2730.814
2026-08-21 18:34:21.083,obj001,1321.507,90.100,-2263.025
2026-08-21 18:34:21.083,obj002,1261.120,90.100,-2061.931
2026-08-21 18:34:21.083,obj003,409.905,90.100,-2126.056
2026-08-21 18:34:21.083,obj004,949.456,90.100,-2729.346
2026-08-21 18:34:21.100,obj001,1321.507,90.100,-2263.025
2026-08-21 18:34:21.100,obj002,1261.120,90.100,-2061.931
2026-08-21 18:34:21.100,obj003,409.905,90.100,-2126.056
2026-08-21 18:34:21.100,obj004,949.456,90.100,-2729.346
2026-08-21 18:34:21.133,obj001,1319.327,90.100,-2261.267
2026-08-21 18:34:21.133,obj002,1263.624,90.100,-2063.950
2026-08-21 18:34:21.133,obj003,412.226,90.100,-2128.653
2026-08-21 18:34:21.133,obj004,947.980,90.100,-2726.442
2026-08-21 18:34:21.150,obj001,1317.146,90.100,-2259.509
2026-08-21 18:34:21.150,obj002,1266.129,90.100,-2065.969
2026-08-21 18:34:21.150,obj003,414.549,90.100,-2131.247
2026-08-21 18:34:21.150,obj004,946.419,90.100,-2723.582
2026-08-21 18:34:21.166,obj001,1317.146,90.100,-2259.509
2026-08-21 18:34:21.166,obj002,1266.129,90.100,-2065.969
2026-08-21 18:34:21.166,obj003,414.549,90.100,-2131.247
2026-08-21 18:34:21.166,obj004,946.419,90.100,-2723.582
2026-08-21 18:34:21.200,obj001,1314.966,90.100,-2257.752
2026-08-21 18:34:21.200,obj002,1268.633,90.100,-2067.988
2026-08-21 18:34:21.200,obj003,416.875,90.100,-2133.838
2026-08-21 18:34:21.200,obj004,944.773,90.100,-2720.771
2026-08-21 18:34:21.216,obj001,1312.786,90.100,-2255.994
2026-08-21 18:34:21.216,obj002,1271.138,90.100,-2070.006
2026-08-21 18:34:21.216,obj003,419.203,90.100,-2136.428
2026-08-21 18:34:21.216,obj004,943.045,90.100,-2718.009
2026-08-21 18:34:21.233,obj001,1311.696,90.100,-2255.115
2026-08-21 18:34:21.233,obj002,1272.390,90.100,-2071.016
2026-08-21 18:34:21.233,obj003,420.368,90.100,-2137.722
2026-08-21 18:34:21.233,obj004,942.151,90.100,-2716.648
2026-08-21 18:34:21.250,obj001,1310.606,90.100,-2254.236
2026-08-21 18:34:21.250,obj002,1273.642,90.100,-2072.025
2026-08-21 18:34:21.250,obj003,421.533,90.100,-2139.016
2026-08-21 18:34:21.250,obj004,941.236,90.100,-2715.300
2026-08-21 18:34:21.266,obj001,1310.606,90.100,-2254.236
2026-08-21 18:34:21.266,obj002,1273.642,90.100,-2072.025
2026-08-21 18:34:21.266,obj003,421.533,90.100,-2139.016
2026-08-21 18:34:21.266,obj004,941.236,90.100,-2715.300
2026-08-21 18:34:21.300,obj001,1308.426,90.100,-2252.478
2026-08-21 18:34:21.300,obj002,1276.146,90.100,-2074.045
2026-08-21 18:34:21.300,obj003,423.865,90.100,-2141.602
2026-08-21 18:34:21.300,obj004,939.347,90.100,-2712.646
2026-08-21 18:34:21.316,obj001,1306.246,90.100,-2250.720
2026-08-21 18:34:21.316,obj002,1278.650,90.100,-2076.064
2026-08-21 18:34:21.316,obj003,426.196,90.110,-2144.185
2026-08-21 18:34:21.316,obj004,937.380,90.100,-2710.049
2026-08-21 18:34:21.333,obj001,1306.246,90.100,-2250.720
2026-08-21 18:34:21.333,obj002,1278.650,90.100,-2076.064
2026-08-21 18:34:21.333,obj003,426.196,90.110,-2144.185
2026-08-21 18:34:21.333,obj004,937.380,90.100,-2710.049
2026-08-21 18:34:21.366,obj001,1304.065,90.100,-2248.963
2026-08-21 18:34:21.366,obj002,1281.154,90.100,-2078.083
2026-08-21 18:34:21.366,obj003,428.531,90.102,-2146.770
2026-08-21 18:34:21.366,obj004,935.337,90.100,-2707.512
2026-08-21 18:34:21.383,obj001,1301.885,90.100,-2247.205
2026-08-21 18:34:21.383,obj002,1283.658,90.100,-2080.103
2026-08-21 18:34:21.383,obj003,430.866,90.100,-2149.354
2026-08-21 18:34:21.383,obj004,933.220,90.100,-2705.036
2026-08-21 18:34:21.400,obj001,1300.795,90.100,-2246.326
2026-08-21 18:34:21.400,obj002,1284.910,90.100,-2081.113
2026-08-21 18:34:21.400,obj003,432.034,90.100,-2150.646
2026-08-21 18:34:21.400,obj004,932.134,90.100,-2703.822
2026-08-21 18:34:21.416,obj001,1299.705,90.100,-2245.447
2026-08-21 18:34:21.416,obj002,1286.162,90.100,-2082.122
2026-08-21 18:34:21.416,obj003,433.201,90.100,-2151.938
2026-08-21 18:34:21.416,obj004,931.041,90.100,-2702.614
2026-08-21 18:34:21.433,obj001,1299.705,90.100,-2245.447
2026-08-21 18:34:21.433,obj002,1286.162,90.100,-2082.122
2026-08-21 18:34:21.433,obj003,433.201,90.100,-2151.938
2026-08-21 18:34:21.433,obj004,931.041,90.100,-2702.614
2026-08-21 18:34:21.466,obj001,1297.525,90.100,-2243.689
2026-08-21 18:34:21.466,obj002,1288.666,90.100,-2084.142
2026-08-21 18:34:21.466,obj003,435.537,90.100,-2154.521
2026-08-21 18:34:21.466,obj004,928.856,90.100,-2700.197
2026-08-21 18:34:21.483,obj001,1295.345,90.100,-2241.931
2026-08-21 18:34:21.483,obj002,1291.170,90.100,-2086.161
2026-08-21 18:34:21.483,obj003,437.872,90.100,-2157.104
2026-08-21 18:34:21.483,obj004,926.719,90.100,-2697.833
2026-08-21 18:34:21.500,obj001,1294.255,90.100,-2241.052
2026-08-21 18:34:21.500,obj002,1292.422,90.100,-2087.171
2026-08-21 18:34:21.500,obj003,439.040,90.097,-2158.396
2026-08-21 18:34:21.500,obj004,925.627,90.102,-2696.626
2026-08-21 18:34:21.516,obj001,1293.165,90.100,-2240.174
2026-08-21 18:34:21.516,obj002,1293.674,90.100,-2088.180
2026-08-21 18:34:21.516,obj003,440.207,90.099,-2159.688
2026-08-21 18:34:21.516,obj004,924.534,90.101,-2695.417
2026-08-21 18:34:21.533,obj001,1293.165,90.100,-2240.174
2026-08-21 18:34:21.533,obj002,1293.674,90.100,-2088.180
2026-08-21 18:34:21.533,obj003,440.207,90.099,-2159.688
2026-08-21 18:34:21.533,obj004,924.534,90.101,-2695.417
2026-08-21 18:34:21.566,obj001,1290.984,90.100,-2238.416
2026-08-21 18:34:21.566,obj002,1296.178,90.100,-2090.200
2026-08-21 18:34:21.566,obj003,442.542,90.099,-2162.271
2026-08-21 18:34:21.566,obj004,922.350,90.100,-2693.001
2026-08-21 18:34:21.583,obj001,1288.804,90.100,-2236.658
2026-08-21 18:34:21.583,obj002,1298.682,90.100,-2092.219
2026-08-21 18:34:21.583,obj003,444.877,90.100,-2164.854
2026-08-21 18:34:21.583,obj004,920.165,90.100,-2690.584
2026-08-21 18:34:21.600,obj001,1287.714,90.100,-2235.779
2026-08-21 18:34:21.600,obj002,1299.934,90.100,-2093.228
2026-08-21 18:34:21.600,obj003,446.045,90.100,-2166.145
2026-08-21 18:34:21.600,obj004,919.072,90.100,-2689.376
2026-08-21 18:34:21.616,obj001,1286.624,90.100,-2234.900
2026-08-21 18:34:21.616,obj002,1301.186,90.100,-2094.238
2026-08-21 18:34:21.616,obj003,447.213,90.100,-2167.437
2026-08-21 18:34:21.616,obj004,917.980,90.100,-2688.168
2026-08-21 18:34:21.633,obj001,1286.624,90.100,-2234.900
2026-08-21 18:34:21.633,obj002,1301.186,90.100,-2094.238
2026-08-21 18:34:21.633,obj003,447.213,90.100,-2167.437
2026-08-21 18:34:21.633,obj004,917.980,90.100,-2688.168
2026-08-21 18:34:21.666,obj001,1284.444,90.100,-2233.143
2026-08-21 18:34:21.666,obj002,1303.691,90.100,-2096.257
2026-08-21 18:34:21.666,obj003,449.548,90.100,-2170.020
2026-08-21 18:34:21.666,obj004,915.795,90.100,-2685.751
2026-08-21 18:34:21.683,obj001,1282.264,90.100,-2231.385
2026-08-21 18:34:21.683,obj002,1306.195,90.100,-2098.275
2026-08-21 18:34:21.683,obj003,451.836,90.100,-2172.550
2026-08-21 18:34:21.683,obj004,913.611,90.100,-2683.335
2026-08-21 18:34:21.700,obj001,1282.264,90.100,-2231.385
2026-08-21 18:34:21.700,obj002,1306.195,90.100,-2098.275
2026-08-21 18:34:21.700,obj003,451.836,90.100,-2172.550
2026-08-21 18:34:21.700,obj004,913.611,90.100,-2683.335
2026-08-21 18:34:21.733,obj001,1280.084,90.100,-2229.627
2026-08-21 18:34:21.733,obj002,1308.699,90.100,-2100.295
2026-08-21 18:34:21.733,obj003,454.171,90.100,-2175.134
2026-08-21 18:34:21.733,obj004,911.426,90.100,-2680.918
2026-08-21 18:34:21.750,obj001,1277.903,90.100,-2227.870
2026-08-21 18:34:21.750,obj002,1311.204,90.100,-2102.313
2026-08-21 18:34:21.750,obj003,456.506,90.101,-2177.716
2026-08-21 18:34:21.750,obj004,909.241,90.100,-2678.502
2026-08-21 18:34:21.766,obj001,1276.813,90.100,-2226.991
2026-08-21 18:34:21.766,obj002,1312.456,90.100,-2103.323
2026-08-21 18:34:21.766,obj003,457.674,90.100,-2179.008
2026-08-21 18:34:21.766,obj004,908.149,90.100,-2677.294
2026-08-21 18:34:21.783,obj001,1275.723,90.100,-2226.112
2026-08-21 18:34:21.783,obj002,1313.708,90.100,-2104.332
2026-08-21 18:34:21.783,obj003,458.841,90.100,-2180.300
2026-08-21 18:34:21.783,obj004,907.056,90.100,-2676.085
2026-08-21 18:34:21.800,obj001,1274.633,90.100,-2225.233
2026-08-21 18:34:21.800,obj002,1314.960,90.100,-2105.341
2026-08-21 18:34:21.800,obj003,459.962,90.100,-2181.539
2026-08-21 18:34:21.800,obj004,906.011,90.100,-2674.930
2026-08-21 18:34:21.816,obj001,1273.543,90.100,-2224.354
2026-08-21 18:34:21.816,obj002,1316.213,90.100,-2106.351
2026-08-21 18:34:21.816,obj003,461.129,90.100,-2182.831
2026-08-21 18:34:21.816,obj004,904.919,90.100,-2673.721
2026-08-21 18:34:21.833,obj001,1272.453,90.100,-2223.475
2026-08-21 18:34:21.833,obj002,1317.465,90.100,-2107.360
2026-08-21 18:34:21.833,obj003,462.297,90.100,-2184.122
2026-08-21 18:34:21.833,obj004,903.827,90.100,-2672.513
2026-08-21 18:34:21.850,obj001,1271.363,90.100,-2222.597
2026-08-21 18:34:21.850,obj002,1318.717,90.100,-2108.370
2026-08-21 18:34:21.850,obj003,463.465,90.100,-2185.414
2026-08-21 18:34:21.850,obj004,902.734,90.100,-2671.305
2026-08-21 18:34:21.866,obj001,1271.363,90.100,-2222.597
2026-08-21 18:34:21.866,obj002,1318.717,90.100,-2108.370
2026-08-21 18:34:21.866,obj003,463.465,90.100,-2185.414
2026-08-21 18:34:21.866,obj004,902.734,90.100,-2671.305
2026-08-21 18:34:21.900,obj001,1269.183,90.100,-2220.839
2026-08-21 18:34:21.900,obj002,1321.222,90.100,-2110.388
2026-08-21 18:34:21.900,obj003,465.800,90.100,-2187.997
2026-08-21 18:34:21.900,obj004,900.597,90.100,-2668.941
2026-08-21 18:34:21.916,obj001,1267.002,90.100,-2219.082
2026-08-21 18:34:21.916,obj002,1323.726,90.100,-2112.408
2026-08-21 18:34:21.916,obj003,468.088,90.100,-2190.528
2026-08-21 18:34:21.916,obj004,898.459,90.100,-2666.577
2026-08-21 18:34:21.933,obj001,1267.002,90.100,-2219.082
2026-08-21 18:34:21.933,obj002,1323.726,90.100,-2112.408
2026-08-21 18:34:21.933,obj003,468.088,90.100,-2190.528
2026-08-21 18:34:21.933,obj004,898.459,90.100,-2666.577
2026-08-21 18:34:21.966,obj001,1264.822,90.100,-2217.324
2026-08-21 18:34:21.966,obj002,1326.230,90.100,-2114.426
2026-08-21 18:34:21.966,obj003,470.423,90.100,-2193.112
2026-08-21 18:34:21.966,obj004,896.275,90.100,-2664.160
2026-08-21 18:34:21.983,obj001,1262.642,90.100,-2215.566
2026-08-21 18:34:21.983,obj002,1328.734,90.100,-2116.445
2026-08-21 18:34:21.983,obj003,472.758,90.100,-2195.695
2026-08-21 18:34:21.983,obj004,894.090,90.100,-2661.744
2026-08-21 18:34:22.000,obj001,1262.642,90.100,-2215.566
2026-08-21 18:34:22.000,obj002,1328.734,90.100,-2116.445
2026-08-21 18:34:22.000,obj003,472.758,90.100,-2195.695
2026-08-21 18:34:22.000,obj004,894.090,90.100,-2661.744
2026-08-21 18:34:22.033,obj001,1260.462,90.100,-2213.809
2026-08-21 18:34:22.033,obj002,1331.239,90.100,-2118.464
2026-08-21 18:34:22.033,obj003,475.094,90.100,-2198.279
2026-08-21 18:34:22.033,obj004,891.905,90.100,-2659.327
2026-08-21 18:34:22.050,obj001,1258.281,90.100,-2212.051
2026-08-21 18:34:22.050,obj002,1333.743,90.100,-2120.483
2026-08-21 18:34:22.050,obj003,477.429,90.100,-2200.862
2026-08-21 18:34:22.050,obj004,889.720,90.100,-2656.911
2026-08-21 18:34:22.066,obj001,1257.190,90.100,-2211.174
2026-08-21 18:34:22.066,obj002,1334.996,90.100,-2121.491
2026-08-21 18:34:22.066,obj003,478.596,90.100,-2202.153
2026-08-21 18:34:22.066,obj004,888.628,90.100,-2655.703
2026-08-21 18:34:22.083,obj001,1256.111,90.100,-2210.282
2026-08-21 18:34:22.083,obj002,1336.232,90.100,-2122.520
2026-08-21 18:34:22.083,obj003,479.764,90.100,-2203.445
2026-08-21 18:34:22.083,obj004,887.536,90.100,-2654.494
2026-08-21 18:34:22.100,obj001,1256.111,90.100,-2210.282
2026-08-21 18:34:22.100,obj002,1336.232,90.100,-2122.520
2026-08-21 18:34:22.100,obj003,479.764,90.100,-2203.445
2026-08-21 18:34:22.100,obj004,887.536,90.100,-2654.494
2026-08-21 18:34:22.133,obj001,1253.987,90.100,-2208.457
2026-08-21 18:34:22.133,obj002,1338.655,90.100,-2124.637
2026-08-21 18:34:22.133,obj003,482.099,90.100,-2206.029
2026-08-21 18:34:22.133,obj004,885.351,90.100,-2652.078
2026-08-21 18:34:22.150,obj001,1251.910,90.100,-2206.578
2026-08-21 18:34:22.150,obj002,1341.008,90.100,-2126.829
2026-08-21 18:34:22.150,obj003,484.435,90.100,-2208.612
2026-08-21 18:34:22.150,obj004,883.166,90.100,-2649.661
2026-08-21 18:34:22.166,obj001,1251.910,90.100,-2206.578
2026-08-21 18:34:22.166,obj002,1341.008,90.100,-2126.829
2026-08-21 18:34:22.166,obj003,484.435,90.100,-2208.612
2026-08-21 18:34:22.166,obj004,883.166,90.100,-2649.661
2026-08-21 18:34:22.200,obj001,1249.882,90.100,-2204.647
2026-08-21 18:34:22.200,obj002,1343.291,90.100,-2129.096
2026-08-21 18:34:22.200,obj003,486.770,90.100,-2211.195
2026-08-21 18:34:22.200,obj004,880.982,90.100,-2647.245
2026-08-21 18:34:22.216,obj001,1247.905,90.100,-2202.664
2026-08-21 18:34:22.216,obj002,1345.498,90.100,-2131.435
2026-08-21 18:34:22.216,obj003,489.105,90.100,-2213.779
2026-08-21 18:34:22.216,obj004,878.797,90.100,-2644.828
2026-08-21 18:34:22.233,obj001,1246.935,90.100,-2201.654
2026-08-21 18:34:22.233,obj002,1346.574,90.100,-2132.632
2026-08-21 18:34:22.233,obj003,490.273,90.100,-2215.070
2026-08-21 18:34:22.233,obj004,877.705,90.100,-2643.620
2026-08-21 18:34:22.250,obj001,1245.979,90.100,-2200.631
2026-08-21 18:34:22.250,obj002,1347.630,90.100,-2133.845
2026-08-21 18:34:22.250,obj003,491.441,90.100,-2216.362
2026-08-21 18:34:22.250,obj004,876.612,90.100,-2642.412
2026-08-21 18:34:22.266,obj001,1245.035,90.100,-2199.597
2026-08-21 18:34:22.266,obj002,1348.667,90.100,-2135.074
2026-08-21 18:34:22.266,obj003,492.609,90.100,-2217.654
2026-08-21 18:34:22.266,obj004,875.520,90.100,-2641.204
2026-08-21 18:34:22.283,obj001,1244.105,90.100,-2198.550
2026-08-21 18:34:22.283,obj002,1349.684,90.100,-2136.320
2026-08-21 18:34:22.283,obj003,493.776,90.100,-2218.945
2026-08-21 18:34:22.283,obj004,874.427,90.100,-2639.995
2026-08-21 18:34:22.300,obj001,1244.105,90.100,-2198.550
2026-08-21 18:34:22.300,obj002,1349.684,90.100,-2136.320
2026-08-21 18:34:22.300,obj003,493.776,90.100,-2218.945
2026-08-21 18:34:22.300,obj004,874.427,90.100,-2639.995
2026-08-21 18:34:22.333,obj001,1242.286,90.100,-2196.421
2026-08-21 18:34:22.333,obj002,1351.657,90.100,-2138.860
2026-08-21 18:34:22.333,obj003,496.111,90.100,-2221.529
2026-08-21 18:34:22.333,obj004,872.243,90.100,-2637.579
2026-08-21 18:34:22.350,obj001,1240.521,90.100,-2194.247
2026-08-21 18:34:22.350,obj002,1353.546,90.100,-2141.464
2026-08-21 18:34:22.350,obj003,498.447,90.100,-2224.112
2026-08-21 18:34:22.350,obj004,870.058,90.100,-2635.162
2026-08-21 18:34:22.366,obj001,1240.521,90.100,-2194.247
2026-08-21 18:34:22.366,obj002,1353.546,90.100,-2141.464
2026-08-21 18:34:22.366,obj003,498.447,90.100,-2224.112
2026-08-21 18:34:22.366,obj004,870.058,90.100,-2635.162
2026-08-21 18:34:22.400,obj001,1238.813,90.100,-2192.028
2026-08-21 18:34:22.400,obj002,1355.353,90.100,-2144.125
2026-08-21 18:34:22.400,obj003,500.782,90.100,-2226.695
2026-08-21 18:34:22.400,obj004,867.873,90.100,-2632.746
2026-08-21 18:34:22.416,obj001,1237.162,90.100,-2189.765
2026-08-21 18:34:22.416,obj002,1357.072,90.100,-2146.844
2026-08-21 18:34:22.416,obj003,503.117,90.100,-2229.278
2026-08-21 18:34:22.416,obj004,865.688,90.100,-2630.329
2026-08-21 18:34:22.433,obj001,1237.162,90.100,-2189.765
2026-08-21 18:34:22.433,obj002,1357.072,90.100,-2146.844
2026-08-21 18:34:22.433,obj003,503.117,90.100,-2229.278
2026-08-21 18:34:22.433,obj004,865.688,90.100,-2630.329
2026-08-21 18:34:22.466,obj001,1235.570,90.100,-2187.462
2026-08-21 18:34:22.466,obj002,1358.701,90.100,-2149.617
2026-08-21 18:34:22.466,obj003,505.452,90.103,-2231.860
2026-08-21 18:34:22.466,obj004,863.503,90.100,-2627.913
2026-08-21 18:34:22.483,obj001,1234.037,90.100,-2185.118
2026-08-21 18:34:22.483,obj002,1360.244,90.100,-2152.440
2026-08-21 18:34:22.483,obj003,507.788,90.101,-2234.444
2026-08-21 18:34:22.483,obj004,861.319,90.100,-2625.496
2026-08-21 18:34:22.500,obj001,1234.037,90.100,-2185.118
2026-08-21 18:34:22.500,obj002,1360.244,90.100,-2152.440
2026-08-21 18:34:22.500,obj003,507.788,90.101,-2234.444
2026-08-21 18:34:22.500,obj004,861.319,90.100,-2625.496
2026-08-21 18:34:22.516,obj001,1232.565,90.100,-2182.736
2026-08-21 18:34:22.516,obj002,1361.694,90.100,-2155.311
2026-08-21 18:34:22.516,obj003,510.123,90.100,-2237.028
2026-08-21 18:34:22.516,obj004,859.134,90.100,-2623.080
2026-08-21 18:34:22.533,obj001,1232.565,90.100,-2182.736
2026-08-21 18:34:22.533,obj002,1361.694,90.100,-2155.311
2026-08-21 18:34:22.533,obj003,510.123,90.100,-2237.028
2026-08-21 18:34:22.533,obj004,859.134,90.100,-2623.080
2026-08-21 18:34:22.566,obj001,1231.155,90.100,-2180.316
2026-08-21 18:34:22.566,obj002,1363.052,90.100,-2158.227
2026-08-21 18:34:22.566,obj003,512.459,90.100,-2239.611
2026-08-21 18:34:22.566,obj004,856.949,90.100,-2620.663
2026-08-21 18:34:22.583,obj001,1229.807,90.100,-2177.862
2026-08-21 18:34:22.583,obj002,1364.315,90.100,-2161.185
2026-08-21 18:34:22.583,obj003,514.794,90.100,-2242.194
2026-08-21 18:34:22.583,obj004,854.764,90.100,-2618.247
2026-08-21 18:34:22.600,obj001,1229.807,90.100,-2177.862
2026-08-21 18:34:22.600,obj002,1364.315,90.100,-2161.185
2026-08-21 18:34:22.600,obj003,514.794,90.100,-2242.194
2026-08-21 18:34:22.600,obj004,854.764,90.100,-2618.247
2026-08-21 18:34:22.633,obj001,1228.522,90.100,-2175.373
2026-08-21 18:34:22.633,obj002,1365.482,90.100,-2164.183
2026-08-21 18:34:22.633,obj003,517.129,90.100,-2244.777
2026-08-21 18:34:22.633,obj004,852.580,90.100,-2615.830
2026-08-21 18:34:22.650,obj001,1227.301,90.100,-2172.853
2026-08-21 18:34:22.650,obj002,1366.553,90.100,-2167.216
2026-08-21 18:34:22.650,obj003,519.465,90.100,-2247.360
2026-08-21 18:34:22.650,obj004,850.395,90.100,-2613.414
2026-08-21 18:34:22.666,obj001,1227.301,90.100,-2172.853
2026-08-21 18:34:22.666,obj002,1366.553,90.100,-2167.216
2026-08-21 18:34:22.666,obj003,519.465,90.100,-2247.360
2026-08-21 18:34:22.666,obj004,850.395,90.100,-2613.414
2026-08-21 18:34:22.700,obj001,1226.146,90.100,-2170.302
2026-08-21 18:34:22.700,obj002,1367.526,90.100,-2170.282
2026-08-21 18:34:22.700,obj003,521.800,90.100,-2249.943
2026-08-21 18:34:22.700,obj004,848.210,90.100,-2610.997
2026-08-21 18:34:22.716,obj001,1225.056,90.100,-2167.723
2026-08-21 18:34:22.716,obj002,1368.399,90.100,-2173.378
2026-08-21 18:34:22.716,obj003,524.135,90.100,-2252.526
2026-08-21 18:34:22.716,obj004,846.025,90.100,-2608.581
2026-08-21 18:34:22.733,obj001,1225.056,90.100,-2167.723
2026-08-21 18:34:22.733,obj002,1368.399,90.100,-2173.378
2026-08-21 18:34:22.733,obj003,524.135,90.100,-2252.526
2026-08-21 18:34:22.733,obj004,846.025,90.100,-2608.581
2026-08-21 18:34:22.766,obj001,1224.033,90.100,-2165.116
2026-08-21 18:34:22.766,obj002,1369.173,90.100,-2176.500
2026-08-21 18:34:22.766,obj003,526.471,90.100,-2255.109
2026-08-21 18:34:22.766,obj004,843.840,90.100,-2606.164
2026-08-21 18:34:22.783,obj001,1223.077,90.100,-2162.484
2026-08-21 18:34:22.783,obj002,1369.844,90.100,-2179.646
2026-08-21 18:34:22.783,obj003,528.806,90.100,-2257.692
2026-08-21 18:34:22.783,obj004,841.656,90.100,-2603.748
2026-08-21 18:34:22.800,obj001,1223.077,90.100,-2162.484
2026-08-21 18:34:22.800,obj002,1369.844,90.100,-2179.646
2026-08-21 18:34:22.800,obj003,528.806,90.100,-2257.692
2026-08-21 18:34:22.800,obj004,841.656,90.100,-2603.748
2026-08-21 18:34:22.833,obj001,1222.188,90.100,-2159.828
2026-08-21 18:34:22.833,obj002,1370.416,90.100,-2182.811
2026-08-21 18:34:22.833,obj003,531.141,90.100,-2260.275
2026-08-21 18:34:22.833,obj004,839.471,90.100,-2601.331
2026-08-21 18:34:22.850,obj001,1221.368,90.100,-2157.150
2026-08-21 18:34:22.850,obj002,1370.886,90.100,-2185.994
2026-08-21 18:34:22.850,obj003,533.476,90.100,-2262.858
2026-08-21 18:34:22.850,obj004,837.286,90.100,-2598.915
2026-08-21 18:34:22.866,obj001,1221.368,90.100,-2157.150
2026-08-21 18:34:22.866,obj002,1370.886,90.100,-2185.994
2026-08-21 18:34:22.866,obj003,533.476,90.100,-2262.858
2026-08-21 18:34:22.866,obj004,837.286,90.100,-2598.915
2026-08-21 18:34:22.900,obj001,1220.617,90.100,-2154.453
2026-08-21 18:34:22.900,obj002,1371.252,90.100,-2189.189
2026-08-21 18:34:22.900,obj003,535.812,90.100,-2265.441
2026-08-21 18:34:22.900,obj004,835.102,90.100,-2596.498
2026-08-21 18:34:22.916,obj001,1219.935,90.100,-2151.736
2026-08-21 18:34:22.916,obj002,1371.515,90.100,-2192.395
2026-08-21 18:34:22.916,obj003,538.147,90.100,-2268.024
2026-08-21 18:34:22.916,obj004,832.917,90.100,-2594.082
2026-08-21 18:34:22.933,obj001,1219.620,90.100,-2150.372
2026-08-21 18:34:22.933,obj002,1371.608,90.100,-2194.001
2026-08-21 18:34:22.933,obj003,539.315,90.100,-2269.316
2026-08-21 18:34:22.933,obj004,831.825,90.100,-2592.873
2026-08-21 18:34:22.950,obj001,1219.323,90.100,-2149.004
2026-08-21 18:34:22.950,obj002,1371.674,90.100,-2195.608
2026-08-21 18:34:22.950,obj003,540.435,90.100,-2270.555
2026-08-21 18:34:22.950,obj004,830.732,90.100,-2591.665
2026-08-21 18:34:22.966,obj001,1219.323,90.100,-2149.004
2026-08-21 18:34:22.966,obj002,1371.674,90.100,-2195.608
2026-08-21 18:34:22.966,obj003,540.435,90.100,-2270.555
2026-08-21 18:34:22.966,obj004,830.732,90.100,-2591.665
2026-08-21 18:34:23.000,obj001,1218.781,90.100,-2146.256
2026-08-21 18:34:23.000,obj002,1371.733,90.100,-2198.824
2026-08-21 18:34:23.000,obj003,542.770,90.100,-2273.138
2026-08-21 18:34:23.000,obj004,828.548,90.100,-2589.249
2026-08-21 18:34:23.016,obj001,1218.310,90.100,-2143.496
2026-08-21 18:34:23.016,obj002,1371.687,90.100,-2202.040
2026-08-21 18:34:23.016,obj003,545.106,90.100,-2275.722
2026-08-21 18:34:23.016,obj004,826.363,90.100,-2586.832
2026-08-21 18:34:23.033,obj001,1218.310,90.100,-2143.496
2026-08-21 18:34:23.033,obj002,1371.687,90.100,-2202.040
2026-08-21 18:34:23.033,obj003,545.106,90.100,-2275.722
2026-08-21 18:34:23.033,obj004,826.363,90.100,-2586.832
2026-08-21 18:34:23.050,obj001,1217.910,90.100,-2140.724
2026-08-21 18:34:23.050,obj002,1371.539,90.100,-2205.254
2026-08-21 18:34:23.050,obj003,547.441,90.100,-2278.305
2026-08-21 18:34:23.050,obj004,824.178,90.100,-2584.416
2026-08-21 18:34:23.066,obj001,1217.910,90.100,-2140.724
2026-08-21 18:34:23.066,obj002,1371.539,90.100,-2205.254
2026-08-21 18:34:23.066,obj003,547.441,90.100,-2278.305
2026-08-21 18:34:23.066,obj004,824.178,90.100,-2584.416
2026-08-21 18:34:23.100,obj001,1217.581,90.100,-2137.943
2026-08-21 18:34:23.100,obj002,1371.284,90.100,-2208.460
2026-08-21 18:34:23.100,obj003,549.776,90.100,-2280.889
2026-08-21 18:34:23.100,obj004,821.993,90.102,-2582.000
2026-08-21 18:34:23.116,obj001,1217.323,90.100,-2135.155
2026-08-21 18:34:23.116,obj002,1370.930,90.100,-2211.657
2026-08-21 18:34:23.116,obj003,552.064,90.100,-2283.419
2026-08-21 18:34:23.116,obj004,819.808,90.100,-2579.583
2026-08-21 18:34:23.133,obj001,1217.323,90.100,-2135.155
2026-08-21 18:34:23.133,obj002,1370.930,90.100,-2211.657
2026-08-21 18:34:23.133,obj003,552.064,90.100,-2283.419
2026-08-21 18:34:23.133,obj004,819.808,90.100,-2579.583
2026-08-21 18:34:23.166,obj001,1217.137,90.100,-2132.360
2026-08-21 18:34:23.166,obj002,1370.472,90.100,-2214.841
2026-08-21 18:34:23.166,obj003,554.400,90.100,-2286.002
2026-08-21 18:34:23.166,obj004,817.624,90.100,-2577.167
2026-08-21 18:34:23.183,obj001,1217.022,90.100,-2129.562
2026-08-21 18:34:23.183,obj002,1369.912,90.100,-2218.009
2026-08-21 18:34:23.183,obj003,556.735,90.100,-2288.585
2026-08-21 18:34:23.183,obj004,815.439,90.100,-2574.750
2026-08-21 18:34:23.200,obj001,1217.022,90.100,-2129.562
2026-08-21 18:34:23.200,obj002,1369.912,90.100,-2218.009
2026-08-21 18:34:23.200,obj003,556.735,90.100,-2288.585
2026-08-21 18:34:23.200,obj004,815.439,90.100,-2574.750
2026-08-21 18:34:23.233,obj001,1216.979,90.100,-2126.762
2026-08-21 18:34:23.233,obj002,1369.249,90.100,-2221.156
2026-08-21 18:34:23.233,obj003,559.070,90.100,-2291.169
2026-08-21 18:34:23.233,obj004,813.254,90.100,-2572.334
2026-08-21 18:34:23.250,obj001,1217.008,90.100,-2123.962
2026-08-21 18:34:23.250,obj002,1368.485,90.100,-2224.281
2026-08-21 18:34:23.250,obj003,561.406,90.100,-2293.752
2026-08-21 18:34:23.250,obj004,811.070,90.100,-2569.917
2026-08-21 18:34:23.266,obj001,1217.049,90.100,-2122.562
2026-08-21 18:34:23.266,obj002,1368.065,90.100,-2225.833
2026-08-21 18:34:23.266,obj003,562.573,90.100,-2295.044
2026-08-21 18:34:23.266,obj004,809.977,90.100,-2568.709
2026-08-21 18:34:23.283,obj001,1217.109,90.100,-2121.163
2026-08-21 18:34:23.283,obj002,1367.621,90.100,-2227.379
2026-08-21 18:34:23.283,obj003,563.741,90.100,-2296.335
2026-08-21 18:34:23.283,obj004,808.885,90.100,-2567.501
2026-08-21 18:34:23.300,obj001,1217.109,90.100,-2121.163
2026-08-21 18:34:23.300,obj002,1367.621,90.100,-2227.379
2026-08-21 18:34:23.300,obj003,563.741,90.100,-2296.335
2026-08-21 18:34:23.300,obj004,808.885,90.100,-2567.501
2026-08-21 18:34:23.333,obj001,1217.281,90.100,-2118.368
2026-08-21 18:34:23.333,obj002,1366.658,90.100,-2230.448
2026-08-21 18:34:23.333,obj003,566.076,90.100,-2298.919
2026-08-21 18:34:23.333,obj004,806.747,90.100,-2565.137
2026-08-21 18:34:23.350,obj001,1217.525,90.100,-2115.578
2026-08-21 18:34:23.350,obj002,1365.599,90.100,-2233.486
2026-08-21 18:34:23.350,obj003,568.412,90.100,-2301.502
2026-08-21 18:34:23.350,obj004,804.563,90.100,-2562.720
2026-08-21 18:34:23.366,obj001,1217.525,90.100,-2115.578
2026-08-21 18:34:23.366,obj002,1365.599,90.100,-2233.486
2026-08-21 18:34:23.366,obj003,568.412,90.100,-2301.502
2026-08-21 18:34:23.366,obj004,804.563,90.100,-2562.720
2026-08-21 18:34:23.400,obj001,1217.840,90.100,-2112.796
2026-08-21 18:34:23.400,obj002,1364.443,90.100,-2236.487
2026-08-21 18:34:23.400,obj003,570.747,90.100,-2304.086
2026-08-21 18:34:23.400,obj004,802.378,90.100,-2560.304
2026-08-21 18:34:23.416,obj001,1218.227,90.100,-2110.022
2026-08-21 18:34:23.416,obj002,1363.189,90.100,-2239.450
2026-08-21 18:34:23.416,obj003,573.082,90.100,-2306.669
2026-08-21 18:34:23.416,obj004,800.193,90.100,-2557.887
2026-08-21 18:34:23.433,obj001,1218.447,90.100,-2108.639
2026-08-21 18:34:23.433,obj002,1362.526,90.100,-2240.915
2026-08-21 18:34:23.433,obj003,574.250,90.100,-2307.961
2026-08-21 18:34:23.433,obj004,799.101,90.100,-2556.679
2026-08-21 18:34:23.450,obj001,1218.684,90.100,-2107.259
2026-08-21 18:34:23.450,obj002,1361.840,90.100,-2242.370
2026-08-21 18:34:23.450,obj003,575.438,90.100,-2309.234
2026-08-21 18:34:23.450,obj004,797.991,90.100,-2555.487
2026-08-21 18:34:23.466,obj001,1218.940,90.100,-2105.883
2026-08-21 18:34:23.466,obj002,1361.132,90.100,-2243.814
2026-08-21 18:34:23.466,obj003,576.646,90.100,-2310.488
2026-08-21 18:34:23.466,obj004,796.863,90.100,-2554.312
2026-08-21 18:34:23.483,obj001,1219.213,90.100,-2104.509
2026-08-21 18:34:23.483,obj002,1360.400,90.100,-2245.246
2026-08-21 18:34:23.483,obj003,577.874,90.100,-2311.722
2026-08-21 18:34:23.483,obj004,795.718,90.100,-2553.153
2026-08-21 18:34:23.500,obj001,1219.213,90.100,-2104.509
2026-08-21 18:34:23.500,obj002,1360.400,90.100,-2245.246
2026-08-21 18:34:23.500,obj003,577.874,90.100,-2311.722
2026-08-21 18:34:23.500,obj004,795.718,90.100,-2553.153
2026-08-21 18:34:23.533,obj001,1219.811,90.100,-2101.774
2026-08-21 18:34:23.533,obj002,1358.870,90.100,-2248.075
2026-08-21 18:34:23.533,obj003,580.387,90.100,-2314.133
2026-08-21 18:34:23.533,obj004,793.377,90.100,-2550.888
2026-08-21 18:34:23.550,obj001,1220.479,90.100,-2099.054
2026-08-21 18:34:23.550,obj002,1357.247,90.100,-2250.853
2026-08-21 18:34:23.550,obj003,582.975,90.100,-2316.462
2026-08-21 18:34:23.550,obj004,790.970,90.100,-2548.693
2026-08-21 18:34:23.566,obj001,1220.839,90.100,-2097.701
2026-08-21 18:34:23.566,obj002,1356.403,90.100,-2252.222
2026-08-21 18:34:23.566,obj003,584.297,90.100,-2317.596
2026-08-21 18:34:23.566,obj004,789.742,90.100,-2547.623
2026-08-21 18:34:23.583,obj001,1221.217,90.100,-2096.353
2026-08-21 18:34:23.583,obj002,1355.536,90.100,-2253.576
2026-08-21 18:34:23.583,obj003,585.636,90.100,-2318.709
2026-08-21 18:34:23.583,obj004,788.498,90.100,-2546.571
2026-08-21 18:34:23.600,obj001,1221.217,90.100,-2096.353
2026-08-21 18:34:23.600,obj002,1355.536,90.100,-2253.576
2026-08-21 18:34:23.600,obj003,585.636,90.100,-2318.709
2026-08-21 18:34:23.600,obj004,788.498,90.100,-2546.571
2026-08-21 18:34:23.633,obj001,1222.024,90.100,-2093.671
2026-08-21 18:34:23.633,obj002,1353.740,90.100,-2256.245
2026-08-21 18:34:23.633,obj003,588.367,90.100,-2320.870
2026-08-21 18:34:23.633,obj004,785.965,90.100,-2544.523
2026-08-21 18:34:23.650,obj001,1222.899,90.100,-2091.011
2026-08-21 18:34:23.650,obj002,1351.857,90.100,-2258.853
2026-08-21 18:34:23.650,obj003,591.164,90.100,-2322.943
2026-08-21 18:34:23.650,obj004,783.372,90.100,-2542.551
2026-08-21 18:34:23.666,obj001,1223.362,90.100,-2089.690
2026-08-21 18:34:23.666,obj002,1350.885,90.100,-2260.134
2026-08-21 18:34:23.666,obj003,592.588,90.100,-2323.946
2026-08-21 18:34:23.666,obj004,782.054,90.100,-2541.594
2026-08-21 18:34:23.683,obj001,1223.842,90.100,-2088.374
2026-08-21 18:34:23.683,obj002,1349.892,90.100,-2261.399
2026-08-21 18:34:23.683,obj003,594.025,90.101,-2324.928
2026-08-21 18:34:23.683,obj004,780.722,90.100,-2540.656
2026-08-21 18:34:23.700,obj001,1223.842,90.100,-2088.374
2026-08-21 18:34:23.700,obj002,1349.892,90.100,-2261.399
2026-08-21 18:34:23.700,obj003,594.025,90.101,-2324.928
2026-08-21 18:34:23.700,obj004,780.722,90.100,-2540.656
2026-08-21 18:34:23.716,obj001,1224.852,90.100,-2085.763
2026-08-21 18:34:23.716,obj002,1347.846,90.100,-2263.882
2026-08-21 18:34:23.716,obj003,596.948,90.100,-2326.821
2026-08-21 18:34:23.716,obj004,778.016,90.100,-2538.842
2026-08-21 18:34:23.733,obj001,1225.383,90.100,-2084.467
2026-08-21 18:34:23.733,obj002,1346.794,90.100,-2265.098
2026-08-21 18:34:23.733,obj003,598.432,90.100,-2327.732
2026-08-21 18:34:23.733,obj004,776.644,90.100,-2537.964
2026-08-21 18:34:23.750,obj001,1225.929,90.100,-2083.178
2026-08-21 18:34:23.750,obj002,1345.723,90.100,-2266.298
2026-08-21 18:34:23.750,obj003,599.930,90.100,-2328.619
2026-08-21 18:34:23.750,obj004,775.258,90.100,-2537.108
2026-08-21 18:34:23.766,obj001,1225.929,90.100,-2083.178
2026-08-21 18:34:23.766,obj002,1345.723,90.100,-2266.298
2026-08-21 18:34:23.766,obj003,599.930,90.100,-2328.619
2026-08-21 18:34:23.766,obj004,775.258,90.100,-2537.108
2026-08-21 18:34:23.800,obj001,1227.072,90.100,-2080.621
2026-08-21 18:34:23.800,obj002,1343.523,90.100,-2268.644
2026-08-21 18:34:23.800,obj003,602.968,90.100,-2330.323
2026-08-21 18:34:23.800,obj004,772.450,90.100,-2535.457
2026-08-21 18:34:23.816,obj001,1228.280,90.100,-2078.095
2026-08-21 18:34:23.816,obj002,1341.248,90.100,-2270.919
2026-08-21 18:34:23.816,obj003,606.057,90.100,-2331.929
2026-08-21 18:34:23.816,obj004,769.594,90.100,-2533.889
2026-08-21 18:34:23.833,obj001,1228.280,90.100,-2078.095
2026-08-21 18:34:23.833,obj002,1341.248,90.100,-2270.919
2026-08-21 18:34:23.833,obj003,606.057,90.100,-2331.929
2026-08-21 18:34:23.833,obj004,769.594,90.100,-2533.889
2026-08-21 18:34:23.866,obj001,1229.553,90.100,-2075.600
2026-08-21 18:34:23.866,obj002,1338.902,90.100,-2273.119
2026-08-21 18:34:23.866,obj003,609.196,90.100,-2333.437
2026-08-21 18:34:23.866,obj004,766.693,90.100,-2532.408
2026-08-21 18:34:23.883,obj001,1230.889,90.100,-2073.139
2026-08-21 18:34:23.883,obj002,1336.486,90.100,-2275.242
2026-08-21 18:34:23.883,obj003,612.377,90.100,-2334.855
2026-08-21 18:34:23.883,obj004,763.749,90.100,-2531.013
2026-08-21 18:34:23.900,obj001,1230.889,90.100,-2073.139
2026-08-21 18:34:23.900,obj002,1336.486,90.100,-2275.242
2026-08-21 18:34:23.900,obj003,612.377,90.100,-2334.855
2026-08-21 18:34:23.900,obj004,763.749,90.100,-2531.013
2026-08-21 18:34:23.933,obj001,1232.287,90.100,-2070.713
2026-08-21 18:34:23.933,obj002,1334.003,90.100,-2277.287
2026-08-21 18:34:23.933,obj003,615.564,90.102,-2336.256
2026-08-21 18:34:23.933,obj004,760.770,90.100,-2529.693
2026-08-21 18:34:23.950,obj001,1233.748,90.100,-2068.323
2026-08-21 18:34:23.950,obj002,1331.457,90.100,-2279.253
2026-08-21 18:34:23.950,obj003,618.752,90.100,-2337.658
2026-08-21 18:34:23.950,obj004,757.788,90.100,-2528.382
2026-08-21 18:34:23.966,obj001,1233.748,90.100,-2068.323
2026-08-21 18:34:23.966,obj002,1331.457,90.100,-2279.253
2026-08-21 18:34:23.966,obj003,618.752,90.100,-2337.658
2026-08-21 18:34:23.966,obj004,757.788,90.100,-2528.382
2026-08-21 18:34:23.983,obj001,1235.269,90.100,-2065.972
2026-08-21 18:34:23.983,obj002,1328.848,90.100,-2281.134
2026-08-21 18:34:23.983,obj003,621.940,90.100,-2339.059
2026-08-21 18:34:23.983,obj004,754.806,90.100,-2527.071
2026-08-21 18:34:24.000,obj001,1235.269,90.100,-2065.972
2026-08-21 18:34:24.000,obj002,1328.848,90.100,-2281.134
2026-08-21 18:34:24.000,obj003,621.940,90.100,-2339.059
2026-08-21 18:34:24.000,obj004,754.806,90.100,-2527.071
2026-08-21 18:34:24.033,obj001,1236.849,90.100,-2063.660
2026-08-21 18:34:24.033,obj002,1326.179,90.100,-2282.930
2026-08-21 18:34:24.033,obj003,625.128,90.100,-2340.461
2026-08-21 18:34:24.033,obj004,751.888,90.100,-2525.789
2026-08-21 18:34:24.050,obj001,1238.489,90.100,-2061.390
2026-08-21 18:34:24.050,obj002,1323.454,90.100,-2284.640
2026-08-21 18:34:24.050,obj003,628.316,90.100,-2341.862
2026-08-21 18:34:24.050,obj004,748.906,90.100,-2524.477
2026-08-21 18:34:24.066,obj001,1238.489,90.100,-2061.390
2026-08-21 18:34:24.066,obj002,1323.454,90.100,-2284.640
2026-08-21 18:34:24.066,obj003,628.316,90.100,-2341.862
2026-08-21 18:34:24.066,obj004,748.906,90.100,-2524.477
2026-08-21 18:34:24.100,obj001,1240.186,90.100,-2059.163
2026-08-21 18:34:24.100,obj002,1320.676,90.100,-2286.261
2026-08-21 18:34:24.100,obj003,631.504,90.100,-2343.263
2026-08-21 18:34:24.100,obj004,745.923,90.100,-2523.166
2026-08-21 18:34:24.116,obj001,1241.939,90.100,-2056.979
2026-08-21 18:34:24.116,obj002,1317.847,90.100,-2287.792
2026-08-21 18:34:24.116,obj003,634.692,90.100,-2344.665
2026-08-21 18:34:24.116,obj004,742.941,90.100,-2521.855
2026-08-21 18:34:24.133,obj001,1242.837,90.100,-2055.904
2026-08-21 18:34:24.133,obj002,1316.415,90.100,-2288.524
2026-08-21 18:34:24.133,obj003,636.286,90.100,-2345.365
2026-08-21 18:34:24.133,obj004,741.450,90.100,-2521.200
2026-08-21 18:34:24.150,obj001,1243.749,90.100,-2054.841
2026-08-21 18:34:24.150,obj002,1314.971,90.100,-2289.232
2026-08-21 18:34:24.150,obj003,637.880,90.100,-2346.066
2026-08-21 18:34:24.150,obj004,739.959,90.100,-2520.544
2026-08-21 18:34:24.166,obj001,1243.749,90.100,-2054.841
2026-08-21 18:34:24.166,obj002,1314.971,90.100,-2289.232
2026-08-21 18:34:24.166,obj003,637.880,90.100,-2346.066
2026-08-21 18:34:24.166,obj004,739.959,90.100,-2520.544
2026-08-21 18:34:24.200,obj001,1245.612,90.100,-2052.751
2026-08-21 18:34:24.200,obj002,1312.050,90.100,-2290.579
2026-08-21 18:34:24.200,obj003,641.068,90.100,-2347.467
2026-08-21 18:34:24.200,obj004,736.977,90.100,-2519.233
2026-08-21 18:34:24.216,obj001,1247.528,90.100,-2050.708
2026-08-21 18:34:24.216,obj002,1309.088,90.100,-2291.832
2026-08-21 18:34:24.216,obj003,644.255,90.101,-2348.869
2026-08-21 18:34:24.216,obj004,733.994,90.100,-2517.922
2026-08-21 18:34:24.233,obj001,1248.506,90.100,-2049.706
2026-08-21 18:34:24.233,obj002,1307.592,90.100,-2292.423
2026-08-21 18:34:24.233,obj003,645.849,90.100,-2349.570
2026-08-21 18:34:24.233,obj004,732.503,90.100,-2517.267
2026-08-21 18:34:24.250,obj001,1249.496,90.100,-2048.716
2026-08-21 18:34:24.250,obj002,1306.086,90.100,-2292.989
2026-08-21 18:34:24.250,obj003,647.443,90.100,-2350.270
2026-08-21 18:34:24.250,obj004,731.012,90.100,-2516.611
2026-08-21 18:34:24.266,obj001,1249.496,90.100,-2048.716
2026-08-21 18:34:24.266,obj002,1306.086,90.100,-2292.989
2026-08-21 18:34:24.266,obj003,647.443,90.100,-2350.270
2026-08-21 18:34:24.266,obj004,731.012,90.100,-2516.611
2026-08-21 18:34:24.300,obj001,1251.514,90.100,-2046.775
2026-08-21 18:34:24.300,obj002,1303.049,90.100,-2294.048
2026-08-21 18:34:24.300,obj003,650.631,90.100,-2351.672
2026-08-21 18:34:24.300,obj004,728.030,90.100,-2515.300
2026-08-21 18:34:24.316,obj001,1253.582,90.100,-2044.886
2026-08-21 18:34:24.316,obj002,1299.979,90.100,-2295.009
2026-08-21 18:34:24.316,obj003,653.819,90.100,-2353.073
2026-08-21 18:34:24.316,obj004,725.047,90.100,-2513.989
2026-08-21 18:34:24.333,obj001,1253.582,90.100,-2044.886
2026-08-21 18:34:24.333,obj002,1299.979,90.100,-2295.009
2026-08-21 18:34:24.333,obj003,653.819,90.100,-2353.073
2026-08-21 18:34:24.333,obj004,725.047,90.100,-2513.989
2026-08-21 18:34:24.366,obj001,1255.697,90.100,-2043.050
2026-08-21 18:34:24.366,obj002,1296.880,90.100,-2295.873
2026-08-21 18:34:24.366,obj003,657.007,90.100,-2354.475
2026-08-21 18:34:24.366,obj004,722.065,90.100,-2512.678
2026-08-21 18:34:24.383,obj001,1257.858,90.100,-2041.270
2026-08-21 18:34:24.383,obj002,1293.756,90.100,-2296.636
2026-08-21 18:34:24.383,obj003,660.195,90.100,-2355.876
2026-08-21 18:34:24.383,obj004,719.083,90.100,-2511.367
2026-08-21 18:34:24.400,obj001,1257.858,90.100,-2041.270
2026-08-21 18:34:24.400,obj002,1293.756,90.100,-2296.636
2026-08-21 18:34:24.400,obj003,660.195,90.100,-2355.876
2026-08-21 18:34:24.400,obj004,719.083,90.100,-2511.367
2026-08-21 18:34:24.433,obj001,1260.064,90.100,-2039.545
2026-08-21 18:34:24.433,obj002,1290.608,90.100,-2297.299
2026-08-21 18:34:24.433,obj003,663.383,90.100,-2357.277
2026-08-21 18:34:24.433,obj004,716.100,90.100,-2510.056
2026-08-21 18:34:24.450,obj001,1262.314,90.100,-2037.877
2026-08-21 18:34:24.450,obj002,1287.440,90.100,-2297.859
2026-08-21 18:34:24.450,obj003,666.571,90.100,-2358.678
2026-08-21 18:34:24.450,obj004,713.118,90.100,-2508.745
2026-08-21 18:34:24.466,obj001,1262.314,90.100,-2037.877
2026-08-21 18:34:24.466,obj002,1287.440,90.100,-2297.859
2026-08-21 18:34:24.466,obj003,666.571,90.100,-2358.678
2026-08-21 18:34:24.466,obj004,713.118,90.100,-2508.745
2026-08-21 18:34:24.500,obj001,1264.606,90.100,-2036.268
2026-08-21 18:34:24.500,obj002,1284.257,90.100,-2298.318
2026-08-21 18:34:24.500,obj003,669.759,90.100,-2360.080
2026-08-21 18:34:24.500,obj004,710.136,90.100,-2507.434
2026-08-21 18:34:24.516,obj001,1266.938,90.100,-2034.718
2026-08-21 18:34:24.516,obj002,1281.060,90.100,-2298.674
2026-08-21 18:34:24.516,obj003,672.947,90.100,-2361.481
2026-08-21 18:34:24.516,obj004,707.153,90.100,-2506.123
2026-08-21 18:34:24.533,obj001,1266.938,90.100,-2034.718
2026-08-21 18:34:24.533,obj002,1281.060,90.100,-2298.674
2026-08-21 18:34:24.533,obj003,672.947,90.100,-2361.481
2026-08-21 18:34:24.533,obj004,707.153,90.100,-2506.123
2026-08-21 18:34:24.566,obj001,1269.309,90.100,-2033.228
2026-08-21 18:34:24.566,obj002,1277.853,90.100,-2298.927
2026-08-21 18:34:24.566,obj003,676.135,90.100,-2362.882
2026-08-21 18:34:24.566,obj004,704.171,90.100,-2504.812
2026-08-21 18:34:24.583,obj001,1271.718,90.100,-2031.800
2026-08-21 18:34:24.583,obj002,1274.640,90.100,-2299.077
2026-08-21 18:34:24.583,obj003,679.323,90.100,-2364.284
2026-08-21 18:34:24.583,obj004,701.189,90.100,-2503.501
2026-08-21 18:34:24.600,obj001,1272.935,90.100,-2031.108
2026-08-21 18:34:24.600,obj002,1273.032,90.100,-2299.113
2026-08-21 18:34:24.600,obj003,680.917,90.099,-2364.984
2026-08-21 18:34:24.600,obj004,699.698,90.100,-2502.845
2026-08-21 18:34:24.616,obj001,1274.162,90.100,-2030.433
2026-08-21 18:34:24.616,obj002,1271.423,90.100,-2299.124
2026-08-21 18:34:24.616,obj003,682.511,90.100,-2365.685
2026-08-21 18:34:24.616,obj004,698.207,90.100,-2502.190
2026-08-21 18:34:24.633,obj001,1274.162,90.100,-2030.433
2026-08-21 18:34:24.633,obj002,1271.423,90.100,-2299.124
2026-08-21 18:34:24.633,obj003,682.511,90.100,-2365.685
2026-08-21 18:34:24.633,obj004,698.207,90.100,-2502.190
2026-08-21 18:34:24.666,obj001,1276.641,90.100,-2029.130
2026-08-21 18:34:24.666,obj002,1268.207,90.100,-2299.068
2026-08-21 18:34:24.666,obj003,685.699,90.100,-2367.086
2026-08-21 18:34:24.666,obj004,695.224,90.100,-2500.879
2026-08-21 18:34:24.683,obj001,1279.152,90.100,-2027.891
2026-08-21 18:34:24.683,obj002,1264.995,90.100,-2298.908
2026-08-21 18:34:24.683,obj003,688.887,90.100,-2368.488
2026-08-21 18:34:24.683,obj004,692.242,90.100,-2499.568
2026-08-21 18:34:24.700,obj001,1279.152,90.100,-2027.891
2026-08-21 18:34:24.700,obj002,1264.995,90.100,-2298.908
2026-08-21 18:34:24.700,obj003,688.887,90.100,-2368.488
2026-08-21 18:34:24.700,obj004,692.242,90.100,-2499.568
2026-08-21 18:34:24.733,obj001,1281.694,90.100,-2026.716
2026-08-21 18:34:24.733,obj002,1261.789,90.100,-2298.644
2026-08-21 18:34:24.733,obj003,692.075,90.100,-2369.889
2026-08-21 18:34:24.733,obj004,689.259,90.100,-2498.257
2026-08-21 18:34:24.750,obj001,1284.265,90.100,-2025.607
2026-08-21 18:34:24.750,obj002,1258.593,90.100,-2298.279
2026-08-21 18:34:24.750,obj003,695.262,90.104,-2371.290
2026-08-21 18:34:24.750,obj004,686.277,90.100,-2496.946
2026-08-21 18:34:24.766,obj001,1284.265,90.100,-2025.607
2026-08-21 18:34:24.766,obj002,1258.593,90.100,-2298.279
2026-08-21 18:34:24.766,obj003,695.262,90.104,-2371.290
2026-08-21 18:34:24.766,obj004,686.277,90.100,-2496.946
2026-08-21 18:34:24.800,obj001,1286.864,90.100,-2024.564
2026-08-21 18:34:24.800,obj002,1255.411,90.100,-2297.810
2026-08-21 18:34:24.800,obj003,698.451,90.101,-2372.691
2026-08-21 18:34:24.800,obj004,683.295,90.100,-2495.635
2026-08-21 18:34:24.816,obj001,1289.476,90.100,-2023.555
2026-08-21 18:34:24.816,obj002,1252.236,90.100,-2297.290
2026-08-21 18:34:24.816,obj003,701.650,90.100,-2374.067
2026-08-21 18:34:24.816,obj004,680.303,90.100,-2494.346
2026-08-21 18:34:24.833,obj001,1289.476,90.100,-2023.555
2026-08-21 18:34:24.833,obj002,1252.236,90.100,-2297.290
2026-08-21 18:34:24.833,obj003,701.650,90.100,-2374.067
2026-08-21 18:34:24.833,obj004,680.303,90.100,-2494.346
2026-08-21 18:34:24.850,obj001,1292.062,90.100,-2022.479
2026-08-21 18:34:24.850,obj002,1249.047,90.100,-2296.872
2026-08-21 18:34:24.850,obj003,704.891,90.100,-2375.341
2026-08-21 18:34:24.850,obj004,677.274,90.100,-2493.147
2026-08-21 18:34:24.866,obj001,1292.062,90.100,-2022.479
2026-08-21 18:34:24.866,obj002,1249.047,90.100,-2296.872
2026-08-21 18:34:24.866,obj003,704.891,90.100,-2375.341
2026-08-21 18:34:24.866,obj004,677.274,90.100,-2493.147
2026-08-21 18:34:24.900,obj001,1294.619,90.100,-2021.337
2026-08-21 18:34:24.900,obj002,1245.845,90.100,-2296.558
2026-08-21 18:34:24.900,obj003,708.170,90.100,-2376.512
2026-08-21 18:34:24.900,obj004,674.211,90.100,-2492.038
2026-08-21 18:34:24.916,obj001,1297.146,90.100,-2020.130
2026-08-21 18:34:24.916,obj002,1242.636,90.100,-2296.346
2026-08-21 18:34:24.916,obj003,711.485,90.100,-2377.578
2026-08-21 18:34:24.916,obj004,671.116,90.100,-2491.020
2026-08-21 18:34:24.933,obj001,1297.146,90.100,-2020.130
2026-08-21 18:34:24.933,obj002,1242.636,90.100,-2296.346
2026-08-21 18:34:24.933,obj003,711.485,90.100,-2377.578
2026-08-21 18:34:24.933,obj004,671.116,90.100,-2491.020
2026-08-21 18:34:24.966,obj001,1299.641,90.100,-2018.859
2026-08-21 18:34:24.966,obj002,1239.421,90.100,-2296.237
2026-08-21 18:34:24.966,obj003,714.832,90.100,-2378.539
2026-08-21 18:34:24.966,obj004,667.992,90.100,-2490.095
2026-08-21 18:34:24.983,obj001,1302.103,90.100,-2017.524
2026-08-21 18:34:24.983,obj002,1236.204,90.100,-2296.231
2026-08-21 18:34:24.983,obj003,718.208,90.100,-2379.393
2026-08-21 18:34:24.983,obj004,664.843,90.100,-2489.263
2026-08-21 18:34:25.000,obj001,1302.103,90.100,-2017.524
2026-08-21 18:34:25.000,obj002,1236.204,90.100,-2296.231
2026-08-21 18:34:25.000,obj003,718.208,90.100,-2379.393
2026-08-21 18:34:25.000,obj004,664.843,90.100,-2489.263
2026-08-21 18:34:25.033,obj001,1304.529,90.100,-2016.126
2026-08-21 18:34:25.033,obj002,1232.989,90.100,-2296.329
2026-08-21 18:34:25.033,obj003,721.610,90.100,-2380.139
2026-08-21 18:34:25.033,obj004,661.670,90.100,-2488.525
2026-08-21 18:34:25.050,obj001,1306.919,90.100,-2014.667
2026-08-21 18:34:25.050,obj002,1229.778,90.100,-2296.530
2026-08-21 18:34:25.050,obj003,725.033,90.100,-2380.778
2026-08-21 18:34:25.050,obj004,658.476,90.100,-2487.881
2026-08-21 18:34:25.066,obj001,1306.919,90.100,-2014.667
2026-08-21 18:34:25.066,obj002,1229.778,90.100,-2296.530
2026-08-21 18:34:25.066,obj003,725.033,90.100,-2380.778
2026-08-21 18:34:25.066,obj004,658.476,90.100,-2487.881
2026-08-21 18:34:25.100,obj001,1309.271,90.100,-2013.147
2026-08-21 18:34:25.100,obj002,1226.576,90.100,-2296.835
2026-08-21 18:34:25.100,obj003,728.474,90.100,-2381.309
2026-08-21 18:34:25.100,obj004,655.265,90.100,-2487.332
2026-08-21 18:34:25.116,obj001,1311.584,90.100,-2011.567
2026-08-21 18:34:25.116,obj002,1223.386,90.100,-2297.242
2026-08-21 18:34:25.116,obj003,731.931,90.099,-2381.729
2026-08-21 18:34:25.116,obj004,652.039,90.100,-2486.879
2026-08-21 18:34:25.133,obj001,1311.584,90.100,-2011.567
2026-08-21 18:34:25.133,obj002,1223.386,90.100,-2297.242
2026-08-21 18:34:25.133,obj003,731.931,90.099,-2381.729
2026-08-21 18:34:25.133,obj004,652.039,90.100,-2486.879
2026-08-21 18:34:25.166,obj001,1313.855,90.100,-2009.928
2026-08-21 18:34:25.166,obj002,1220.209,90.100,-2297.751
2026-08-21 18:34:25.166,obj003,735.400,90.100,-2382.040
2026-08-21 18:34:25.166,obj004,648.801,90.100,-2486.522
2026-08-21 18:34:25.183,obj001,1316.083,90.100,-2008.232
2026-08-21 18:34:25.183,obj002,1217.051,90.100,-2298.363
2026-08-21 18:34:25.183,obj003,738.877,90.098,-2382.242
2026-08-21 18:34:25.183,obj004,645.628,90.100,-2486.223
2026-08-21 18:34:25.200,obj001,1317.180,90.100,-2007.363
2026-08-21 18:34:25.200,obj002,1215.480,90.100,-2298.707
2026-08-21 18:34:25.200,obj003,740.617,90.099,-2382.301
2026-08-21 18:34:25.200,obj004,644.006,90.100,-2486.070
2026-08-21 18:34:25.216,obj001,1318.267,90.100,-2006.479
2026-08-21 18:34:25.216,obj002,1213.915,90.100,-2299.075
2026-08-21 18:34:25.216,obj003,742.357,90.100,-2382.333
2026-08-21 18:34:25.216,obj004,642.455,90.100,-2485.924
2026-08-21 18:34:25.233,obj001,1318.267,90.100,-2006.479
2026-08-21 18:34:25.233,obj002,1213.915,90.100,-2299.075
2026-08-21 18:34:25.233,obj003,742.357,90.100,-2382.333
2026-08-21 18:34:25.233,obj004,642.455,90.100,-2485.924
2026-08-21 18:34:25.250,obj001,1320.405,90.100,-2004.671
2026-08-21 18:34:25.250,obj002,1210.802,90.100,-2299.888
2026-08-21 18:34:25.250,obj003,745.840,90.100,-2382.313
2026-08-21 18:34:25.250,obj004,639.282,90.100,-2485.624
2026-08-21 18:34:25.266,obj001,1320.405,90.100,-2004.671
2026-08-21 18:34:25.266,obj002,1210.802,90.100,-2299.888
2026-08-21 18:34:25.266,obj003,745.840,90.100,-2382.313
2026-08-21 18:34:25.266,obj004,639.282,90.100,-2485.624
2026-08-21 18:34:25.300,obj001,1322.496,90.100,-2002.809
2026-08-21 18:34:25.300,obj002,1207.718,90.100,-2300.801
2026-08-21 18:34:25.300,obj003,749.319,90.100,-2382.184
2026-08-21 18:34:25.300,obj004,636.109,90.100,-2485.325
2026-08-21 18:34:25.316,obj001,1324.539,90.100,-2000.893
2026-08-21 18:34:25.316,obj002,1204.664,90.100,-2301.811
2026-08-21 18:34:25.316,obj003,752.794,90.100,-2381.944
2026-08-21 18:34:25.316,obj004,632.936,90.100,-2485.026
2026-08-21 18:34:25.333,obj001,1324.539,90.100,-2000.893
2026-08-21 18:34:25.333,obj002,1204.664,90.100,-2301.811
2026-08-21 18:34:25.333,obj003,752.794,90.100,-2381.944
2026-08-21 18:34:25.333,obj004,632.936,90.100,-2485.026
2026-08-21 18:34:25.366,obj001,1326.532,90.100,-1998.926
2026-08-21 18:34:25.366,obj002,1201.645,90.100,-2302.920
2026-08-21 18:34:25.366,obj003,756.258,90.100,-2381.594
2026-08-21 18:34:25.366,obj004,629.763,90.100,-2484.727
2026-08-21 18:34:25.383,obj001,1328.475,90.100,-1996.909
2026-08-21 18:34:25.383,obj002,1198.662,90.100,-2304.125
2026-08-21 18:34:25.383,obj003,759.710,90.100,-2381.135
2026-08-21 18:34:25.383,obj004,626.590,90.100,-2484.428
2026-08-21 18:34:25.400,obj001,1329.426,90.100,-1995.882
2026-08-21 18:34:25.400,obj002,1197.186,90.100,-2304.763
2026-08-21 18:34:25.400,obj003,761.430,90.100,-2380.865
2026-08-21 18:34:25.400,obj004,624.969,90.100,-2484.275
2026-08-21 18:34:25.416,obj001,1330.364,90.100,-1994.842
2026-08-21 18:34:25.416,obj002,1195.720,90.100,-2305.425
2026-08-21 18:34:25.416,obj003,763.146,90.100,-2380.567
2026-08-21 18:34:25.416,obj004,623.417,90.100,-2484.129
2026-08-21 18:34:25.433,obj001,1330.364,90.100,-1994.842
2026-08-21 18:34:25.433,obj002,1195.720,90.100,-2305.425
2026-08-21 18:34:25.433,obj003,763.146,90.100,-2380.567
2026-08-21 18:34:25.433,obj004,623.417,90.100,-2484.129
2026-08-21 18:34:25.466,obj001,1332.200,90.100,-1992.728
2026-08-21 18:34:25.466,obj002,1192.821,90.100,-2306.819
2026-08-21 18:34:25.466,obj003,766.562,90.100,-2379.890
2026-08-21 18:34:25.466,obj004,620.244,90.100,-2483.830
2026-08-21 18:34:25.483,obj001,1333.982,90.100,-1990.567
2026-08-21 18:34:25.483,obj002,1189.968,90.100,-2308.305
2026-08-21 18:34:25.483,obj003,769.954,90.100,-2379.106
2026-08-21 18:34:25.483,obj004,617.071,90.100,-2483.531
2026-08-21 18:34:25.500,obj001,1333.982,90.100,-1990.567
2026-08-21 18:34:25.500,obj002,1189.968,90.100,-2308.305
2026-08-21 18:34:25.500,obj003,769.954,90.100,-2379.106
2026-08-21 18:34:25.500,obj004,617.071,90.100,-2483.531
2026-08-21 18:34:25.533,obj001,1335.707,90.100,-1988.361
2026-08-21 18:34:25.533,obj002,1187.165,90.100,-2309.882
2026-08-21 18:34:25.533,obj003,773.321,90.100,-2378.214
2026-08-21 18:34:25.533,obj004,613.898,90.100,-2483.232
2026-08-21 18:34:25.550,obj001,1337.376,90.100,-1986.112
2026-08-21 18:34:25.550,obj002,1184.413,90.100,-2311.549
2026-08-21 18:34:25.550,obj003,776.657,90.100,-2377.216
2026-08-21 18:34:25.550,obj004,610.725,90.100,-2482.933
2026-08-21 18:34:25.566,obj001,1337.376,90.100,-1986.112
2026-08-21 18:34:25.566,obj002,1184.413,90.100,-2311.549
2026-08-21 18:34:25.566,obj003,776.657,90.100,-2377.216
2026-08-21 18:34:25.566,obj004,610.725,90.100,-2482.933
2026-08-21 18:34:25.600,obj001,1338.986,90.100,-1983.821
2026-08-21 18:34:25.600,obj002,1181.716,90.100,-2313.301
2026-08-21 18:34:25.600,obj003,779.960,90.100,-2376.113
2026-08-21 18:34:25.600,obj004,607.553,90.100,-2482.634
2026-08-21 18:34:25.616,obj001,1340.537,90.100,-1981.489
2026-08-21 18:34:25.616,obj002,1179.078,90.100,-2315.141
2026-08-21 18:34:25.616,obj003,783.226,90.100,-2374.906
2026-08-21 18:34:25.616,obj004,604.380,90.100,-2482.335
2026-08-21 18:34:25.633,obj001,1341.289,90.100,-1980.309
2026-08-21 18:34:25.633,obj002,1177.781,90.100,-2316.093
2026-08-21 18:34:25.633,obj003,784.845,90.100,-2374.264
2026-08-21 18:34:25.633,obj004,602.758,90.100,-2482.182
2026-08-21 18:34:25.650,obj001,1342.027,90.100,-1979.119
2026-08-21 18:34:25.650,obj002,1176.500,90.100,-2317.065
2026-08-21 18:34:25.650,obj003,786.453,90.100,-2373.596
2026-08-21 18:34:25.650,obj004,601.207,90.100,-2482.036
2026-08-21 18:34:25.666,obj001,1342.027,90.100,-1979.119
2026-08-21 18:34:25.666,obj002,1176.500,90.100,-2317.065
2026-08-21 18:34:25.666,obj003,786.453,90.100,-2373.596
2026-08-21 18:34:25.666,obj004,601.207,90.100,-2482.036
2026-08-21 18:34:25.700,obj001,1343.457,90.100,-1976.711
2026-08-21 18:34:25.700,obj002,1173.985,90.100,-2319.071
2026-08-21 18:34:25.700,obj003,789.636,90.100,-2372.185
2026-08-21 18:34:25.700,obj004,598.034,90.100,-2481.737
2026-08-21 18:34:25.716,obj001,1344.824,90.100,-1974.267
2026-08-21 18:34:25.716,obj002,1171.536,90.100,-2321.157
2026-08-21 18:34:25.716,obj003,792.773,90.100,-2370.673
2026-08-21 18:34:25.716,obj004,594.861,90.100,-2481.437
2026-08-21 18:34:25.733,obj001,1344.824,90.100,-1974.267
2026-08-21 18:34:25.733,obj002,1171.536,90.100,-2321.157
2026-08-21 18:34:25.733,obj003,792.773,90.100,-2370.673
2026-08-21 18:34:25.733,obj004,594.861,90.100,-2481.437
2026-08-21 18:34:25.766,obj001,1346.128,90.100,-1971.788
2026-08-21 18:34:25.766,obj002,1169.153,90.100,-2323.317
2026-08-21 18:34:25.766,obj003,795.861,90.100,-2369.063
2026-08-21 18:34:25.766,obj004,591.688,90.100,-2481.138
2026-08-21 18:34:25.783,obj001,1347.368,90.100,-1969.278
2026-08-21 18:34:25.783,obj002,1166.843,90.100,-2325.556
2026-08-21 18:34:25.783,obj003,798.896,90.100,-2367.356
2026-08-21 18:34:25.783,obj004,588.515,90.100,-2480.839
2026-08-21 18:34:25.800,obj001,1347.964,90.100,-1968.011
2026-08-21 18:34:25.800,obj002,1165.716,90.100,-2326.702
2026-08-21 18:34:25.800,obj003,800.393,90.100,-2366.466
2026-08-21 18:34:25.800,obj004,586.893,90.100,-2480.686
2026-08-21 18:34:25.816,obj001,1348.543,90.100,-1966.736
2026-08-21 18:34:25.816,obj002,1164.606,90.100,-2327.867
2026-08-21 18:34:25.816,obj003,801.876,90.100,-2365.553
2026-08-21 18:34:25.816,obj004,585.342,90.100,-2480.540
2026-08-21 18:34:25.833,obj001,1348.543,90.100,-1966.736
2026-08-21 18:34:25.833,obj002,1164.606,90.100,-2327.867
2026-08-21 18:34:25.833,obj003,801.876,90.100,-2365.553
2026-08-21 18:34:25.833,obj004,585.342,90.100,-2480.540
2026-08-21 18:34:25.866,obj001,1349.653,90.100,-1964.165
2026-08-21 18:34:25.866,obj002,1162.445,90.100,-2330.249
2026-08-21 18:34:25.866,obj003,804.797,90.099,-2363.658
2026-08-21 18:34:25.866,obj004,582.169,90.100,-2480.241
2026-08-21 18:34:25.883,obj001,1350.697,90.100,-1961.566
2026-08-21 18:34:25.883,obj002,1160.361,90.100,-2332.700
2026-08-21 18:34:25.883,obj003,807.656,90.100,-2361.671
2026-08-21 18:34:25.883,obj004,578.996,90.100,-2479.942
2026-08-21 18:34:25.900,obj001,1350.697,90.100,-1961.566
2026-08-21 18:34:25.900,obj002,1160.361,90.100,-2332.700
2026-08-21 18:34:25.900,obj003,807.656,90.100,-2361.671
2026-08-21 18:34:25.900,obj004,578.996,90.100,-2479.942
2026-08-21 18:34:25.933,obj001,1351.674,90.100,-1958.942
2026-08-21 18:34:25.933,obj002,1158.357,90.100,-2335.216
2026-08-21 18:34:25.933,obj003,810.451,90.100,-2359.594
2026-08-21 18:34:25.933,obj004,575.823,90.100,-2479.643
2026-08-21 18:34:25.950,obj001,1352.583,90.100,-1956.293
2026-08-21 18:34:25.950,obj002,1156.434,90.100,-2337.795
2026-08-21 18:34:25.950,obj003,813.179,90.100,-2357.429
2026-08-21 18:34:25.950,obj004,572.650,90.100,-2479.344
2026-08-21 18:34:25.966,obj001,1353.012,90.100,-1954.960
2026-08-21 18:34:25.966,obj002,1155.504,90.100,-2339.107
2026-08-21 18:34:25.966,obj003,814.517,90.100,-2356.315
2026-08-21 18:34:25.966,obj004,571.028,90.100,-2479.191
2026-08-21 18:34:25.983,obj001,1353.424,90.100,-1953.622
2026-08-21 18:34:25.983,obj002,1154.596,90.100,-2340.434
2026-08-21 18:34:25.983,obj003,815.838,90.100,-2355.180
2026-08-21 18:34:25.983,obj004,569.477,90.100,-2479.045
2026-08-21 18:34:26.000,obj001,1353.818,90.100,-1952.279
2026-08-21 18:34:26.000,obj002,1153.708,90.100,-2341.776
2026-08-21 18:34:26.000,obj003,817.139,90.100,-2354.024
2026-08-21 18:34:26.000,obj004,567.855,90.100,-2478.892
2026-08-21 18:34:26.016,obj001,1354.196,90.100,-1950.930
2026-08-21 18:34:26.016,obj002,1152.843,90.100,-2343.131
2026-08-21 18:34:26.016,obj003,818.423,90.100,-2352.847
2026-08-21 18:34:26.016,obj004,566.304,90.100,-2478.746
2026-08-21 18:34:26.033,obj001,1354.196,90.100,-1950.930
2026-08-21 18:34:26.033,obj002,1152.843,90.100,-2343.131
2026-08-21 18:34:26.033,obj003,818.423,90.100,-2352.847
2026-08-21 18:34:26.033,obj004,566.304,90.100,-2478.746
2026-08-21 18:34:26.066,obj001,1354.899,90.100,-1948.219
2026-08-21 18:34:26.066,obj002,1151.177,90.100,-2345.883
2026-08-21 18:34:26.066,obj003,820.932,90.103,-2350.434
2026-08-21 18:34:26.066,obj004,563.131,90.100,-2478.447
2026-08-21 18:34:26.083,obj001,1355.532,90.100,-1945.491
2026-08-21 18:34:26.083,obj002,1149.601,90.100,-2348.687
2026-08-21 18:34:26.083,obj003,823.366,90.101,-2347.942
2026-08-21 18:34:26.083,obj004,559.958,90.100,-2478.148
2026-08-21 18:34:26.100,obj001,1355.532,90.100,-1945.491
2026-08-21 18:34:26.100,obj002,1149.601,90.100,-2348.687
2026-08-21 18:34:26.100,obj003,823.366,90.101,-2347.942
2026-08-21 18:34:26.100,obj004,559.958,90.100,-2478.148
2026-08-21 18:34:26.133,obj001,1356.095,90.100,-1942.748
2026-08-21 18:34:26.133,obj002,1148.116,90.100,-2351.540
2026-08-21 18:34:26.133,obj003,825.718,90.100,-2345.374
2026-08-21 18:34:26.133,obj004,556.785,90.100,-2477.849
2026-08-21 18:34:26.150,obj001,1356.587,90.100,-1939.992
2026-08-21 18:34:26.150,obj002,1146.722,90.100,-2354.440
2026-08-21 18:34:26.150,obj003,827.988,90.100,-2342.734
2026-08-21 18:34:26.150,obj004,553.612,90.100,-2477.550
2026-08-21 18:34:26.166,obj001,1356.807,90.100,-1938.609
2026-08-21 18:34:26.166,obj002,1146.061,90.100,-2355.906
2026-08-21 18:34:26.166,obj003,829.091,90.100,-2341.387
2026-08-21 18:34:26.166,obj004,551.990,90.100,-2477.397
2026-08-21 18:34:26.183,obj001,1357.009,90.100,-1937.223
2026-08-21 18:34:26.183,obj002,1145.423,90.100,-2357.382
2026-08-21 18:34:26.183,obj003,830.173,90.100,-2340.023
2026-08-21 18:34:26.183,obj004,550.439,90.100,-2477.250
2026-08-21 18:34:26.200,obj001,1357.009,90.100,-1937.223
2026-08-21 18:34:26.200,obj002,1145.423,90.100,-2357.382
2026-08-21 18:34:26.200,obj003,830.173,90.100,-2340.023
2026-08-21 18:34:26.200,obj004,550.439,90.100,-2477.250
2026-08-21 18:34:26.233,obj001,1357.360,90.100,-1934.445
2026-08-21 18:34:26.233,obj002,1144.219,90.100,-2360.365
2026-08-21 18:34:26.233,obj003,832.272,90.100,-2337.243
2026-08-21 18:34:26.233,obj004,547.266,90.100,-2476.951
2026-08-21 18:34:26.250,obj001,1357.639,90.100,-1931.658
2026-08-21 18:34:26.250,obj002,1143.111,90.100,-2363.385
2026-08-21 18:34:26.250,obj003,834.281,90.100,-2334.399
2026-08-21 18:34:26.250,obj004,544.093,90.100,-2476.652
2026-08-21 18:34:26.266,obj001,1357.752,90.100,-1930.263
2026-08-21 18:34:26.266,obj002,1142.593,90.100,-2364.908
2026-08-21 18:34:26.266,obj003,835.251,90.100,-2332.954
2026-08-21 18:34:26.266,obj004,542.471,90.100,-2476.499
2026-08-21 18:34:26.283,obj001,1357.847,90.100,-1928.866
2026-08-21 18:34:26.283,obj002,1142.100,90.100,-2366.439
2026-08-21 18:34:26.283,obj003,836.199,90.100,-2331.493
2026-08-21 18:34:26.283,obj004,540.920,90.100,-2476.353
2026-08-21 18:34:26.300,obj001,1357.924,90.100,-1927.468
2026-08-21 18:34:26.300,obj002,1141.632,90.100,-2367.977
2026-08-21 18:34:26.300,obj003,837.123,90.100,-2330.018
2026-08-21 18:34:26.300,obj004,539.298,90.100,-2476.200
2026-08-21 18:34:26.316,obj001,1357.984,90.100,-1926.069
2026-08-21 18:34:26.316,obj002,1141.188,90.100,-2369.523
2026-08-21 18:34:26.316,obj003,838.024,90.100,-2328.528
2026-08-21 18:34:26.316,obj004,537.747,90.100,-2476.054
2026-08-21 18:34:26.333,obj001,1358.025,90.100,-1924.669
2026-08-21 18:34:26.333,obj002,1140.769,90.100,-2371.076
2026-08-21 18:34:26.333,obj003,838.901,90.100,-2327.023
2026-08-21 18:34:26.333,obj004,536.125,90.100,-2475.901
2026-08-21 18:34:26.350,obj001,1358.048,90.100,-1923.269
2026-08-21 18:34:26.350,obj002,1140.375,90.100,-2372.635
2026-08-21 18:34:26.350,obj003,839.754,90.100,-2325.506
2026-08-21 18:34:26.350,obj004,534.574,90.100,-2475.755
2026-08-21 18:34:26.366,obj001,1358.053,90.100,-1921.869
2026-08-21 18:34:26.366,obj002,1140.006,90.100,-2374.201
2026-08-21 18:34:26.366,obj003,840.583,90.100,-2323.974
2026-08-21 18:34:26.366,obj004,532.953,90.100,-2475.602
2026-08-21 18:34:26.383,obj001,1358.041,90.100,-1920.469
2026-08-21 18:34:26.383,obj002,1139.663,90.100,-2375.772
2026-08-21 18:34:26.383,obj003,841.388,90.100,-2322.430
2026-08-21 18:34:26.383,obj004,531.401,90.100,-2475.456
2026-08-21 18:34:26.400,obj001,1358.041,90.100,-1920.469
2026-08-21 18:34:26.400,obj002,1139.663,90.100,-2375.772
2026-08-21 18:34:26.400,obj003,841.388,90.100,-2322.430
2026-08-21 18:34:26.400,obj004,531.401,90.100,-2475.456
2026-08-21 18:34:26.433,obj001,1357.962,90.100,-1917.669
2026-08-21 18:34:26.433,obj002,1139.051,90.100,-2378.930
2026-08-21 18:34:26.433,obj003,842.924,90.100,-2319.305
2026-08-21 18:34:26.433,obj004,528.228,90.100,-2475.157
2026-08-21 18:34:26.450,obj001,1357.812,90.100,-1914.873
2026-08-21 18:34:26.450,obj002,1138.542,90.100,-2382.106
2026-08-21 18:34:26.450,obj003,844.359,90.100,-2316.132
2026-08-21 18:34:26.450,obj004,525.055,90.100,-2474.858
2026-08-21 18:34:26.466,obj001,1357.812,90.100,-1914.873
2026-08-21 18:34:26.466,obj002,1138.542,90.100,-2382.106
2026-08-21 18:34:26.466,obj003,844.359,90.100,-2316.132
2026-08-21 18:34:26.466,obj004,525.055,90.100,-2474.858
2026-08-21 18:34:26.500,obj001,1357.589,90.100,-1912.082
2026-08-21 18:34:26.500,obj002,1138.134,90.100,-2385.297
2026-08-21 18:34:26.500,obj003,845.694,90.100,-2312.915
2026-08-21 18:34:26.500,obj004,521.882,90.100,-2474.559
2026-08-21 18:34:26.516,obj001,1357.296,90.100,-1909.296
2026-08-21 18:34:26.516,obj002,1137.827,90.100,-2388.499
2026-08-21 18:34:26.516,obj003,846.926,90.100,-2309.659
2026-08-21 18:34:26.516,obj004,518.709,90.100,-2474.260
2026-08-21 18:34:26.533,obj001,1357.122,90.100,-1907.907
2026-08-21 18:34:26.533,obj002,1137.713,90.100,-2390.103
2026-08-21 18:34:26.533,obj003,847.503,90.100,-2308.016
2026-08-21 18:34:26.533,obj004,517.087,90.100,-2474.107
2026-08-21 18:34:26.550,obj001,1356.931,90.100,-1906.520
2026-08-21 18:34:26.550,obj002,1137.625,90.100,-2391.709
2026-08-21 18:34:26.550,obj003,848.054,90.100,-2306.364
2026-08-21 18:34:26.550,obj004,515.536,90.100,-2473.961
2026-08-21 18:34:26.566,obj001,1356.931,90.100,-1906.520
2026-08-21 18:34:26.566,obj002,1137.625,90.100,-2391.709
2026-08-21 18:34:26.566,obj003,848.054,90.100,-2306.364
2026-08-21 18:34:26.566,obj004,515.536,90.100,-2473.961
2026-08-21 18:34:26.600,obj001,1356.495,90.100,-1903.754
2026-08-21 18:34:26.600,obj002,1137.525,90.100,-2394.925
2026-08-21 18:34:26.600,obj003,849.078,90.100,-2303.036
2026-08-21 18:34:26.600,obj004,512.363,90.100,-2473.662
2026-08-21 18:34:26.616,obj001,1355.989,90.100,-1901.000
2026-08-21 18:34:26.616,obj002,1137.529,90.100,-2398.141
2026-08-21 18:34:26.616,obj003,849.995,90.100,-2299.676
2026-08-21 18:34:26.616,obj004,509.190,90.100,-2473.363
2026-08-21 18:34:26.633,obj001,1355.989,90.100,-1901.000
2026-08-21 18:34:26.633,obj002,1137.529,90.100,-2398.141
2026-08-21 18:34:26.633,obj003,849.995,90.100,-2299.676
2026-08-21 18:34:26.633,obj004,509.190,90.100,-2473.363
2026-08-21 18:34:26.666,obj001,1355.412,90.100,-1898.259
2026-08-21 18:34:26.666,obj002,1137.636,90.100,-2401.356
2026-08-21 18:34:26.666,obj003,850.806,90.100,-2296.290
2026-08-21 18:34:26.666,obj004,506.017,90.100,-2473.063
2026-08-21 18:34:26.683,obj001,1354.765,90.100,-1895.535
2026-08-21 18:34:26.683,obj002,1137.847,90.100,-2404.566
2026-08-21 18:34:26.683,obj003,851.509,90.100,-2292.879
2026-08-21 18:34:26.683,obj004,502.844,90.100,-2472.764
2026-08-21 18:34:26.700,obj001,1354.765,90.100,-1895.535
2026-08-21 18:34:26.700,obj002,1137.847,90.100,-2404.566
2026-08-21 18:34:26.700,obj003,851.509,90.100,-2292.879
2026-08-21 18:34:26.700,obj004,502.844,90.100,-2472.764
2026-08-21 18:34:26.733,obj001,1354.048,90.100,-1892.828
2026-08-21 18:34:26.733,obj002,1138.160,90.100,-2407.767
2026-08-21 18:34:26.733,obj003,852.111,90.100,-2289.450
2026-08-21 18:34:26.733,obj004,499.671,90.100,-2472.465
2026-08-21 18:34:26.750,obj001,1353.263,90.100,-1890.140
2026-08-21 18:34:26.750,obj002,1138.576,90.100,-2410.957
2026-08-21 18:34:26.750,obj003,852.682,90.100,-2286.086
2026-08-21 18:34:26.750,obj004,496.498,90.100,-2472.166
2026-08-21 18:34:26.766,obj001,1353.263,90.100,-1890.140
2026-08-21 18:34:26.766,obj002,1138.576,90.100,-2410.957
2026-08-21 18:34:26.766,obj003,852.682,90.100,-2286.086
2026-08-21 18:34:26.766,obj004,496.498,90.100,-2472.166
2026-08-21 18:34:26.800,obj001,1352.408,90.100,-1887.473
2026-08-21 18:34:26.800,obj002,1139.094,90.100,-2414.132
2026-08-21 18:34:26.800,obj003,853.253,90.100,-2282.723
2026-08-21 18:34:26.800,obj004,493.325,90.100,-2471.867
2026-08-21 18:34:26.816,obj001,1351.486,90.100,-1884.829
2026-08-21 18:34:26.816,obj002,1139.714,90.100,-2417.288
2026-08-21 18:34:26.816,obj003,853.824,90.100,-2279.360
2026-08-21 18:34:26.816,obj004,490.152,90.100,-2471.568
2026-08-21 18:34:26.833,obj001,1351.486,90.100,-1884.829
2026-08-21 18:34:26.833,obj002,1139.714,90.100,-2417.288
2026-08-21 18:34:26.833,obj003,853.824,90.100,-2279.360
2026-08-21 18:34:26.833,obj004,490.152,90.100,-2471.568
2026-08-21 18:34:26.866,obj001,1350.496,90.100,-1882.209
2026-08-21 18:34:26.866,obj002,1140.436,90.100,-2420.423
2026-08-21 18:34:26.866,obj003,854.395,90.100,-2275.997
2026-08-21 18:34:26.866,obj004,486.979,90.100,-2471.269
2026-08-21 18:34:26.883,obj001,1349.439,90.100,-1879.616
2026-08-21 18:34:26.883,obj002,1141.257,90.100,-2423.533
2026-08-21 18:34:26.883,obj003,854.966,90.100,-2272.633
2026-08-21 18:34:26.883,obj004,483.806,90.100,-2470.970
2026-08-21 18:34:26.900,obj001,1349.439,90.100,-1879.616
2026-08-21 18:34:26.900,obj002,1141.257,90.100,-2423.533
2026-08-21 18:34:26.900,obj003,854.966,90.100,-2272.633
2026-08-21 18:34:26.900,obj004,483.806,90.100,-2470.970
2026-08-21 18:34:26.933,obj001,1348.316,90.100,-1877.050
2026-08-21 18:34:26.933,obj002,1142.177,90.100,-2426.615
2026-08-21 18:34:26.933,obj003,855.537,90.100,-2269.270
2026-08-21 18:34:26.933,obj004,480.633,90.100,-2470.671
2026-08-21 18:34:26.950,obj001,1347.128,90.100,-1874.515
2026-08-21 18:34:26.950,obj002,1143.197,90.100,-2429.666
2026-08-21 18:34:26.950,obj003,856.108,90.100,-2265.907
2026-08-21 18:34:26.950,obj004,477.460,90.100,-2470.372
2026-08-21 18:34:26.966,obj001,1346.510,90.100,-1873.258
2026-08-21 18:34:26.966,obj002,1143.743,90.100,-2431.178
2026-08-21 18:34:26.966,obj003,856.388,90.100,-2264.260
2026-08-21 18:34:26.966,obj004,475.839,90.100,-2470.219
2026-08-21 18:34:26.983,obj001,1345.876,90.100,-1872.010
2026-08-21 18:34:26.983,obj002,1144.313,90.100,-2432.682
2026-08-21 18:34:26.983,obj003,856.679,90.100,-2262.543
2026-08-21 18:34:26.983,obj004,474.287,90.100,-2470.073
2026-08-21 18:34:27.000,obj001,1345.876,90.100,-1872.010
2026-08-21 18:34:27.000,obj002,1144.313,90.100,-2432.682
2026-08-21 18:34:27.000,obj003,856.679,90.100,-2262.543
2026-08-21 18:34:27.000,obj004,474.287,90.100,-2470.073
2026-08-21 18:34:27.033,obj001,1344.559,90.100,-1869.538
2026-08-21 18:34:27.033,obj002,1145.526,90.100,-2435.661
2026-08-21 18:34:27.033,obj003,857.250,90.100,-2259.180
2026-08-21 18:34:27.033,obj004,471.113,90.096,-2469.774
2026-08-21 18:34:27.050,obj001,1343.180,90.100,-1867.101
2026-08-21 18:34:27.050,obj002,1146.834,90.100,-2438.600
2026-08-21 18:34:27.050,obj003,857.821,90.100,-2255.817
2026-08-21 18:34:27.050,obj004,467.941,90.099,-2469.475
2026-08-21 18:34:27.066,obj001,1343.180,90.100,-1867.101
2026-08-21 18:34:27.066,obj002,1146.834,90.100,-2438.600
2026-08-21 18:34:27.066,obj003,857.821,90.100,-2255.817
2026-08-21 18:34:27.066,obj004,467.941,90.099,-2469.475
2026-08-21 18:34:27.100,obj001,1341.738,90.100,-1864.700
2026-08-21 18:34:27.100,obj002,1148.236,90.100,-2441.495
2026-08-21 18:34:27.100,obj003,858.392,90.100,-2252.454
2026-08-21 18:34:27.100,obj004,464.768,90.100,-2469.176
2026-08-21 18:34:27.116,obj001,1340.236,90.100,-1862.337
2026-08-21 18:34:27.116,obj002,1149.729,90.100,-2444.344
2026-08-21 18:34:27.116,obj003,858.963,90.100,-2249.090
2026-08-21 18:34:27.116,obj004,461.595,90.100,-2468.877
2026-08-21 18:34:27.133,obj001,1339.462,90.100,-1861.170
2026-08-21 18:34:27.133,obj002,1150.510,90.100,-2445.750
2026-08-21 18:34:27.133,obj003,859.243,90.100,-2247.444
2026-08-21 18:34:27.133,obj004,459.973,90.100,-2468.724
2026-08-21 18:34:27.150,obj001,1338.674,90.100,-1860.013
2026-08-21 18:34:27.150,obj002,1151.314,90.100,-2447.143
2026-08-21 18:34:27.150,obj003,859.534,90.100,-2245.727
2026-08-21 18:34:27.150,obj004,458.422,90.100,-2468.578
2026-08-21 18:34:27.166,obj001,1338.674,90.100,-1860.013
2026-08-21 18:34:27.166,obj002,1151.314,90.100,-2447.143
2026-08-21 18:34:27.166,obj003,859.534,90.100,-2245.727
2026-08-21 18:34:27.166,obj004,458.422,90.100,-2468.578
2026-08-21 18:34:27.200,obj001,1337.052,90.100,-1857.730
2026-08-21 18:34:27.200,obj002,1152.988,90.100,-2449.890
2026-08-21 18:34:27.200,obj003,860.105,90.100,-2242.364
2026-08-21 18:34:27.200,obj004,455.249,90.100,-2468.278
2026-08-21 18:34:27.216,obj001,1335.373,90.100,-1855.489
2026-08-21 18:34:27.216,obj002,1154.749,90.100,-2452.582
2026-08-21 18:34:27.216,obj003,860.676,90.100,-2239.000
2026-08-21 18:34:27.216,obj004,452.076,90.100,-2467.979
2026-08-21 18:34:27.233,obj001,1334.512,90.100,-1854.385
2026-08-21 18:34:27.233,obj002,1155.662,90.100,-2453.906
2026-08-21 18:34:27.233,obj003,860.956,90.100,-2237.354
2026-08-21 18:34:27.233,obj004,450.454,90.100,-2467.826
2026-08-21 18:34:27.250,obj001,1333.636,90.100,-1853.292
2026-08-21 18:34:27.250,obj002,1156.596,90.100,-2455.215
2026-08-21 18:34:27.250,obj003,861.248,90.100,-2235.637
2026-08-21 18:34:27.250,obj004,448.903,90.100,-2467.680
2026-08-21 18:34:27.266,obj001,1333.636,90.100,-1853.292
2026-08-21 18:34:27.266,obj002,1156.596,90.100,-2455.215
2026-08-21 18:34:27.266,obj003,861.248,90.100,-2235.637
2026-08-21 18:34:27.266,obj004,448.903,90.100,-2467.680
2026-08-21 18:34:27.300,obj001,1331.844,90.100,-1851.140
2026-08-21 18:34:27.300,obj002,1158.528,90.100,-2457.787
2026-08-21 18:34:27.300,obj003,861.819,90.100,-2232.274
2026-08-21 18:34:27.300,obj004,445.730,90.100,-2467.381
2026-08-21 18:34:27.316,obj001,1329.998,90.100,-1849.035
2026-08-21 18:34:27.316,obj002,1160.541,90.100,-2460.296
2026-08-21 18:34:27.316,obj003,862.390,90.100,-2228.911
2026-08-21 18:34:27.316,obj004,442.557,90.100,-2467.082
2026-08-21 18:34:27.333,obj001,1329.998,90.100,-1849.035
2026-08-21 18:34:27.333,obj002,1160.541,90.100,-2460.296
2026-08-21 18:34:27.333,obj003,862.390,90.100,-2228.911
2026-08-21 18:34:27.333,obj004,442.557,90.100,-2467.082
2026-08-21 18:34:27.366,obj001,1328.098,90.100,-1846.977
2026-08-21 18:34:27.366,obj002,1162.633,90.100,-2462.739
2026-08-21 18:34:27.366,obj003,862.961,90.100,-2225.547
2026-08-21 18:34:27.366,obj004,439.384,90.100,-2466.783
2026-08-21 18:34:27.383,obj001,1326.146,90.100,-1844.970
2026-08-21 18:34:27.383,obj002,1164.803,90.100,-2465.114
2026-08-21 18:34:27.383,obj003,863.532,90.100,-2222.184
2026-08-21 18:34:27.383,obj004,436.211,90.100,-2466.484
2026-08-21 18:34:27.400,obj001,1326.146,90.100,-1844.970
2026-08-21 18:34:27.400,obj002,1164.803,90.100,-2465.114
2026-08-21 18:34:27.400,obj003,863.532,90.100,-2222.184
2026-08-21 18:34:27.400,obj004,436.211,90.100,-2466.484
2026-08-21 18:34:27.433,obj001,1324.143,90.100,-1843.013
2026-08-21 18:34:27.433,obj002,1167.048,90.100,-2467.417
2026-08-21 18:34:27.433,obj003,864.103,90.100,-2218.821
2026-08-21 18:34:27.433,obj004,433.038,90.100,-2466.185
2026-08-21 18:34:27.450,obj001,1322.091,90.100,-1841.107
2026-08-21 18:34:27.450,obj002,1169.366,90.100,-2469.647
2026-08-21 18:34:27.450,obj003,864.674,90.100,-2215.457
2026-08-21 18:34:27.450,obj004,429.865,90.099,-2465.886
2026-08-21 18:34:27.466,obj001,1322.091,90.100,-1841.107
2026-08-21 18:34:27.466,obj002,1169.366,90.100,-2469.647
2026-08-21 18:34:27.466,obj003,864.674,90.100,-2215.457
2026-08-21 18:34:27.466,obj004,429.865,90.099,-2465.886
2026-08-21 18:34:27.500,obj001,1319.990,90.100,-1839.255
2026-08-21 18:34:27.500,obj002,1171.755,90.100,-2471.802
2026-08-21 18:34:27.500,obj003,865.245,90.100,-2212.094
2026-08-21 18:34:27.500,obj004,426.692,90.100,-2465.587
2026-08-21 18:34:27.516,obj001,1317.843,90.100,-1837.457
2026-08-21 18:34:27.516,obj002,1174.211,90.100,-2473.879
2026-08-21 18:34:27.516,obj003,865.816,90.100,-2208.731
2026-08-21 18:34:27.516,obj004,423.519,90.100,-2465.288
2026-08-21 18:34:27.533,obj001,1316.752,90.100,-1836.579
2026-08-21 18:34:27.533,obj002,1175.463,90.100,-2474.888
2026-08-21 18:34:27.533,obj003,866.095,90.100,-2207.084
2026-08-21 18:34:27.533,obj004,421.897,90.100,-2465.135
2026-08-21 18:34:27.550,obj001,1315.650,90.100,-1835.715
2026-08-21 18:34:27.550,obj002,1176.732,90.100,-2475.877
2026-08-21 18:34:27.550,obj003,866.387,90.100,-2205.368
2026-08-21 18:34:27.550,obj004,420.346,90.100,-2464.989
2026-08-21 18:34:27.566,obj001,1315.650,90.100,-1835.715
2026-08-21 18:34:27.566,obj002,1176.732,90.100,-2475.877
2026-08-21 18:34:27.566,obj003,866.387,90.100,-2205.368
2026-08-21 18:34:27.566,obj004,420.346,90.100,-2464.989
2026-08-21 18:34:27.600,obj001,1313.414,90.100,-1834.030
2026-08-21 18:34:27.600,obj002,1179.315,90.100,-2477.793
2026-08-21 18:34:27.600,obj003,866.958,90.100,-2202.004
2026-08-21 18:34:27.600,obj004,417.172,90.096,-2464.690
2026-08-21 18:34:27.616,obj001,1311.135,90.100,-1832.403
2026-08-21 18:34:27.616,obj002,1181.961,90.100,-2479.623
2026-08-21 18:34:27.616,obj003,867.529,90.100,-2198.641
2026-08-21 18:34:27.616,obj004,413.999,90.099,-2464.391
2026-08-21 18:34:27.633,obj001,1309.980,90.100,-1831.611
2026-08-21 18:34:27.633,obj002,1183.305,90.100,-2480.506
2026-08-21 18:34:27.633,obj003,867.808,90.100,-2196.994
2026-08-21 18:34:27.633,obj004,412.378,90.099,-2464.238
2026-08-21 18:34:27.650,obj001,1308.815,90.100,-1830.835
2026-08-21 18:34:27.650,obj002,1184.664,90.100,-2481.367
2026-08-21 18:34:27.650,obj003,868.100,90.100,-2195.278
2026-08-21 18:34:27.650,obj004,410.827,90.100,-2464.092
2026-08-21 18:34:27.666,obj001,1308.815,90.100,-1830.835
2026-08-21 18:34:27.666,obj002,1184.664,90.100,-2481.367
2026-08-21 18:34:27.666,obj003,868.100,90.100,-2195.278
2026-08-21 18:34:27.666,obj004,410.827,90.100,-2464.092
2026-08-21 18:34:27.700,obj001,1306.455,90.100,-1829.326
2026-08-21 18:34:27.700,obj002,1187.420,90.100,-2483.026
2026-08-21 18:34:27.700,obj003,868.671,90.100,-2191.914
2026-08-21 18:34:27.700,obj004,407.654,90.100,-2463.793
2026-08-21 18:34:27.716,obj001,1304.058,90.100,-1827.878
2026-08-21 18:34:27.716,obj002,1190.228,90.100,-2484.594
2026-08-21 18:34:27.716,obj003,869.242,90.100,-2188.551
2026-08-21 18:34:27.716,obj004,404.481,90.100,-2463.494
2026-08-21 18:34:27.733,obj001,1304.058,90.100,-1827.878
2026-08-21 18:34:27.733,obj002,1190.228,90.100,-2484.594
2026-08-21 18:34:27.733,obj003,869.242,90.100,-2188.551
2026-08-21 18:34:27.733,obj004,404.481,90.100,-2463.494
2026-08-21 18:34:27.766,obj001,1301.625,90.100,-1826.493
2026-08-21 18:34:27.766,obj002,1193.085,90.100,-2486.072
2026-08-21 18:34:27.766,obj003,869.813,90.100,-2185.188
2026-08-21 18:34:27.766,obj004,401.308,90.100,-2463.195
2026-08-21 18:34:27.783,obj001,1299.156,90.100,-1825.170
2026-08-21 18:34:27.783,obj002,1195.989,90.100,-2487.458
2026-08-21 18:34:27.783,obj003,870.384,90.100,-2181.825
2026-08-21 18:34:27.783,obj004,398.135,90.100,-2462.896
2026-08-21 18:34:27.800,obj001,1299.156,90.100,-1825.170
2026-08-21 18:34:27.800,obj002,1195.989,90.100,-2487.458
2026-08-21 18:34:27.800,obj003,870.384,90.100,-2181.825
2026-08-21 18:34:27.800,obj004,398.135,90.100,-2462.896
2026-08-21 18:34:27.833,obj001,1296.459,90.100,-1823.791
2026-08-21 18:34:27.833,obj002,1198.967,90.100,-2488.792
2026-08-21 18:34:27.833,obj003,870.950,90.100,-2178.494
2026-08-21 18:34:27.833,obj004,394.839,90.100,-2462.586
2026-08-21 18:34:27.850,obj001,1293.622,90.100,-1822.340
2026-08-21 18:34:27.850,obj002,1202.079,90.369,-2490.184
2026-08-21 18:34:27.850,obj003,871.510,90.100,-2175.196
2026-08-21 18:34:27.850,obj004,391.561,90.100,-2462.277
2026-08-21 18:34:27.866,obj001,1293.622,90.100,-1822.340
2026-08-21 18:34:27.866,obj002,1202.079,90.369,-2490.184
2026-08-21 18:34:27.866,obj003,871.510,90.100,-2175.196
2026-08-21 18:34:27.866,obj004,391.561,90.100,-2462.277
2026-08-21 18:34:27.900,obj001,1290.784,90.100,-1820.888
2026-08-21 18:34:27.900,obj002,1205.454,90.166,-2491.694
2026-08-21 18:34:27.900,obj003,872.069,90.100,-2171.898
2026-08-21 18:34:27.900,obj004,388.283,90.100,-2461.968
2026-08-21 18:34:27.916,obj001,1287.946,90.100,-1819.437
2026-08-21 18:34:27.916,obj002,1208.716,90.116,-2493.154
2026-08-21 18:34:27.916,obj003,872.629,90.100,-2168.601
2026-08-21 18:34:27.916,obj004,385.004,90.100,-2461.659
2026-08-21 18:34:27.933,obj001,1286.559,90.100,-1818.728
2026-08-21 18:34:27.933,obj002,1210.303,90.108,-2493.865
2026-08-21 18:34:27.933,obj003,872.903,90.100,-2166.987
2026-08-21 18:34:27.933,obj004,383.401,90.100,-2461.508
2026-08-21 18:34:27.950,obj001,1285.109,90.100,-1817.986
2026-08-21 18:34:27.950,obj002,1211.962,90.104,-2494.607
2026-08-21 18:34:27.950,obj003,873.189,90.100,-2165.303
2026-08-21 18:34:27.950,obj004,381.726,90.100,-2461.350
2026-08-21 18:34:27.966,obj001,1285.109,90.100,-1817.986
2026-08-21 18:34:27.966,obj002,1211.962,90.104,-2494.607
2026-08-21 18:34:27.966,obj003,873.189,90.100,-2165.303
2026-08-21 18:34:27.966,obj004,381.726,90.100,-2461.350
2026-08-21 18:34:28.000,obj001,1282.271,90.100,-1816.535
2026-08-21 18:34:28.000,obj002,1215.209,90.101,-2496.060
2026-08-21 18:34:28.000,obj003,873.749,90.100,-2162.005
2026-08-21 18:34:28.000,obj004,378.448,90.100,-2461.041
2026-08-21 18:34:28.016,obj001,1279.433,90.100,-1815.084
2026-08-21 18:34:28.016,obj002,1218.455,90.100,-2497.512
2026-08-21 18:34:28.016,obj003,874.309,90.100,-2158.707
2026-08-21 18:34:28.016,obj004,375.170,90.100,-2460.733
2026-08-21 18:34:28.033,obj001,1279.433,90.100,-1815.084
2026-08-21 18:34:28.033,obj002,1218.455,90.100,-2497.512
2026-08-21 18:34:28.033,obj003,874.309,90.100,-2158.707
2026-08-21 18:34:28.033,obj004,375.170,90.100,-2460.733
2026-08-21 18:34:28.066,obj001,1276.596,90.100,-1813.632
2026-08-21 18:34:28.066,obj002,1221.701,90.100,-2498.965
2026-08-21 18:34:28.066,obj003,874.868,90.100,-2155.409
2026-08-21 18:34:28.066,obj004,371.892,90.100,-2460.424
2026-08-21 18:34:28.083,obj001,1273.758,90.100,-1812.181
2026-08-21 18:34:28.083,obj002,1224.947,90.100,-2500.417
2026-08-21 18:34:28.083,obj003,875.428,90.100,-2152.111
2026-08-21 18:34:28.083,obj004,368.614,90.100,-2460.115
2026-08-21 18:34:28.100,obj001,1272.371,90.100,-1811.472
2026-08-21 18:34:28.100,obj002,1226.537,90.100,-2501.129
2026-08-21 18:34:28.100,obj003,875.702,90.100,-2150.497
2026-08-21 18:34:28.100,obj004,367.010,90.100,-2459.964
2026-08-21 18:34:28.116,obj001,1270.920,90.100,-1810.730
2026-08-21 18:34:28.116,obj002,1228.192,90.100,-2501.870
2026-08-21 18:34:28.116,obj003,875.988,90.100,-2148.813
2026-08-21 18:34:28.116,obj004,365.336,90.100,-2459.806
2026-08-21 18:34:28.133,obj001,1269.533,90.100,-1810.020
2026-08-21 18:34:28.133,obj002,1229.783,90.100,-2502.582
2026-08-21 18:34:28.133,obj003,876.262,90.100,-2147.199
2026-08-21 18:34:28.133,obj004,363.732,90.100,-2459.655
2026-08-21 18:34:28.150,obj001,1268.083,90.100,-1809.279
2026-08-21 18:34:28.150,obj002,1231.438,90.100,-2503.322
2026-08-21 18:34:28.150,obj003,876.548,90.100,-2145.516
2026-08-21 18:34:28.150,obj004,362.058,90.100,-2459.497
2026-08-21 18:34:28.166,obj001,1266.695,90.100,-1808.569
2026-08-21 18:34:28.166,obj002,1233.029,90.100,-2504.034
2026-08-21 18:34:28.166,obj003,876.822,90.100,-2143.902
2026-08-21 18:34:28.166,obj004,360.454,90.100,-2459.346
2026-08-21 18:34:28.183,obj001,1265.245,90.100,-1807.827
2026-08-21 18:34:28.183,obj002,1234.684,90.100,-2504.775
2026-08-21 18:34:28.183,obj003,877.108,90.100,-2142.218
2026-08-21 18:34:28.183,obj004,358.779,90.100,-2459.188
2026-08-21 18:34:28.200,obj001,1263.858,90.100,-1807.118
2026-08-21 18:34:28.200,obj002,1236.275,90.100,-2505.487
2026-08-21 18:34:28.200,obj003,877.382,90.100,-2140.604
2026-08-21 18:34:28.200,obj004,357.176,90.101,-2459.037
2026-08-21 18:34:28.216,obj001,1262.407,90.100,-1806.376
2026-08-21 18:34:28.216,obj002,1237.930,90.100,-2506.227
2026-08-21 18:34:28.216,obj003,877.667,90.100,-2138.920
2026-08-21 18:34:28.216,obj004,355.502,90.100,-2458.880
2026-08-21 18:34:28.233,obj001,1261.020,90.100,-1805.667
2026-08-21 18:34:28.233,obj002,1239.520,90.100,-2506.939
2026-08-21 18:34:28.233,obj003,877.941,90.100,-2137.306
2026-08-21 18:34:28.233,obj004,353.898,90.100,-2458.728
2026-08-21 18:34:28.250,obj001,1259.570,90.100,-1804.925
2026-08-21 18:34:28.250,obj002,1241.176,90.100,-2507.680
2026-08-21 18:34:28.250,obj003,878.227,90.100,-2135.622
2026-08-21 18:34:28.250,obj004,352.223,90.100,-2458.571
2026-08-21 18:34:28.266,obj001,1258.182,90.100,-1804.216
2026-08-21 18:34:28.266,obj002,1242.766,90.100,-2508.391
2026-08-21 18:34:28.266,obj003,878.501,90.100,-2134.008
2026-08-21 18:34:28.266,obj004,350.620,90.100,-2458.420
2026-08-21 18:34:28.283,obj001,1256.732,90.100,-1803.474
2026-08-21 18:34:28.283,obj002,1244.421,90.100,-2509.132
2026-08-21 18:34:28.283,obj003,878.787,90.100,-2132.324
2026-08-21 18:34:28.283,obj004,348.945,90.100,-2458.262
2026-08-21 18:34:28.300,obj001,1256.732,90.100,-1803.474
2026-08-21 18:34:28.300,obj002,1244.421,90.100,-2509.132
2026-08-21 18:34:28.300,obj003,878.787,90.100,-2132.324
2026-08-21 18:34:28.300,obj004,348.945,90.100,-2458.262
2026-08-21 18:34:28.333,obj001,1253.894,90.100,-1802.023
2026-08-21 18:34:28.333,obj002,1247.667,90.100,-2510.584
2026-08-21 18:34:28.333,obj003,879.347,90.100,-2129.026
2026-08-21 18:34:28.333,obj004,345.667,90.100,-2457.953
2026-08-21 18:34:28.350,obj001,1251.057,90.100,-1800.571
2026-08-21 18:34:28.350,obj002,1250.913,90.100,-2512.037
2026-08-21 18:34:28.350,obj003,879.907,90.100,-2125.728
2026-08-21 18:34:28.350,obj004,342.389,90.100,-2457.644
2026-08-21 18:34:28.366,obj001,1251.057,90.100,-1800.571
2026-08-21 18:34:28.366,obj002,1250.913,90.100,-2512.037
2026-08-21 18:34:28.366,obj003,879.907,90.100,-2125.728
2026-08-21 18:34:28.366,obj004,342.389,90.100,-2457.644
2026-08-21 18:34:28.400,obj001,1248.219,90.100,-1799.120
2026-08-21 18:34:28.400,obj002,1254.158,90.100,-2513.489
2026-08-21 18:34:28.400,obj003,880.467,90.100,-2122.431
2026-08-21 18:34:28.400,obj004,339.111,90.100,-2457.335
2026-08-21 18:34:28.416,obj001,1245.381,90.100,-1797.669
2026-08-21 18:34:28.416,obj002,1257.404,90.100,-2514.942
2026-08-21 18:34:28.416,obj003,881.026,90.100,-2119.133
2026-08-21 18:34:28.416,obj004,335.833,90.100,-2457.027
2026-08-21 18:34:28.433,obj001,1245.381,90.100,-1797.669
2026-08-21 18:34:28.433,obj002,1257.404,90.100,-2514.942
2026-08-21 18:34:28.433,obj003,881.026,90.100,-2119.133
2026-08-21 18:34:28.433,obj004,335.833,90.100,-2457.027
2026-08-21 18:34:28.466,obj001,1242.544,90.100,-1796.218
2026-08-21 18:34:28.466,obj002,1260.650,90.100,-2516.394
2026-08-21 18:34:28.466,obj003,881.586,90.100,-2115.835
2026-08-21 18:34:28.466,obj004,332.555,90.100,-2456.718
2026-08-21 18:34:28.483,obj001,1239.707,90.103,-1794.766
2026-08-21 18:34:28.483,obj002,1263.896,90.100,-2517.846
2026-08-21 18:34:28.483,obj003,882.146,90.100,-2112.537
2026-08-21 18:34:28.483,obj004,329.276,90.100,-2456.409
2026-08-21 18:34:28.500,obj001,1238.321,90.101,-1794.055
2026-08-21 18:34:28.500,obj002,1265.486,90.100,-2518.558
2026-08-21 18:34:28.500,obj003,882.420,90.100,-2110.923
2026-08-21 18:34:28.500,obj004,327.673,90.100,-2456.258
2026-08-21 18:34:28.516,obj001,1236.869,90.100,-1793.313
2026-08-21 18:34:28.516,obj002,1267.141,90.100,-2519.299
2026-08-21 18:34:28.516,obj003,882.706,90.100,-2109.239
2026-08-21 18:34:28.516,obj004,325.997,90.098,-2456.100
2026-08-21 18:34:28.533,obj001,1235.481,90.100,-1792.603
2026-08-21 18:34:28.533,obj002,1268.732,90.100,-2520.010
2026-08-21 18:34:28.533,obj003,882.980,90.100,-2107.625
2026-08-21 18:34:28.533,obj004,324.394,90.099,-2455.949
2026-08-21 18:34:28.550,obj001,1234.031,90.100,-1791.861
2026-08-21 18:34:28.550,obj002,1270.387,90.100,-2520.751
2026-08-21 18:34:28.550,obj003,883.266,90.100,-2105.941
2026-08-21 18:34:28.550,obj004,322.720,90.099,-2455.791
2026-08-21 18:34:28.566,obj001,1234.031,90.100,-1791.861
2026-08-21 18:34:28.566,obj002,1270.387,90.100,-2520.751
2026-08-21 18:34:28.566,obj003,883.266,90.100,-2105.941
2026-08-21 18:34:28.566,obj004,322.720,90.099,-2455.791
2026-08-21 18:34:28.600,obj001,1231.190,90.093,-1790.412
2026-08-21 18:34:28.600,obj002,1273.633,90.100,-2522.204
2026-08-21 18:34:28.600,obj003,883.825,90.100,-2102.643
2026-08-21 18:34:28.600,obj004,319.443,90.100,-2455.482
2026-08-21 18:34:28.616,obj001,1228.348,90.091,-1788.967
2026-08-21 18:34:28.616,obj002,1276.879,90.100,-2523.656
2026-08-21 18:34:28.616,obj003,884.385,90.100,-2099.346
2026-08-21 18:34:28.616,obj004,316.164,90.100,-2455.174
2026-08-21 18:34:28.633,obj001,1226.959,90.091,-1788.261
2026-08-21 18:34:28.633,obj002,1278.469,90.100,-2524.368
2026-08-21 18:34:28.633,obj003,884.659,90.100,-2097.732
2026-08-21 18:34:28.633,obj004,314.561,90.100,-2455.022
2026-08-21 18:34:28.650,obj001,1225.510,90.096,-1787.520
2026-08-21 18:34:28.650,obj002,1280.124,90.100,-2525.108
2026-08-21 18:34:28.650,obj003,884.945,90.100,-2096.048
2026-08-21 18:34:28.650,obj004,312.886,90.100,-2454.865
2026-08-21 18:34:28.666,obj001,1224.123,90.098,-1786.811
2026-08-21 18:34:28.666,obj002,1281.715,90.100,-2525.820
2026-08-21 18:34:28.666,obj003,885.219,90.100,-2094.434
2026-08-21 18:34:28.666,obj004,311.282,90.100,-2454.714
2026-08-21 18:34:28.683,obj001,1222.673,90.099,-1786.070
2026-08-21 18:34:28.683,obj002,1283.382,90.100,-2526.533
2026-08-21 18:34:28.683,obj003,885.505,90.100,-2092.750
2026-08-21 18:34:28.683,obj004,309.608,90.100,-2454.556
2026-08-21 18:34:28.700,obj001,1222.673,90.099,-1786.070
2026-08-21 18:34:28.700,obj002,1283.382,90.100,-2526.533
2026-08-21 18:34:28.700,obj003,885.505,90.100,-2092.750
2026-08-21 18:34:28.700,obj004,309.608,90.100,-2454.556
2026-08-21 18:34:28.733,obj001,1219.835,90.099,-1784.618
2026-08-21 18:34:28.733,obj002,1286.751,90.100,-2527.877
2026-08-21 18:34:28.733,obj003,886.065,90.100,-2089.452
2026-08-21 18:34:28.733,obj004,306.330,90.100,-2454.247
2026-08-21 18:34:28.750,obj001,1216.997,90.097,-1783.167
2026-08-21 18:34:28.750,obj002,1290.162,90.100,-2529.109
2026-08-21 18:34:28.750,obj003,886.625,90.100,-2086.154
2026-08-21 18:34:28.750,obj004,303.052,90.100,-2453.938
2026-08-21 18:34:28.766,obj001,1215.610,90.103,-1782.460
2026-08-21 18:34:28.766,obj002,1291.882,90.100,-2529.683
2026-08-21 18:34:28.766,obj003,886.899,90.100,-2084.540
2026-08-21 18:34:28.766,obj004,301.448,90.100,-2453.787
2026-08-21 18:34:28.783,obj001,1214.160,90.101,-1781.718
2026-08-21 18:34:28.783,obj002,1293.612,90.100,-2530.228
2026-08-21 18:34:28.783,obj003,887.185,90.100,-2082.856
2026-08-21 18:34:28.783,obj004,299.774,90.100,-2453.629
2026-08-21 18:34:28.800,obj001,1214.160,90.101,-1781.718
2026-08-21 18:34:28.800,obj002,1293.612,90.100,-2530.228
2026-08-21 18:34:28.800,obj003,887.185,90.100,-2082.856
2026-08-21 18:34:28.800,obj004,299.774,90.100,-2453.629
2026-08-21 18:34:28.833,obj001,1211.323,90.100,-1780.267
2026-08-21 18:34:28.833,obj002,1297.097,90.100,-2531.233
2026-08-21 18:34:28.833,obj003,887.744,90.100,-2079.559
2026-08-21 18:34:28.833,obj004,296.496,90.100,-2453.321
2026-08-21 18:34:28.850,obj001,1208.485,90.100,-1778.816
2026-08-21 18:34:28.850,obj002,1300.613,90.100,-2532.123
2026-08-21 18:34:28.850,obj003,888.304,90.100,-2076.261
2026-08-21 18:34:28.850,obj004,293.218,90.100,-2453.012
2026-08-21 18:34:28.866,obj001,1207.098,90.100,-1778.106
2026-08-21 18:34:28.866,obj002,1302.381,90.100,-2532.524
2026-08-21 18:34:28.866,obj003,888.578,90.100,-2074.647
2026-08-21 18:34:28.866,obj004,291.614,90.100,-2452.861
2026-08-21 18:34:28.883,obj001,1205.647,90.100,-1777.364
2026-08-21 18:34:28.883,obj002,1304.156,90.100,-2532.896
2026-08-21 18:34:28.883,obj003,888.864,90.100,-2072.963
2026-08-21 18:34:28.883,obj004,289.939,90.100,-2452.703
2026-08-21 18:34:28.900,obj001,1204.260,90.100,-1776.655
2026-08-21 18:34:28.900,obj002,1305.937,90.100,-2533.238
2026-08-21 18:34:28.900,obj003,889.138,90.100,-2071.349
2026-08-21 18:34:28.900,obj004,288.336,90.100,-2452.552
2026-08-21 18:34:28.916,obj001,1202.809,90.100,-1775.913
2026-08-21 18:34:28.916,obj002,1307.724,90.100,-2533.551
2026-08-21 18:34:28.916,obj003,889.424,90.100,-2069.665
2026-08-21 18:34:28.916,obj004,286.661,90.100,-2452.394
2026-08-21 18:34:28.933,obj001,1201.422,90.100,-1775.203
2026-08-21 18:34:28.933,obj002,1309.515,90.100,-2533.835
2026-08-21 18:34:28.933,obj003,889.698,90.100,-2068.051
2026-08-21 18:34:28.933,obj004,285.057,90.100,-2452.243
2026-08-21 18:34:28.950,obj001,1199.972,90.100,-1774.462
2026-08-21 18:34:28.950,obj002,1311.310,90.100,-2534.089
2026-08-21 18:34:28.950,obj003,889.984,90.100,-2066.367
2026-08-21 18:34:28.950,obj004,283.383,90.100,-2452.085
2026-08-21 18:34:28.966,obj001,1199.972,90.100,-1774.462
2026-08-21 18:34:28.966,obj002,1311.310,90.100,-2534.089
2026-08-21 18:34:28.966,obj003,889.984,90.100,-2066.367
2026-08-21 18:34:28.966,obj004,283.383,90.100,-2452.085
2026-08-21 18:34:29.000,obj001,1197.134,90.100,-1773.011
2026-08-21 18:34:29.000,obj002,1314.913,90.100,-2534.509
2026-08-21 18:34:29.000,obj003,890.544,90.100,-2063.069
2026-08-21 18:34:29.000,obj004,280.105,90.100,-2451.776
2026-08-21 18:34:29.016,obj001,1194.296,90.100,-1771.559
2026-08-21 18:34:29.016,obj002,1318.527,90.100,-2534.810
2026-08-21 18:34:29.016,obj003,891.103,90.100,-2059.771
2026-08-21 18:34:29.016,obj004,276.827,90.100,-2451.467
2026-08-21 18:34:29.033,obj001,1192.835,90.100,-1770.839
2026-08-21 18:34:29.033,obj002,1320.338,90.100,-2534.915
2026-08-21 18:34:29.033,obj003,891.377,90.100,-2058.157
2026-08-21 18:34:29.033,obj004,275.223,90.100,-2451.316
2026-08-21 18:34:29.050,obj001,1191.364,90.100,-1770.141
2026-08-21 18:34:29.050,obj002,1322.150,90.100,-2534.991
2026-08-21 18:34:29.050,obj003,891.663,90.100,-2056.474
2026-08-21 18:34:29.050,obj004,273.549,90.100,-2451.159
2026-08-21 18:34:29.066,obj001,1191.364,90.100,-1770.141
2026-08-21 18:34:29.066,obj002,1322.150,90.100,-2534.991
2026-08-21 18:34:29.066,obj003,891.663,90.100,-2056.474
2026-08-21 18:34:29.066,obj004,273.549,90.100,-2451.159
2026-08-21 18:34:29.100,obj001,1188.390,90.100,-1768.810
2026-08-21 18:34:29.100,obj002,1325.776,90.100,-2535.052
2026-08-21 18:34:29.100,obj003,892.223,90.100,-2053.176
2026-08-21 18:34:29.100,obj004,270.271,90.100,-2450.850
2026-08-21 18:34:29.116,obj001,1185.376,90.094,-1767.568
2026-08-21 18:34:29.116,obj002,1329.402,90.100,-2534.995
2026-08-21 18:34:29.116,obj003,892.783,90.100,-2049.878
2026-08-21 18:34:29.116,obj004,266.992,90.100,-2450.541
2026-08-21 18:34:29.133,obj001,1185.376,90.094,-1767.568
2026-08-21 18:34:29.133,obj002,1329.402,90.100,-2534.995
2026-08-21 18:34:29.133,obj003,892.783,90.100,-2049.878
2026-08-21 18:34:29.133,obj004,266.992,90.100,-2450.541
2026-08-21 18:34:29.166,obj001,1182.329,90.098,-1766.416
2026-08-21 18:34:29.166,obj002,1333.025,90.100,-2534.818
2026-08-21 18:34:29.166,obj003,893.343,90.100,-2046.580
2026-08-21 18:34:29.166,obj004,263.652,90.100,-2450.149
2026-08-21 18:34:29.183,obj001,1179.250,90.099,-1765.355
2026-08-21 18:34:29.183,obj002,1336.640,90.100,-2534.521
2026-08-21 18:34:29.183,obj003,893.903,90.100,-2043.282
2026-08-21 18:34:29.183,obj004,260.312,90.100,-2449.756
2026-08-21 18:34:29.200,obj001,1179.250,90.099,-1765.355
2026-08-21 18:34:29.200,obj002,1336.640,90.100,-2534.521
2026-08-21 18:34:29.200,obj003,893.903,90.100,-2043.282
2026-08-21 18:34:29.200,obj004,260.312,90.100,-2449.756
2026-08-21 18:34:29.233,obj001,1176.139,90.100,-1764.386
2026-08-21 18:34:29.233,obj002,1340.243,90.100,-2534.106
2026-08-21 18:34:29.233,obj003,894.462,90.100,-2039.984
2026-08-21 18:34:29.233,obj004,256.985,90.100,-2449.262
2026-08-21 18:34:29.250,obj001,1173.001,90.100,-1763.510
2026-08-21 18:34:29.250,obj002,1343.830,90.100,-2533.572
2026-08-21 18:34:29.250,obj003,895.022,90.100,-2036.686
2026-08-21 18:34:29.250,obj004,253.675,90.100,-2448.665
2026-08-21 18:34:29.266,obj001,1171.423,90.100,-1763.107
2026-08-21 18:34:29.266,obj002,1345.617,90.100,-2533.261
2026-08-21 18:34:29.266,obj003,895.296,90.100,-2035.073
2026-08-21 18:34:29.266,obj004,252.017,90.100,-2448.380
2026-08-21 18:34:29.283,obj001,1169.839,90.100,-1762.727
2026-08-21 18:34:29.283,obj002,1347.398,90.100,-2532.920
2026-08-21 18:34:29.283,obj003,895.582,90.100,-2033.389
2026-08-21 18:34:29.283,obj004,250.364,90.100,-2448.069
2026-08-21 18:34:29.300,obj001,1168.249,90.100,-1762.371
2026-08-21 18:34:29.300,obj002,1349.173,90.100,-2532.550
2026-08-21 18:34:29.300,obj003,895.856,90.100,-2031.775
2026-08-21 18:34:29.300,obj004,248.717,90.100,-2447.733
2026-08-21 18:34:29.316,obj001,1166.655,90.100,-1762.038
2026-08-21 18:34:29.316,obj002,1350.942,90.100,-2532.151
2026-08-21 18:34:29.316,obj003,896.142,90.100,-2030.091
2026-08-21 18:34:29.316,obj004,247.074,90.100,-2447.372
2026-08-21 18:34:29.333,obj001,1165.055,90.100,-1761.729
2026-08-21 18:34:29.333,obj002,1352.705,90.100,-2531.723
2026-08-21 18:34:29.333,obj003,896.416,90.100,-2028.477
2026-08-21 18:34:29.333,obj004,245.437,90.100,-2446.986
2026-08-21 18:34:29.350,obj001,1163.451,90.100,-1761.444
2026-08-21 18:34:29.350,obj002,1354.459,90.100,-2531.266
2026-08-21 18:34:29.350,obj003,896.702,90.100,-2026.793
2026-08-21 18:34:29.350,obj004,243.807,90.100,-2446.575
2026-08-21 18:34:29.366,obj001,1161.844,90.100,-1761.183
2026-08-21 18:34:29.366,obj002,1356.207,90.100,-2530.780
2026-08-21 18:34:29.366,obj003,896.976,90.100,-2025.179
2026-08-21 18:34:29.366,obj004,242.183,90.100,-2446.138
2026-08-21 18:34:29.383,obj001,1160.232,90.100,-1760.946
2026-08-21 18:34:29.383,obj002,1357.946,90.100,-2530.265
2026-08-21 18:34:29.383,obj003,897.262,90.100,-2023.495
2026-08-21 18:34:29.383,obj004,240.565,90.100,-2445.677
2026-08-21 18:34:29.400,obj001,1160.232,90.100,-1760.946
2026-08-21 18:34:29.400,obj002,1357.946,90.100,-2530.265
2026-08-21 18:34:29.400,obj003,897.262,90.100,-2023.495
2026-08-21 18:34:29.400,obj004,240.565,90.100,-2445.677
2026-08-21 18:34:29.433,obj001,1156.999,90.100,-1760.543
2026-08-21 18:34:29.433,obj002,1361.397,90.100,-2529.150
2026-08-21 18:34:29.433,obj003,897.822,90.100,-2020.197
2026-08-21 18:34:29.433,obj004,237.353,90.100,-2444.681
2026-08-21 18:34:29.450,obj001,1153.756,90.100,-1760.237
2026-08-21 18:34:29.450,obj002,1364.809,90.100,-2527.922
2026-08-21 18:34:29.450,obj003,898.381,90.100,-2016.899
2026-08-21 18:34:29.450,obj004,236.343,90.101,-2443.885
2026-08-21 18:34:29.466,obj001,1153.756,90.100,-1760.237
2026-08-21 18:34:29.466,obj002,1364.809,90.100,-2527.922
2026-08-21 18:34:29.466,obj003,898.381,90.100,-2016.899
2026-08-21 18:34:29.466,obj004,236.343,90.101,-2443.885
2026-08-21 18:34:29.500,obj001,1150.504,90.100,-1760.026
2026-08-21 18:34:29.500,obj002,1368.179,90.100,-2526.582
2026-08-21 18:34:29.500,obj003,898.941,90.100,-2013.602
2026-08-21 18:34:29.500,obj004,236.093,90.100,-2442.788
2026-08-21 18:34:29.516,obj001,1147.248,90.100,-1759.913
2026-08-21 18:34:29.516,obj002,1371.504,90.100,-2525.132
2026-08-21 18:34:29.516,obj003,899.501,90.100,-2010.304
2026-08-21 18:34:29.516,obj004,236.032,90.099,-2441.566
2026-08-21 18:34:29.533,obj001,1147.248,90.100,-1759.913
2026-08-21 18:34:29.533,obj002,1371.504,90.100,-2525.132
2026-08-21 18:34:29.533,obj003,899.501,90.100,-2010.304
2026-08-21 18:34:29.533,obj004,236.032,90.099,-2441.566
2026-08-21 18:34:29.550,obj001,1143.991,90.100,-1759.896
2026-08-21 18:34:29.550,obj002,1374.778,90.100,-2523.573
2026-08-21 18:34:29.550,obj003,900.061,90.100,-2007.006
2026-08-21 18:34:29.550,obj004,236.016,90.099,-2440.252
2026-08-21 18:34:29.566,obj001,1142.362,90.100,-1759.924
2026-08-21 18:34:29.566,obj002,1376.396,90.100,-2522.753
2026-08-21 18:34:29.566,obj003,900.335,90.100,-2005.392
2026-08-21 18:34:29.566,obj004,236.016,90.100,-2439.554
2026-08-21 18:34:29.583,obj001,1140.734,90.100,-1759.976
2026-08-21 18:34:29.583,obj002,1378.000,90.100,-2521.907
2026-08-21 18:34:29.583,obj003,900.621,90.100,-2003.708
2026-08-21 18:34:29.583,obj004,236.014,90.100,-2438.834
2026-08-21 18:34:29.600,obj001,1140.734,90.100,-1759.976
2026-08-21 18:34:29.600,obj002,1378.000,90.100,-2521.907
2026-08-21 18:34:29.600,obj003,900.621,90.100,-2003.708
2026-08-21 18:34:29.600,obj004,236.014,90.100,-2438.834
2026-08-21 18:34:29.633,obj001,1137.480,90.100,-1760.152
2026-08-21 18:34:29.633,obj002,1381.165,90.100,-2520.135
2026-08-21 18:34:29.633,obj003,901.207,90.100,-2000.415
2026-08-21 18:34:29.633,obj004,236.014,90.099,-2437.322
2026-08-21 18:34:29.650,obj001,1134.234,90.100,-1760.425
2026-08-21 18:34:29.650,obj002,1384.270,90.100,-2518.261
2026-08-21 18:34:29.650,obj003,901.909,90.100,-1997.072
2026-08-21 18:34:29.650,obj004,236.016,90.099,-2435.717
2026-08-21 18:34:29.666,obj001,1134.234,90.100,-1760.425
2026-08-21 18:34:29.666,obj002,1384.270,90.100,-2518.261
2026-08-21 18:34:29.666,obj003,901.909,90.100,-1997.072
2026-08-21 18:34:29.666,obj004,236.016,90.099,-2435.717
2026-08-21 18:34:29.700,obj001,1130.997,90.100,-1760.794
2026-08-21 18:34:29.700,obj002,1387.311,90.100,-2516.285
2026-08-21 18:34:29.700,obj003,902.714,90.100,-1993.753
2026-08-21 18:34:29.700,obj004,236.015,90.098,-2434.042
2026-08-21 18:34:29.716,obj001,1127.773,90.100,-1761.259
2026-08-21 18:34:29.716,obj002,1390.286,90.100,-2514.210
2026-08-21 18:34:29.716,obj003,903.623,90.100,-1990.460
2026-08-21 18:34:29.716,obj004,236.016,90.096,-2432.278
2026-08-21 18:34:29.733,obj001,1127.773,90.100,-1761.259
2026-08-21 18:34:29.733,obj002,1390.286,90.100,-2514.210
2026-08-21 18:34:29.733,obj003,903.623,90.100,-1990.460
2026-08-21 18:34:29.733,obj004,236.016,90.096,-2432.278
2026-08-21 18:34:29.766,obj001,1124.563,90.100,-1761.819
2026-08-21 18:34:29.766,obj002,1393.190,90.100,-2512.038
2026-08-21 18:34:29.766,obj003,904.633,90.100,-1987.197
2026-08-21 18:34:29.766,obj004,236.016,90.096,-2430.429
2026-08-21 18:34:29.783,obj001,1121.372,90.100,-1762.475
2026-08-21 18:34:29.783,obj002,1396.022,90.100,-2509.771
2026-08-21 18:34:29.783,obj003,905.744,90.100,-1983.967
2026-08-21 18:34:29.783,obj004,236.018,90.096,-2428.499
2026-08-21 18:34:29.800,obj001,1121.372,90.100,-1762.475
2026-08-21 18:34:29.800,obj002,1396.022,90.100,-2509.771
2026-08-21 18:34:29.800,obj003,905.744,90.100,-1983.967
2026-08-21 18:34:29.800,obj004,236.018,90.096,-2428.499
2026-08-21 18:34:29.833,obj001,1118.202,90.100,-1763.225
2026-08-21 18:34:29.833,obj002,1398.777,90.100,-2507.413
2026-08-21 18:34:29.833,obj003,906.955,90.100,-1980.773
2026-08-21 18:34:29.833,obj004,236.018,90.094,-2426.487
2026-08-21 18:34:29.850,obj001,1115.055,90.100,-1764.069
2026-08-21 18:34:29.850,obj002,1401.453,90.100,-2504.965
2026-08-21 18:34:29.850,obj003,908.265,90.100,-1977.618
2026-08-21 18:34:29.850,obj004,236.020,90.095,-2424.379
2026-08-21 18:34:29.866,obj001,1115.055,90.100,-1764.069
2026-08-21 18:34:29.866,obj002,1401.453,90.100,-2504.965
2026-08-21 18:34:29.866,obj003,908.265,90.100,-1977.618
2026-08-21 18:34:29.866,obj004,236.020,90.095,-2424.379
2026-08-21 18:34:29.900,obj001,1111.935,90.100,-1765.005
2026-08-21 18:34:29.900,obj002,1404.047,90.100,-2502.430
2026-08-21 18:34:29.900,obj003,909.672,90.100,-1974.505
2026-08-21 18:34:29.900,obj004,236.022,90.096,-2422.209
2026-08-21 18:34:29.916,obj001,1108.844,90.100,-1766.034
2026-08-21 18:34:29.916,obj002,1406.556,90.100,-2499.811
2026-08-21 18:34:29.916,obj003,911.176,90.100,-1971.438
2026-08-21 18:34:29.916,obj004,236.024,90.097,-2419.951
2026-08-21 18:34:29.933,obj001,1108.844,90.100,-1766.034
2026-08-21 18:34:29.933,obj002,1406.556,90.100,-2499.811
2026-08-21 18:34:29.933,obj003,911.176,90.100,-1971.438
2026-08-21 18:34:29.933,obj004,236.024,90.097,-2419.951
2026-08-21 18:34:29.950,obj001,1105.784,90.100,-1767.155
2026-08-21 18:34:29.950,obj002,1408.977,90.100,-2497.111
2026-08-21 18:34:29.950,obj003,912.773,90.100,-1968.419
2026-08-21 18:34:29.950,obj004,236.024,90.098,-2417.622
2026-08-21 18:34:29.966,obj001,1105.784,90.100,-1767.155
2026-08-21 18:34:29.966,obj002,1408.977,90.100,-2497.111
2026-08-21 18:34:29.966,obj003,912.773,90.100,-1968.419
2026-08-21 18:34:29.966,obj004,236.024,90.098,-2417.622
2026-08-21 18:34:30.000,obj001,1102.746,90.100,-1768.330
2026-08-21 18:34:30.000,obj002,1411.308,90.100,-2494.332
2026-08-21 18:34:30.000,obj003,914.464,90.100,-1965.451
2026-08-21 18:34:30.000,obj004,236.024,90.097,-2415.198
2026-08-21 18:34:30.016,obj001,1099.697,90.100,-1769.478
2026-08-21 18:34:30.016,obj002,1413.547,90.100,-2491.478
2026-08-21 18:34:30.016,obj003,916.247,90.100,-1962.537
2026-08-21 18:34:30.016,obj004,236.025,90.096,-2412.716
2026-08-21 18:34:30.033,obj001,1099.697,90.100,-1769.478
2026-08-21 18:34:30.033,obj002,1413.547,90.100,-2491.478
2026-08-21 18:34:30.033,obj003,916.247,90.100,-1962.537
2026-08-21 18:34:30.033,obj004,236.025,90.096,-2412.716
2026-08-21 18:34:30.066,obj001,1096.638,90.100,-1770.599
2026-08-21 18:34:30.066,obj002,1415.689,90.100,-2488.552
2026-08-21 18:34:30.066,obj003,918.119,90.100,-1959.680
2026-08-21 18:34:30.066,obj004,236.026,90.095,-2410.165
2026-08-21 18:34:30.083,obj001,1093.569,90.100,-1771.694
2026-08-21 18:34:30.083,obj002,1417.735,90.100,-2485.557
2026-08-21 18:34:30.083,obj003,920.079,90.100,-1956.883
2026-08-21 18:34:30.083,obj004,236.025,90.093,-2407.546
2026-08-21 18:34:30.100,obj001,1092.031,90.100,-1772.231
2026-08-21 18:34:30.100,obj002,1418.720,90.100,-2484.035
2026-08-21 18:34:30.100,obj003,921.091,90.100,-1955.507
2026-08-21 18:34:30.100,obj004,236.025,90.093,-2406.214
2026-08-21 18:34:30.116,obj001,1090.491,90.100,-1772.761
2026-08-21 18:34:30.116,obj002,1419.681,90.100,-2482.497
2026-08-21 18:34:30.116,obj003,922.125,90.100,-1954.147
2026-08-21 18:34:30.116,obj004,236.025,90.093,-2404.865
2026-08-21 18:34:30.133,obj001,1090.491,90.100,-1772.761
2026-08-21 18:34:30.133,obj002,1419.681,90.100,-2482.497
2026-08-21 18:34:30.133,obj003,922.125,90.100,-1954.147
2026-08-21 18:34:30.133,obj004,236.025,90.093,-2404.865
2026-08-21 18:34:30.166,obj001,1087.403,90.100,-1773.801
2026-08-21 18:34:30.166,obj002,1421.524,90.100,-2479.373
2026-08-21 18:34:30.166,obj003,924.254,90.100,-1951.477
2026-08-21 18:34:30.166,obj004,236.025,90.092,-2402.124
2026-08-21 18:34:30.183,obj001,1084.307,90.100,-1774.813
2026-08-21 18:34:30.183,obj002,1423.264,90.100,-2476.191
2026-08-21 18:34:30.183,obj003,926.466,90.100,-1948.874
2026-08-21 18:34:30.183,obj004,236.025,90.091,-2399.325
2026-08-21 18:34:30.200,obj001,1084.307,90.100,-1774.813
2026-08-21 18:34:30.200,obj002,1423.264,90.100,-2476.191
2026-08-21 18:34:30.200,obj003,926.466,90.100,-1948.874
2026-08-21 18:34:30.200,obj004,236.025,90.091,-2399.325
2026-08-21 18:34:30.216,obj001,1081.201,90.100,-1775.798
2026-08-21 18:34:30.216,obj002,1424.898,90.100,-2472.953
2026-08-21 18:34:30.216,obj003,928.758,90.100,-1946.341
2026-08-21 18:34:30.216,obj004,236.025,90.090,-2396.470
2026-08-21 18:34:30.233,obj001,1081.201,90.100,-1775.798
2026-08-21 18:34:30.233,obj002,1424.898,90.100,-2472.953
2026-08-21 18:34:30.233,obj003,928.758,90.100,-1946.341
2026-08-21 18:34:30.233,obj004,236.025,90.090,-2396.470
2026-08-21 18:34:30.266,obj001,1078.087,90.100,-1776.755
2026-08-21 18:34:30.266,obj002,1426.424,90.100,-2469.663
2026-08-21 18:34:30.266,obj003,931.127,90.100,-1943.881
2026-08-21 18:34:30.266,obj004,236.027,90.091,-2393.586
2026-08-21 18:34:30.283,obj001,1074.965,90.100,-1777.685
2026-08-21 18:34:30.283,obj002,1427.841,90.100,-2466.324
2026-08-21 18:34:30.283,obj003,933.572,90.100,-1941.495
2026-08-21 18:34:30.283,obj004,236.027,90.092,-2390.625
2026-08-21 18:34:30.300,obj001,1074.965,90.100,-1777.685
2026-08-21 18:34:30.300,obj002,1427.841,90.100,-2466.324
2026-08-21 18:34:30.300,obj003,933.572,90.100,-1941.495
2026-08-21 18:34:30.300,obj004,236.027,90.092,-2390.625
2026-08-21 18:34:30.333,obj001,1071.834,90.100,-1778.587
2026-08-21 18:34:30.333,obj002,1429.148,90.100,-2462.941
2026-08-21 18:34:30.333,obj003,936.090,90.100,-1939.187
2026-08-21 18:34:30.333,obj004,236.026,90.091,-2387.630
2026-08-21 18:34:30.350,obj001,1068.696,90.100,-1779.462
2026-08-21 18:34:30.350,obj002,1430.342,90.100,-2459.516
2026-08-21 18:34:30.350,obj003,938.678,90.100,-1936.957
2026-08-21 18:34:30.350,obj004,236.034,90.093,-2384.597
2026-08-21 18:34:30.366,obj001,1068.696,90.100,-1779.462
2026-08-21 18:34:30.366,obj002,1430.342,90.100,-2459.516
2026-08-21 18:34:30.366,obj003,938.678,90.100,-1936.957
2026-08-21 18:34:30.366,obj004,236.034,90.093,-2384.597
2026-08-21 18:34:30.400,obj001,1065.550,90.100,-1780.309
2026-08-21 18:34:30.400,obj002,1431.423,90.100,-2456.054
2026-08-21 18:34:30.400,obj003,941.334,90.100,-1934.810
2026-08-21 18:34:30.400,obj004,236.029,90.092,-2381.491
2026-08-21 18:34:30.416,obj001,1062.396,90.100,-1781.128
2026-08-21 18:34:30.416,obj002,1432.389,90.100,-2452.558
2026-08-21 18:34:30.416,obj003,944.056,90.100,-1932.746
2026-08-21 18:34:30.416,obj004,236.029,90.092,-2378.347
2026-08-21 18:34:30.433,obj001,1062.396,90.100,-1781.128
2026-08-21 18:34:30.433,obj002,1432.389,90.100,-2452.558
2026-08-21 18:34:30.433,obj003,944.056,90.100,-1932.746
2026-08-21 18:34:30.433,obj004,236.029,90.092,-2378.347
2026-08-21 18:34:30.466,obj001,1059.236,90.100,-1781.920
2026-08-21 18:34:30.466,obj002,1433.239,90.100,-2449.033
2026-08-21 18:34:30.466,obj003,946.840,90.100,-1930.767
2026-08-21 18:34:30.466,obj004,236.027,90.091,-2375.181
2026-08-21 18:34:30.483,obj001,1056.069,90.100,-1782.684
2026-08-21 18:34:30.483,obj002,1433.973,90.100,-2445.481
2026-08-21 18:34:30.483,obj003,949.685,90.100,-1928.876
2026-08-21 18:34:30.483,obj004,236.028,90.091,-2372.028
2026-08-21 18:34:30.500,obj001,1054.483,90.100,-1783.056
2026-08-21 18:34:30.500,obj002,1434.296,90.100,-2443.696
2026-08-21 18:34:30.500,obj003,951.129,90.100,-1927.964
2026-08-21 18:34:30.500,obj004,236.027,90.091,-2370.439
2026-08-21 18:34:30.516,obj001,1052.895,90.100,-1783.421
2026-08-21 18:34:30.516,obj002,1434.589,90.100,-2441.907
2026-08-21 18:34:30.516,obj003,952.587,90.100,-1927.075
2026-08-21 18:34:30.516,obj004,236.027,90.091,-2368.849
2026-08-21 18:34:30.533,obj001,1052.895,90.100,-1783.421
2026-08-21 18:34:30.533,obj002,1434.589,90.100,-2441.907
2026-08-21 18:34:30.533,obj003,952.587,90.100,-1927.075
2026-08-21 18:34:30.533,obj004,236.027,90.091,-2368.849
2026-08-21 18:34:30.566,obj001,1049.715,90.100,-1784.130
2026-08-21 18:34:30.566,obj002,1435.087,90.100,-2438.314
2026-08-21 18:34:30.566,obj003,955.543,90.100,-1925.364
2026-08-21 18:34:30.566,obj004,236.024,90.097,-2365.705
2026-08-21 18:34:30.583,obj001,1046.530,90.100,-1784.812
2026-08-21 18:34:30.583,obj002,1435.467,90.100,-2434.707
2026-08-21 18:34:30.583,obj003,958.552,90.100,-1923.746
2026-08-21 18:34:30.583,obj004,236.027,90.096,-2362.512
2026-08-21 18:34:30.600,obj001,1044.934,90.100,-1785.143
2026-08-21 18:34:30.600,obj002,1435.612,90.100,-2432.900
2026-08-21 18:34:30.600,obj003,960.074,90.100,-1922.973
2026-08-21 18:34:30.600,obj004,236.026,90.095,-2360.882
2026-08-21 18:34:30.616,obj001,1043.338,90.100,-1785.467
2026-08-21 18:34:30.616,obj002,1435.727,90.100,-2431.090
2026-08-21 18:34:30.616,obj003,961.609,90.100,-1922.223
2026-08-21 18:34:30.616,obj004,236.025,90.098,-2359.264
2026-08-21 18:34:30.633,obj001,1041.740,90.100,-1785.784
2026-08-21 18:34:30.633,obj002,1435.813,90.100,-2429.278
2026-08-21 18:34:30.633,obj003,963.155,90.100,-1921.497
2026-08-21 18:34:30.633,obj004,236.025,90.099,-2357.639
2026-08-21 18:34:30.650,obj001,1040.141,90.100,-1786.095
2026-08-21 18:34:30.650,obj002,1435.868,90.100,-2427.466
2026-08-21 18:34:30.650,obj003,964.712,90.100,-1920.795
2026-08-21 18:34:30.650,obj004,236.025,90.100,-2356.003
2026-08-21 18:34:30.666,obj001,1040.141,90.100,-1786.095
2026-08-21 18:34:30.666,obj002,1435.868,90.100,-2427.466
2026-08-21 18:34:30.666,obj003,964.712,90.100,-1920.795
2026-08-21 18:34:30.666,obj004,236.025,90.100,-2356.003
2026-08-21 18:34:30.700,obj001,1036.939,90.100,-1786.697
2026-08-21 18:34:30.700,obj002,1435.890,90.100,-2423.839
2026-08-21 18:34:30.700,obj003,967.858,90.100,-1919.464
2026-08-21 18:34:30.700,obj004,236.027,90.103,-2352.706
2026-08-21 18:34:30.716,obj001,1033.733,90.100,-1787.273
2026-08-21 18:34:30.716,obj002,1435.792,90.100,-2420.213
2026-08-21 18:34:30.716,obj003,971.044,90.100,-1918.232
2026-08-21 18:34:30.716,obj004,236.029,90.106,-2349.384
2026-08-21 18:34:30.733,obj001,1033.733,90.100,-1787.273
2026-08-21 18:34:30.733,obj002,1435.792,90.100,-2420.213
2026-08-21 18:34:30.733,obj003,971.044,90.100,-1918.232
2026-08-21 18:34:30.733,obj004,236.029,90.106,-2349.384
2026-08-21 18:34:30.766,obj001,1030.522,90.100,-1787.823
2026-08-21 18:34:30.766,obj002,1435.575,90.100,-2416.593
2026-08-21 18:34:30.766,obj003,974.266,90.100,-1917.099
2026-08-21 18:34:30.766,obj004,236.035,90.101,-2346.039
2026-08-21 18:34:30.783,obj001,1027.306,90.100,-1788.349
2026-08-21 18:34:30.783,obj002,1435.239,90.100,-2412.982
2026-08-21 18:34:30.783,obj003,977.522,90.100,-1916.067
2026-08-21 18:34:30.783,obj004,236.021,90.100,-2342.672
2026-08-21 18:34:30.800,obj001,1027.306,90.100,-1788.349
2026-08-21 18:34:30.800,obj002,1435.239,90.100,-2412.982
2026-08-21 18:34:30.800,obj003,977.522,90.100,-1916.067
2026-08-21 18:34:30.800,obj004,236.021,90.100,-2342.672
2026-08-21 18:34:30.833,obj001,1024.087,90.100,-1788.851
2026-08-21 18:34:30.833,obj002,1434.783,90.100,-2409.383
2026-08-21 18:34:30.833,obj003,980.809,90.100,-1915.137
2026-08-21 18:34:30.833,obj004,236.070,90.100,-2339.298
2026-08-21 18:34:30.850,obj001,1020.865,90.100,-1789.330
2026-08-21 18:34:30.850,obj002,1434.210,90.100,-2405.802
2026-08-21 18:34:30.850,obj003,984.123,90.100,-1914.309
2026-08-21 18:34:30.850,obj004,236.236,90.100,-2335.929
2026-08-21 18:34:30.866,obj001,1020.865,90.100,-1789.330
2026-08-21 18:34:30.866,obj002,1434.210,90.100,-2405.802
2026-08-21 18:34:30.866,obj003,984.123,90.100,-1914.309
2026-08-21 18:34:30.866,obj004,236.236,90.100,-2335.929
2026-08-21 18:34:30.900,obj001,1017.639,90.100,-1789.788
2026-08-21 18:34:30.900,obj002,1433.519,90.100,-2402.242
2026-08-21 18:34:30.900,obj003,987.461,90.100,-1913.585
2026-08-21 18:34:30.900,obj004,236.512,90.100,-2332.572
2026-08-21 18:34:30.916,obj001,1014.411,90.100,-1790.228
2026-08-21 18:34:30.916,obj002,1432.711,90.100,-2398.706
2026-08-21 18:34:30.916,obj003,990.820,90.100,-1912.965
2026-08-21 18:34:30.916,obj004,236.886,90.100,-2329.227
2026-08-21 18:34:30.933,obj001,1014.411,90.100,-1790.228
2026-08-21 18:34:30.933,obj002,1432.711,90.100,-2398.706
2026-08-21 18:34:30.933,obj003,990.820,90.100,-1912.965
2026-08-21 18:34:30.933,obj004,236.886,90.100,-2329.227
2026-08-21 18:34:30.966,obj001,1011.181,90.100,-1790.653
2026-08-21 18:34:30.966,obj002,1431.787,90.100,-2395.199
2026-08-21 18:34:30.966,obj003,994.197,90.100,-1912.450
2026-08-21 18:34:30.966,obj004,237.359,90.100,-2325.895
2026-08-21 18:34:30.983,obj001,1007.949,90.100,-1791.069
2026-08-21 18:34:30.983,obj002,1430.747,90.100,-2391.724
2026-08-21 18:34:30.983,obj003,997.588,90.100,-1912.039
2026-08-21 18:34:30.983,obj004,237.931,90.100,-2322.580
2026-08-21 18:34:31.000,obj001,1007.949,90.100,-1791.069
2026-08-21 18:34:31.000,obj002,1430.747,90.100,-2391.724
2026-08-21 18:34:31.000,obj003,997.588,90.100,-1912.039
2026-08-21 18:34:31.000,obj004,237.931,90.100,-2322.580
2026-08-21 18:34:31.033,obj001,1004.718,90.100,-1791.484
2026-08-21 18:34:31.033,obj002,1429.594,90.100,-2388.286
2026-08-21 18:34:31.033,obj003,1000.990,90.100,-1911.735
2026-08-21 18:34:31.033,obj004,238.600,90.100,-2319.284
2026-08-21 18:34:31.050,obj001,1001.489,90.100,-1791.916
2026-08-21 18:34:31.050,obj002,1428.328,90.100,-2384.887
2026-08-21 18:34:31.050,obj003,1004.400,90.100,-1911.536
2026-08-21 18:34:31.050,obj004,239.367,90.100,-2316.009
2026-08-21 18:34:31.066,obj001,1001.489,90.100,-1791.916
2026-08-21 18:34:31.066,obj002,1428.328,90.100,-2384.887
2026-08-21 18:34:31.066,obj003,1004.400,90.100,-1911.536
2026-08-21 18:34:31.066,obj004,239.367,90.100,-2316.009
2026-08-21 18:34:31.100,obj001,998.267,90.100,-1792.398
2026-08-21 18:34:31.100,obj002,1426.951,90.100,-2381.532
2026-08-21 18:34:31.100,obj003,1007.814,90.100,-1911.443
2026-08-21 18:34:31.100,obj004,240.232,90.100,-2312.759
2026-08-21 18:34:31.116,obj001,995.059,90.100,-1792.969
2026-08-21 18:34:31.116,obj002,1425.464,90.100,-2378.224
2026-08-21 18:34:31.116,obj003,1011.230,90.100,-1911.457
2026-08-21 18:34:31.116,obj004,241.193,90.100,-2309.535
2026-08-21 18:34:31.133,obj001,995.059,90.100,-1792.969
2026-08-21 18:34:31.133,obj002,1425.464,90.100,-2378.224
2026-08-21 18:34:31.133,obj003,1011.230,90.100,-1911.457
2026-08-21 18:34:31.133,obj004,241.193,90.100,-2309.535
2026-08-21 18:34:31.166,obj001,991.870,90.100,-1793.635
2026-08-21 18:34:31.166,obj002,1423.869,90.100,-2374.966
2026-08-21 18:34:31.166,obj003,1014.644,90.100,-1911.576
2026-08-21 18:34:31.166,obj004,242.251,90.100,-2306.341
2026-08-21 18:34:31.183,obj001,988.702,90.100,-1794.396
2026-08-21 18:34:31.183,obj002,1422.168,90.100,-2371.763
2026-08-21 18:34:31.183,obj003,1018.052,90.100,-1911.802
2026-08-21 18:34:31.183,obj004,243.404,90.100,-2303.180
2026-08-21 18:34:31.200,obj001,987.127,90.100,-1794.812
2026-08-21 18:34:31.200,obj002,1421.278,90.100,-2370.183
2026-08-21 18:34:31.200,obj003,1019.753,90.100,-1911.954
2026-08-21 18:34:31.200,obj004,244.017,90.100,-2301.613
2026-08-21 18:34:31.216,obj001,985.558,90.100,-1795.250
2026-08-21 18:34:31.216,obj002,1420.362,90.100,-2368.618
2026-08-21 18:34:31.216,obj003,1021.452,90.100,-1912.133
2026-08-21 18:34:31.216,obj004,244.653,90.100,-2300.054
2026-08-21 18:34:31.233,obj001,983.996,90.100,-1795.713
2026-08-21 18:34:31.233,obj002,1419.420,90.100,-2367.068
2026-08-21 18:34:31.233,obj003,1023.147,90.100,-1912.339
2026-08-21 18:34:31.233,obj004,245.313,90.100,-2298.506
2026-08-21 18:34:31.250,obj001,982.441,90.100,-1796.198
2026-08-21 18:34:31.250,obj002,1418.453,90.100,-2365.534
2026-08-21 18:34:31.250,obj003,1024.840,90.100,-1912.570
2026-08-21 18:34:31.250,obj004,245.997,90.100,-2296.968
2026-08-21 18:34:31.266,obj001,982.441,90.100,-1796.198
2026-08-21 18:34:31.266,obj002,1418.453,90.100,-2365.534
2026-08-21 18:34:31.266,obj003,1024.840,90.100,-1912.570
2026-08-21 18:34:31.266,obj004,245.997,90.100,-2296.968
2026-08-21 18:34:31.300,obj001,979.354,90.100,-1797.237
2026-08-21 18:34:31.300,obj002,1416.443,90.100,-2362.515
2026-08-21 18:34:31.300,obj003,1028.212,90.100,-1913.112
2026-08-21 18:34:31.300,obj004,247.434,90.100,-2293.924
2026-08-21 18:34:31.316,obj001,976.298,90.100,-1798.368
2026-08-21 18:34:31.316,obj002,1414.336,90.100,-2359.563
2026-08-21 18:34:31.316,obj003,1031.566,90.100,-1913.759
2026-08-21 18:34:31.316,obj004,248.964,90.100,-2290.924
2026-08-21 18:34:31.333,obj001,976.298,90.100,-1798.368
2026-08-21 18:34:31.333,obj002,1414.336,90.100,-2359.563
2026-08-21 18:34:31.333,obj003,1031.566,90.100,-1913.759
2026-08-21 18:34:31.333,obj004,248.964,90.100,-2290.924
2026-08-21 18:34:31.366,obj001,973.278,90.100,-1799.589
2026-08-21 18:34:31.366,obj002,1412.132,90.100,-2356.683
2026-08-21 18:34:31.366,obj003,1034.898,90.100,-1914.510
2026-08-21 18:34:31.366,obj004,250.585,90.100,-2287.973
2026-08-21 18:34:31.383,obj001,970.295,90.100,-1800.899
2026-08-21 18:34:31.383,obj002,1409.834,90.100,-2353.877
2026-08-21 18:34:31.383,obj003,1038.206,90.100,-1915.363
2026-08-21 18:34:31.383,obj004,252.296,90.100,-2285.073
2026-08-21 18:34:31.400,obj001,970.295,90.100,-1800.899
2026-08-21 18:34:31.400,obj002,1409.834,90.100,-2353.877
2026-08-21 18:34:31.400,obj003,1038.206,90.100,-1915.363
2026-08-21 18:34:31.400,obj004,252.296,90.100,-2285.073
2026-08-21 18:34:31.433,obj001,967.352,90.100,-1802.296
2026-08-21 18:34:31.433,obj002,1407.487,90.100,-2351.112
2026-08-21 18:34:31.433,obj003,1041.485,90.100,-1916.320
2026-08-21 18:34:31.433,obj004,254.100,90.100,-2282.232
2026-08-21 18:34:31.450,obj001,964.452,90.100,-1803.781
2026-08-21 18:34:31.450,obj002,1405.149,90.100,-2348.339
2026-08-21 18:34:31.450,obj003,1044.733,90.100,-1917.377
2026-08-21 18:34:31.450,obj004,255.990,90.100,-2279.447
2026-08-21 18:34:31.466,obj001,963.019,90.100,-1804.555
2026-08-21 18:34:31.466,obj002,1403.983,90.100,-2346.949
2026-08-21 18:34:31.466,obj003,1046.344,90.100,-1917.944
2026-08-21 18:34:31.466,obj004,256.969,90.100,-2278.077
2026-08-21 18:34:31.483,obj001,961.597,90.100,-1805.351
2026-08-21 18:34:31.483,obj002,1402.820,90.100,-2345.558
2026-08-21 18:34:31.483,obj003,1047.946,90.100,-1918.535
2026-08-21 18:34:31.483,obj004,257.968,90.100,-2276.723
2026-08-21 18:34:31.500,obj001,961.597,90.100,-1805.351
2026-08-21 18:34:31.500,obj002,1402.820,90.100,-2345.558
2026-08-21 18:34:31.500,obj003,1047.946,90.100,-1918.535
2026-08-21 18:34:31.500,obj004,257.968,90.100,-2276.723
2026-08-21 18:34:31.533,obj001,958.791,90.100,-1807.005
2026-08-21 18:34:31.533,obj002,1400.500,90.100,-2342.770
2026-08-21 18:34:31.533,obj003,1051.122,90.100,-1919.792
2026-08-21 18:34:31.533,obj004,260.029,90.100,-2274.061
2026-08-21 18:34:31.550,obj001,956.034,90.100,-1808.742
2026-08-21 18:34:31.550,obj002,1398.188,90.100,-2339.976
2026-08-21 18:34:31.550,obj003,1054.258,90.100,-1921.148
2026-08-21 18:34:31.550,obj004,262.170,90.100,-2271.464
2026-08-21 18:34:31.566,obj001,954.676,90.100,-1809.641
2026-08-21 18:34:31.566,obj002,1397.035,90.100,-2338.576
2026-08-21 18:34:31.566,obj003,1055.809,90.100,-1921.862
2026-08-21 18:34:31.566,obj004,263.270,90.100,-2270.190
2026-08-21 18:34:31.583,obj001,953.320,90.100,-1810.544
2026-08-21 18:34:31.583,obj002,1395.884,90.100,-2337.174
2026-08-21 18:34:31.583,obj003,1057.349,90.100,-1922.600
2026-08-21 18:34:31.583,obj004,264.390,90.100,-2268.934
2026-08-21 18:34:31.600,obj001,951.965,90.100,-1811.447
2026-08-21 18:34:31.600,obj002,1394.735,90.100,-2335.771
2026-08-21 18:34:31.600,obj003,1058.878,90.100,-1923.362
2026-08-21 18:34:31.600,obj004,265.528,90.100,-2267.695
2026-08-21 18:34:31.616,obj001,950.608,90.100,-1812.350
2026-08-21 18:34:31.616,obj002,1393.588,90.100,-2334.366
2026-08-21 18:34:31.616,obj003,1060.394,90.100,-1924.148
2026-08-21 18:34:31.616,obj004,266.685,90.100,-2266.474
2026-08-21 18:34:31.633,obj001,950.608,90.100,-1812.350
2026-08-21 18:34:31.633,obj002,1393.588,90.100,-2334.366
2026-08-21 18:34:31.633,obj003,1060.394,90.100,-1924.148
2026-08-21 18:34:31.633,obj004,266.685,90.100,-2266.474
2026-08-21 18:34:31.666,obj001,947.895,90.100,-1814.153
2026-08-21 18:34:31.666,obj002,1391.300,90.100,-2331.552
2026-08-21 18:34:31.666,obj003,1063.390,90.100,-1925.789
2026-08-21 18:34:31.666,obj004,269.055,90.100,-2264.085
2026-08-21 18:34:31.683,obj001,945.179,90.100,-1815.953
2026-08-21 18:34:31.683,obj002,1389.018,90.100,-2328.733
2026-08-21 18:34:31.683,obj003,1066.333,90.100,-1927.523
2026-08-21 18:34:31.683,obj004,271.497,90.100,-2261.770
2026-08-21 18:34:31.700,obj001,943.821,90.100,-1816.853
2026-08-21 18:34:31.700,obj002,1387.880,90.100,-2327.321
2026-08-21 18:34:31.700,obj003,1067.784,90.100,-1928.424
2026-08-21 18:34:31.700,obj004,272.744,90.100,-2260.641
2026-08-21 18:34:31.716,obj001,942.463,90.100,-1817.752
2026-08-21 18:34:31.716,obj002,1386.743,90.100,-2325.908
2026-08-21 18:34:31.716,obj003,1069.221,90.100,-1929.347
2026-08-21 18:34:31.716,obj004,274.008,90.100,-2259.531
2026-08-21 18:34:31.733,obj001,941.104,90.100,-1818.650
2026-08-21 18:34:31.733,obj002,1385.608,90.100,-2324.493
2026-08-21 18:34:31.733,obj003,1070.643,90.100,-1930.293
2026-08-21 18:34:31.733,obj004,275.289,90.100,-2258.441
2026-08-21 18:34:31.750,obj001,939.745,90.100,-1819.548
2026-08-21 18:34:31.750,obj002,1384.475,90.100,-2323.078
2026-08-21 18:34:31.750,obj003,1072.050,90.100,-1931.261
2026-08-21 18:34:31.750,obj004,276.586,90.100,-2257.370
2026-08-21 18:34:31.766,obj001,938.386,90.100,-1820.446
2026-08-21 18:34:31.766,obj002,1383.343,90.100,-2321.661
2026-08-21 18:34:31.766,obj003,1073.443,90.100,-1932.250
2026-08-21 18:34:31.766,obj004,277.900,90.100,-2256.320
2026-08-21 18:34:31.783,obj001,937.026,90.100,-1821.344
2026-08-21 18:34:31.783,obj002,1382.212,90.100,-2320.243
2026-08-21 18:34:31.783,obj003,1074.819,90.100,-1933.261
2026-08-21 18:34:31.783,obj004,279.229,90.100,-2255.290
2026-08-21 18:34:31.800,obj001,937.026,90.100,-1821.344
2026-08-21 18:34:31.800,obj002,1382.212,90.100,-2320.243
2026-08-21 18:34:31.800,obj003,1074.819,90.100,-1933.261
2026-08-21 18:34:31.800,obj004,279.229,90.100,-2255.290
2026-08-21 18:34:31.833,obj001,934.307,90.100,-1823.138
2026-08-21 18:34:31.833,obj002,1379.955,90.100,-2317.404
2026-08-21 18:34:31.833,obj003,1077.524,90.100,-1935.346
2026-08-21 18:34:31.833,obj004,281.935,90.100,-2253.291
2026-08-21 18:34:31.850,obj001,931.587,90.100,-1824.931
2026-08-21 18:34:31.850,obj002,1377.703,90.100,-2314.561
2026-08-21 18:34:31.850,obj003,1080.164,90.100,-1937.515
2026-08-21 18:34:31.850,obj004,284.700,90.100,-2251.376
2026-08-21 18:34:31.866,obj001,931.587,90.100,-1824.931
2026-08-21 18:34:31.866,obj002,1377.703,90.100,-2314.561
2026-08-21 18:34:31.866,obj003,1080.164,90.100,-1937.515
2026-08-21 18:34:31.866,obj004,284.700,90.100,-2251.376
2026-08-21 18:34:31.883,obj001,928.867,90.100,-1826.725
2026-08-21 18:34:31.883,obj002,1375.455,90.100,-2311.715
2026-08-21 18:34:31.883,obj003,1082.734,90.100,-1939.764
2026-08-21 18:34:31.883,obj004,287.509,90.100,-2249.524
2026-08-21 18:34:31.900,obj001,928.867,90.100,-1826.725
2026-08-21 18:34:31.900,obj002,1375.455,90.100,-2311.715
2026-08-21 18:34:31.900,obj003,1082.734,90.100,-1939.764
2026-08-21 18:34:31.900,obj004,287.509,90.100,-2249.524
2026-08-21 18:34:31.933,obj001,926.147,90.100,-1828.518
2026-08-21 18:34:31.933,obj002,1373.211,90.100,-2308.866
2026-08-21 18:34:31.933,obj003,1085.233,90.100,-1942.093
2026-08-21 18:34:31.933,obj004,290.317,90.100,-2247.673
2026-08-21 18:34:31.950,obj001,923.427,90.100,-1830.311
2026-08-21 18:34:31.950,obj002,1370.970,90.100,-2306.014
2026-08-21 18:34:31.950,obj003,1087.659,90.100,-1944.497
2026-08-21 18:34:31.950,obj004,293.125,90.100,-2245.822
2026-08-21 18:34:31.966,obj001,923.427,90.100,-1830.311
2026-08-21 18:34:31.966,obj002,1370.970,90.100,-2306.014
2026-08-21 18:34:31.966,obj003,1087.659,90.100,-1944.497
2026-08-21 18:34:31.966,obj004,293.125,90.100,-2245.822
2026-08-21 18:34:32.000,obj001,920.707,90.100,-1832.104
2026-08-21 18:34:32.000,obj002,1368.732,90.100,-2303.159
2026-08-21 18:34:32.000,obj003,1090.009,90.100,-1946.976
2026-08-21 18:34:32.000,obj004,295.934,90.100,-2243.971
2026-08-21 18:34:32.016,obj001,917.987,90.100,-1833.898
2026-08-21 18:34:32.016,obj002,1366.496,90.100,-2300.303
2026-08-21 18:34:32.016,obj003,1092.281,90.100,-1949.527
2026-08-21 18:34:32.016,obj004,298.742,90.100,-2242.120
2026-08-21 18:34:32.033,obj001,916.627,90.100,-1834.794
2026-08-21 18:34:32.033,obj002,1365.379,90.100,-2298.875
2026-08-21 18:34:32.033,obj003,1093.387,90.100,-1950.829
2026-08-21 18:34:32.033,obj004,300.146,90.100,-2241.194
2026-08-21 18:34:32.050,obj001,915.267,90.100,-1835.691
2026-08-21 18:34:32.050,obj002,1364.262,90.100,-2297.446
2026-08-21 18:34:32.050,obj003,1094.472,90.100,-1952.148
2026-08-21 18:34:32.050,obj004,301.550,90.100,-2240.269
2026-08-21 18:34:32.066,obj001,913.907,90.100,-1836.587
2026-08-21 18:34:32.066,obj002,1363.146,90.100,-2296.017
2026-08-21 18:34:32.066,obj003,1095.537,90.100,-1953.483
2026-08-21 18:34:32.066,obj004,302.954,90.100,-2239.343
2026-08-21 18:34:32.083,obj001,912.547,90.100,-1837.484
2026-08-21 18:34:32.083,obj002,1362.029,90.100,-2294.588
2026-08-21 18:34:32.083,obj003,1096.588,90.100,-1954.829
2026-08-21 18:34:32.083,obj004,304.359,90.100,-2238.418
2026-08-21 18:34:32.100,obj001,911.186,90.100,-1838.381
2026-08-21 18:34:32.100,obj002,1360.913,90.100,-2293.159
2026-08-21 18:34:32.100,obj003,1097.640,90.100,-1956.175
2026-08-21 18:34:32.100,obj004,305.763,90.100,-2237.492
2026-08-21 18:34:32.116,obj001,909.826,90.100,-1839.277
2026-08-21 18:34:32.116,obj002,1359.796,90.100,-2291.730
2026-08-21 18:34:32.116,obj003,1098.691,90.100,-1957.521
2026-08-21 18:34:32.116,obj004,307.167,90.100,-2236.567
2026-08-21 18:34:32.133,obj001,909.826,90.100,-1839.277
2026-08-21 18:34:32.133,obj002,1359.796,90.100,-2291.730
2026-08-21 18:34:32.133,obj003,1098.691,90.100,-1957.521
2026-08-21 18:34:32.133,obj004,307.167,90.100,-2236.567
2026-08-21 18:34:32.166,obj001,907.106,90.100,-1841.070
2026-08-21 18:34:32.166,obj002,1357.563,90.100,-2288.872
2026-08-21 18:34:32.166,obj003,1100.794,90.100,-1960.212
2026-08-21 18:34:32.166,obj004,309.975,90.100,-2234.716
2026-08-21 18:34:32.183,obj001,904.386,90.100,-1842.864
2026-08-21 18:34:32.183,obj002,1355.330,90.100,-2286.014
2026-08-21 18:34:32.183,obj003,1102.897,90.100,-1962.904
2026-08-21 18:34:32.183,obj004,312.783,90.100,-2232.864
2026-08-21 18:34:32.200,obj001,904.386,90.100,-1842.864
2026-08-21 18:34:32.200,obj002,1355.330,90.100,-2286.014
2026-08-21 18:34:32.200,obj003,1102.897,90.100,-1962.904
2026-08-21 18:34:32.200,obj004,312.783,90.100,-2232.864
2026-08-21 18:34:32.233,obj001,901.666,90.100,-1844.657
2026-08-21 18:34:32.233,obj002,1353.097,90.100,-2283.156
2026-08-21 18:34:32.233,obj003,1105.000,90.100,-1965.596
2026-08-21 18:34:32.233,obj004,315.591,90.100,-2231.013
2026-08-21 18:34:32.250,obj001,898.946,90.100,-1846.450
2026-08-21 18:34:32.250,obj002,1350.865,90.100,-2280.298
2026-08-21 18:34:32.250,obj003,1107.103,90.100,-1968.288
2026-08-21 18:34:32.250,obj004,318.399,90.100,-2229.162
2026-08-21 18:34:32.266,obj001,898.946,90.100,-1846.450
2026-08-21 18:34:32.266,obj002,1350.865,90.100,-2280.298
2026-08-21 18:34:32.266,obj003,1107.103,90.100,-1968.288
2026-08-21 18:34:32.266,obj004,318.399,90.100,-2229.162
2026-08-21 18:34:32.300,obj001,896.226,90.100,-1848.243
2026-08-21 18:34:32.300,obj002,1348.632,90.100,-2277.440
2026-08-21 18:34:32.300,obj003,1109.206,90.100,-1970.979
2026-08-21 18:34:32.300,obj004,321.210,90.091,-2227.308
2026-08-21 18:34:32.316,obj001,893.506,90.100,-1850.036
2026-08-21 18:34:32.316,obj002,1346.399,90.100,-2274.582
2026-08-21 18:34:32.316,obj003,1111.309,90.100,-1973.671
2026-08-21 18:34:32.316,obj004,324.017,90.098,-2225.458
2026-08-21 18:34:32.333,obj001,893.506,90.100,-1850.036
2026-08-21 18:34:32.333,obj002,1346.399,90.100,-2274.582
2026-08-21 18:34:32.333,obj003,1111.309,90.100,-1973.671
2026-08-21 18:34:32.333,obj004,324.017,90.098,-2225.458
2026-08-21 18:34:32.366,obj001,890.845,90.100,-1851.791
2026-08-21 18:34:32.366,obj002,1344.166,90.100,-2271.724
2026-08-21 18:34:32.366,obj003,1113.412,90.100,-1976.363
2026-08-21 18:34:32.366,obj004,326.765,90.099,-2223.646
2026-08-21 18:34:32.383,obj001,888.125,90.100,-1853.584
2026-08-21 18:34:32.383,obj002,1341.933,90.100,-2268.866
2026-08-21 18:34:32.383,obj003,1115.515,90.100,-1979.055
2026-08-21 18:34:32.383,obj004,329.574,90.097,-2221.793
2026-08-21 18:34:32.400,obj001,886.765,90.100,-1854.481
2026-08-21 18:34:32.400,obj002,1340.816,90.100,-2267.437
2026-08-21 18:34:32.400,obj003,1116.567,90.100,-1980.400
2026-08-21 18:34:32.400,obj004,330.978,90.098,-2220.868
2026-08-21 18:34:32.416,obj001,885.405,90.100,-1855.377
2026-08-21 18:34:32.416,obj002,1339.700,90.100,-2266.008
2026-08-21 18:34:32.416,obj003,1117.618,90.100,-1981.746
2026-08-21 18:34:32.416,obj004,332.382,90.099,-2219.943
2026-08-21 18:34:32.433,obj001,885.405,90.100,-1855.377
2026-08-21 18:34:32.433,obj002,1339.700,90.100,-2266.008
2026-08-21 18:34:32.433,obj003,1117.618,90.100,-1981.746
2026-08-21 18:34:32.433,obj004,332.382,90.099,-2219.943
2026-08-21 18:34:32.466,obj001,882.685,90.100,-1857.170
2026-08-21 18:34:32.466,obj002,1337.467,90.100,-2263.150
2026-08-21 18:34:32.466,obj003,1119.721,90.100,-1984.438
2026-08-21 18:34:32.466,obj004,335.190,90.100,-2218.091
2026-08-21 18:34:32.483,obj001,880.023,90.100,-1858.925
2026-08-21 18:34:32.483,obj002,1335.234,90.100,-2260.291
2026-08-21 18:34:32.483,obj003,1121.825,90.100,-1987.129
2026-08-21 18:34:32.483,obj004,337.999,90.094,-2216.237
2026-08-21 18:34:32.500,obj001,880.023,90.100,-1858.925
2026-08-21 18:34:32.500,obj002,1335.234,90.100,-2260.291
2026-08-21 18:34:32.500,obj003,1121.825,90.100,-1987.129
2026-08-21 18:34:32.500,obj004,337.999,90.094,-2216.237
2026-08-21 18:34:32.533,obj001,877.303,90.100,-1860.718
2026-08-21 18:34:32.533,obj002,1333.001,90.100,-2257.433
2026-08-21 18:34:32.533,obj003,1123.928,90.100,-1989.821
2026-08-21 18:34:32.533,obj004,340.807,90.098,-2214.387
2026-08-21 18:34:32.550,obj001,874.583,90.100,-1862.511
2026-08-21 18:34:32.550,obj002,1330.768,90.100,-2254.575
2026-08-21 18:34:32.550,obj003,1126.031,90.100,-1992.513
2026-08-21 18:34:32.550,obj004,343.615,90.099,-2212.536
2026-08-21 18:34:32.566,obj001,874.583,90.100,-1862.511
2026-08-21 18:34:32.566,obj002,1330.768,90.100,-2254.575
2026-08-21 18:34:32.566,obj003,1126.031,90.100,-1992.513
2026-08-21 18:34:32.566,obj004,343.615,90.099,-2212.536
2026-08-21 18:34:32.600,obj001,871.863,90.100,-1864.304
2026-08-21 18:34:32.600,obj002,1328.465,90.100,-2251.773
2026-08-21 18:34:32.600,obj003,1128.196,90.100,-1995.155
2026-08-21 18:34:32.600,obj004,346.423,90.100,-2210.685
2026-08-21 18:34:32.616,obj001,869.202,90.100,-1866.059
2026-08-21 18:34:32.616,obj002,1326.072,90.100,-2249.048
2026-08-21 18:34:32.616,obj003,1130.442,90.100,-1997.728
2026-08-21 18:34:32.616,obj004,349.172,90.100,-2208.872
2026-08-21 18:34:32.633,obj001,869.202,90.100,-1866.059
2026-08-21 18:34:32.633,obj002,1326.072,90.100,-2249.048
2026-08-21 18:34:32.633,obj003,1130.442,90.100,-1997.728
2026-08-21 18:34:32.633,obj004,349.172,90.100,-2208.872
2026-08-21 18:34:32.666,obj001,866.482,90.100,-1867.852
2026-08-21 18:34:32.666,obj002,1323.589,90.100,-2246.404
2026-08-21 18:34:32.666,obj003,1132.767,90.100,-2000.231
2026-08-21 18:34:32.666,obj004,351.980,90.100,-2207.021
2026-08-21 18:34:32.683,obj001,863.762,90.100,-1869.645
2026-08-21 18:34:32.683,obj002,1321.021,90.100,-2243.843
2026-08-21 18:34:32.683,obj003,1135.169,90.100,-2002.660
2026-08-21 18:34:32.683,obj004,354.788,90.100,-2205.170
2026-08-21 18:34:32.700,obj001,863.762,90.100,-1869.645
2026-08-21 18:34:32.700,obj002,1321.021,90.100,-2243.843
2026-08-21 18:34:32.700,obj003,1135.169,90.100,-2002.660
2026-08-21 18:34:32.700,obj004,354.788,90.100,-2205.170
2026-08-21 18:34:32.733,obj001,861.042,90.100,-1871.438
2026-08-21 18:34:32.733,obj002,1318.370,90.100,-2241.368
2026-08-21 18:34:32.733,obj003,1137.645,90.100,-2005.013
2026-08-21 18:34:32.733,obj004,357.596,90.100,-2203.319
2026-08-21 18:34:32.750,obj001,858.322,90.100,-1873.231
2026-08-21 18:34:32.750,obj002,1315.638,90.100,-2238.982
2026-08-21 18:34:32.750,obj003,1140.193,90.100,-2007.288
2026-08-21 18:34:32.750,obj004,360.405,90.100,-2201.468
2026-08-21 18:34:32.766,obj001,858.322,90.100,-1873.231
2026-08-21 18:34:32.766,obj002,1315.638,90.100,-2238.982
2026-08-21 18:34:32.766,obj003,1140.193,90.100,-2007.288
2026-08-21 18:34:32.766,obj004,360.405,90.100,-2201.468
2026-08-21 18:34:32.800,obj001,855.602,90.100,-1875.025
2026-08-21 18:34:32.800,obj002,1312.830,90.100,-2236.686
2026-08-21 18:34:32.800,obj003,1142.810,90.100,-2009.483
2026-08-21 18:34:32.800,obj004,363.213,90.100,-2199.617
2026-08-21 18:34:32.816,obj001,852.882,90.100,-1876.818
2026-08-21 18:34:32.816,obj002,1309.948,90.100,-2234.485
2026-08-21 18:34:32.816,obj003,1145.494,90.100,-2011.595
2026-08-21 18:34:32.816,obj004,366.021,90.100,-2197.766
2026-08-21 18:34:32.833,obj001,852.882,90.100,-1876.818
2026-08-21 18:34:32.833,obj002,1309.948,90.100,-2234.485
2026-08-21 18:34:32.833,obj003,1145.494,90.100,-2011.595
2026-08-21 18:34:32.833,obj004,366.021,90.100,-2197.766
2026-08-21 18:34:32.866,obj001,850.161,90.100,-1878.611
2026-08-21 18:34:32.866,obj002,1306.994,90.100,-2232.380
2026-08-21 18:34:32.866,obj003,1148.243,90.100,-2013.623
2026-08-21 18:34:32.866,obj004,368.829,90.100,-2195.915
2026-08-21 18:34:32.883,obj001,847.441,90.100,-1880.404
2026-08-21 18:34:32.883,obj002,1303.973,90.100,-2230.373
2026-08-21 18:34:32.883,obj003,1151.053,90.100,-2015.564
2026-08-21 18:34:32.883,obj004,371.637,90.100,-2194.064
2026-08-21 18:34:32.900,obj001,846.081,90.100,-1881.301
2026-08-21 18:34:32.900,obj002,1302.438,90.100,-2229.407
2026-08-21 18:34:32.900,obj003,1152.481,90.100,-2016.502
2026-08-21 18:34:32.900,obj004,373.042,90.100,-2193.138
2026-08-21 18:34:32.916,obj001,844.721,90.100,-1882.197
2026-08-21 18:34:32.916,obj002,1300.887,90.100,-2228.467
2026-08-21 18:34:32.916,obj003,1153.923,90.100,-2017.418
2026-08-21 18:34:32.916,obj004,374.446,90.100,-2192.213
2026-08-21 18:34:32.933,obj001,844.721,90.100,-1882.197
2026-08-21 18:34:32.933,obj002,1300.887,90.100,-2228.467
2026-08-21 18:34:32.933,obj003,1153.923,90.100,-2017.418
2026-08-21 18:34:32.933,obj004,374.446,90.100,-2192.213
2026-08-21 18:34:32.966,obj001,842.001,90.100,-1883.991
2026-08-21 18:34:32.966,obj002,1297.740,90.100,-2226.664
2026-08-21 18:34:32.966,obj003,1156.848,90.100,-2019.181
2026-08-21 18:34:32.966,obj004,377.254,90.100,-2190.362
2026-08-21 18:34:32.983,obj001,839.281,90.100,-1885.784
2026-08-21 18:34:32.983,obj002,1294.538,90.100,-2224.962
2026-08-21 18:34:32.983,obj003,1159.827,90.100,-2020.852
2026-08-21 18:34:32.983,obj004,380.062,90.100,-2188.511
2026-08-21 18:34:33.000,obj001,839.281,90.100,-1885.784
2026-08-21 18:34:33.000,obj002,1294.538,90.100,-2224.962
2026-08-21 18:34:33.000,obj003,1159.827,90.100,-2020.852
2026-08-21 18:34:33.000,obj004,380.062,90.100,-2188.511
2026-08-21 18:34:33.033,obj001,836.621,90.104,-1887.537
2026-08-21 18:34:33.033,obj002,1291.323,90.100,-2223.284
2026-08-21 18:34:33.033,obj003,1162.850,90.100,-2022.443
2026-08-21 18:34:33.033,obj004,382.811,90.100,-2186.698
2026-08-21 18:34:33.050,obj001,833.901,90.101,-1889.331
2026-08-21 18:34:33.050,obj002,1288.107,90.100,-2221.606
2026-08-21 18:34:33.050,obj003,1165.879,90.100,-2024.023
2026-08-21 18:34:33.050,obj004,385.619,90.100,-2184.847
2026-08-21 18:34:33.066,obj001,833.901,90.101,-1889.331
2026-08-21 18:34:33.066,obj002,1288.107,90.100,-2221.606
2026-08-21 18:34:33.066,obj003,1165.879,90.100,-2024.023
2026-08-21 18:34:33.066,obj004,385.619,90.100,-2184.847
2026-08-21 18:34:33.100,obj001,831.180,90.100,-1891.124
2026-08-21 18:34:33.100,obj002,1284.891,90.100,-2219.928
2026-08-21 18:34:33.100,obj003,1168.907,90.100,-2025.602
2026-08-21 18:34:33.100,obj004,388.428,90.100,-2182.996
2026-08-21 18:34:33.116,obj001,828.460,90.100,-1892.917
2026-08-21 18:34:33.116,obj002,1281.675,90.100,-2218.250
2026-08-21 18:34:33.116,obj003,1171.936,90.100,-2027.182
2026-08-21 18:34:33.116,obj004,391.236,90.100,-2181.145
2026-08-21 18:34:33.133,obj001,827.100,90.100,-1893.814
2026-08-21 18:34:33.133,obj002,1280.067,90.100,-2217.412
2026-08-21 18:34:33.133,obj003,1173.450,90.100,-2027.972
2026-08-21 18:34:33.133,obj004,392.640,90.100,-2180.220
2026-08-21 18:34:33.150,obj001,825.740,90.100,-1894.710
2026-08-21 18:34:33.150,obj002,1278.459,90.100,-2216.573
2026-08-21 18:34:33.150,obj003,1174.965,90.100,-2028.762
2026-08-21 18:34:33.150,obj004,394.044,90.100,-2179.294
2026-08-21 18:34:33.166,obj001,825.740,90.100,-1894.710
2026-08-21 18:34:33.166,obj002,1278.459,90.100,-2216.573
2026-08-21 18:34:33.166,obj003,1174.965,90.100,-2028.762
2026-08-21 18:34:33.166,obj004,394.044,90.100,-2179.294
2026-08-21 18:34:33.183,obj001,823.020,90.100,-1896.504
2026-08-21 18:34:33.183,obj002,1275.243,90.100,-2214.895
2026-08-21 18:34:33.183,obj003,1177.993,90.100,-2030.342
2026-08-21 18:34:33.183,obj004,396.852,90.100,-2177.443
2026-08-21 18:34:33.200,obj001,823.020,90.100,-1896.504
2026-08-21 18:34:33.200,obj002,1275.243,90.100,-2214.895
2026-08-21 18:34:33.200,obj003,1177.993,90.100,-2030.342
2026-08-21 18:34:33.200,obj004,396.852,90.100,-2177.443
2026-08-21 18:34:33.233,obj001,820.300,90.100,-1898.297
2026-08-21 18:34:33.233,obj002,1272.028,90.100,-2213.217
2026-08-21 18:34:33.233,obj003,1181.022,90.100,-2031.922
2026-08-21 18:34:33.233,obj004,399.661,90.100,-2175.592
2026-08-21 18:34:33.250,obj001,817.580,90.100,-1900.090
2026-08-21 18:34:33.250,obj002,1268.812,90.100,-2211.540
2026-08-21 18:34:33.250,obj003,1184.050,90.100,-2033.502
2026-08-21 18:34:33.250,obj004,402.469,90.100,-2173.741
2026-08-21 18:34:33.266,obj001,817.580,90.100,-1900.090
2026-08-21 18:34:33.266,obj002,1268.812,90.100,-2211.540
2026-08-21 18:34:33.266,obj003,1184.050,90.100,-2033.502
2026-08-21 18:34:33.266,obj004,402.469,90.100,-2173.741
2026-08-21 18:34:33.300,obj001,814.860,90.100,-1901.883
2026-08-21 18:34:33.300,obj002,1265.596,90.100,-2209.863
2026-08-21 18:34:33.300,obj003,1187.079,90.100,-2035.081
2026-08-21 18:34:33.300,obj004,405.277,90.100,-2171.890
2026-08-21 18:34:33.316,obj001,812.140,90.100,-1903.676
2026-08-21 18:34:33.316,obj002,1262.380,90.100,-2208.185
2026-08-21 18:34:33.316,obj003,1190.107,90.100,-2036.661
2026-08-21 18:34:33.316,obj004,408.085,90.100,-2170.039
2026-08-21 18:34:33.333,obj001,812.140,90.100,-1903.676
2026-08-21 18:34:33.333,obj002,1262.380,90.100,-2208.185
2026-08-21 18:34:33.333,obj003,1190.107,90.100,-2036.661
2026-08-21 18:34:33.333,obj004,408.085,90.100,-2170.039
2026-08-21 18:34:33.350,obj001,809.420,90.100,-1905.470
2026-08-21 18:34:33.350,obj002,1259.164,90.100,-2206.508
2026-08-21 18:34:33.350,obj003,1193.136,90.100,-2038.241
2026-08-21 18:34:33.350,obj004,410.894,90.100,-2168.188
2026-08-21 18:34:33.366,obj001,809.420,90.100,-1905.470
2026-08-21 18:34:33.366,obj002,1259.164,90.100,-2206.508
2026-08-21 18:34:33.366,obj003,1193.136,90.100,-2038.241
2026-08-21 18:34:33.366,obj004,410.894,90.100,-2168.188
2026-08-21 18:34:33.400,obj001,806.700,90.100,-1907.263
2026-08-21 18:34:33.400,obj002,1255.949,90.100,-2204.831
2026-08-21 18:34:33.400,obj003,1196.164,90.100,-2039.821
2026-08-21 18:34:33.400,obj004,413.702,90.100,-2166.337
2026-08-21 18:34:33.416,obj001,803.979,90.100,-1909.056
2026-08-21 18:34:33.416,obj002,1252.733,90.100,-2203.153
2026-08-21 18:34:33.416,obj003,1199.193,90.100,-2041.401
2026-08-21 18:34:33.416,obj004,416.510,90.100,-2164.485
2026-08-21 18:34:33.433,obj001,803.979,90.100,-1909.056
2026-08-21 18:34:33.433,obj002,1252.733,90.100,-2203.153
2026-08-21 18:34:33.433,obj003,1199.193,90.100,-2041.401
2026-08-21 18:34:33.433,obj004,416.510,90.100,-2164.485
2026-08-21 18:34:33.466,obj001,801.259,90.100,-1910.849
2026-08-21 18:34:33.466,obj002,1249.517,90.100,-2201.475
2026-08-21 18:34:33.466,obj003,1202.222,90.100,-2042.981
2026-08-21 18:34:33.466,obj004,419.318,90.100,-2162.634
2026-08-21 18:34:33.483,obj001,798.539,90.100,-1912.643
2026-08-21 18:34:33.483,obj002,1246.301,90.100,-2199.798
2026-08-21 18:34:33.483,obj003,1205.250,90.100,-2044.560
2026-08-21 18:34:33.483,obj004,422.126,90.100,-2160.783
2026-08-21 18:34:33.500,obj001,798.539,90.100,-1912.643
2026-08-21 18:34:33.500,obj002,1246.301,90.100,-2199.798
2026-08-21 18:34:33.500,obj003,1205.250,90.100,-2044.560
2026-08-21 18:34:33.500,obj004,422.126,90.100,-2160.783
2026-08-21 18:34:33.533,obj001,795.819,90.100,-1914.436
2026-08-21 18:34:33.533,obj002,1243.085,90.100,-2198.120
2026-08-21 18:34:33.533,obj003,1208.279,90.100,-2046.140
2026-08-21 18:34:33.533,obj004,424.935,90.100,-2158.932
2026-08-21 18:34:33.550,obj001,793.099,90.100,-1916.229
2026-08-21 18:34:33.550,obj002,1239.869,90.100,-2196.442
2026-08-21 18:34:33.550,obj003,1211.307,90.100,-2047.720
2026-08-21 18:34:33.550,obj004,427.743,90.100,-2157.081
2026-08-21 18:34:33.566,obj001,793.099,90.100,-1916.229
2026-08-21 18:34:33.566,obj002,1239.869,90.100,-2196.442
2026-08-21 18:34:33.566,obj003,1211.307,90.100,-2047.720
2026-08-21 18:34:33.566,obj004,427.743,90.100,-2157.081
2026-08-21 18:34:33.600,obj001,790.379,90.100,-1918.022
2026-08-21 18:34:33.600,obj002,1236.654,90.100,-2194.764
2026-08-21 18:34:33.600,obj003,1214.336,90.100,-2049.300
2026-08-21 18:34:33.600,obj004,430.551,90.100,-2155.230
2026-08-21 18:34:33.616,obj001,787.659,90.100,-1919.815
2026-08-21 18:34:33.616,obj002,1233.438,90.100,-2193.087
2026-08-21 18:34:33.616,obj003,1217.364,90.100,-2050.880
2026-08-21 18:34:33.616,obj004,433.359,90.100,-2153.379
2026-08-21 18:34:33.633,obj001,786.299,90.100,-1920.712
2026-08-21 18:34:33.633,obj002,1231.830,90.100,-2192.248
2026-08-21 18:34:33.633,obj003,1218.879,90.100,-2051.670
2026-08-21 18:34:33.633,obj004,434.763,90.100,-2152.453
2026-08-21 18:34:33.650,obj001,784.939,90.100,-1921.609
2026-08-21 18:34:33.650,obj002,1230.222,90.100,-2191.409
2026-08-21 18:34:33.650,obj003,1220.393,90.100,-2052.460
2026-08-21 18:34:33.650,obj004,436.167,90.100,-2151.528
2026-08-21 18:34:33.666,obj001,784.939,90.100,-1921.609
2026-08-21 18:34:33.666,obj002,1230.222,90.100,-2191.409
2026-08-21 18:34:33.666,obj003,1220.393,90.100,-2052.460
2026-08-21 18:34:33.666,obj004,436.167,90.100,-2151.528
2026-08-21 18:34:33.700,obj001,782.219,90.100,-1923.402
2026-08-21 18:34:33.700,obj002,1227.006,90.100,-2189.732
2026-08-21 18:34:33.700,obj003,1223.422,90.100,-2054.039
2026-08-21 18:34:33.700,obj004,438.976,90.100,-2149.677
2026-08-21 18:34:33.716,obj001,779.499,90.100,-1925.195
2026-08-21 18:34:33.716,obj002,1223.790,90.100,-2188.054
2026-08-21 18:34:33.716,obj003,1226.450,90.100,-2055.619
2026-08-21 18:34:33.716,obj004,441.784,90.100,-2147.826
2026-08-21 18:34:33.733,obj001,778.139,90.100,-1926.092
2026-08-21 18:34:33.733,obj002,1222.182,90.100,-2187.216
2026-08-21 18:34:33.733,obj003,1227.964,90.100,-2056.409
2026-08-21 18:34:33.733,obj004,443.188,90.100,-2146.900
2026-08-21 18:34:33.750,obj001,776.779,90.100,-1926.988
2026-08-21 18:34:33.750,obj002,1220.574,90.100,-2186.377
2026-08-21 18:34:33.750,obj003,1229.416,90.100,-2057.166
2026-08-21 18:34:33.750,obj004,444.592,90.100,-2145.975
2026-08-21 18:34:33.766,obj001,775.418,90.100,-1927.885
2026-08-21 18:34:33.766,obj002,1218.967,90.100,-2185.538
2026-08-21 18:34:33.766,obj003,1230.930,90.100,-2057.956
2026-08-21 18:34:33.766,obj004,445.996,90.100,-2145.049
2026-08-21 18:34:33.783,obj001,774.058,90.100,-1928.781
2026-08-21 18:34:33.783,obj002,1217.359,90.100,-2184.699
2026-08-21 18:34:33.783,obj003,1232.445,90.100,-2058.746
2026-08-21 18:34:33.783,obj004,447.400,90.100,-2144.124
2026-08-21 18:34:33.800,obj001,774.058,90.100,-1928.781
2026-08-21 18:34:33.800,obj002,1217.359,90.100,-2184.699
2026-08-21 18:34:33.800,obj003,1232.445,90.100,-2058.746
2026-08-21 18:34:33.800,obj004,447.400,90.100,-2144.124
2026-08-21 18:34:33.833,obj001,771.338,90.100,-1930.575
2026-08-21 18:34:33.833,obj002,1214.143,90.100,-2183.022
2026-08-21 18:34:33.833,obj003,1235.473,90.100,-2060.326
2026-08-21 18:34:33.833,obj004,450.208,90.100,-2142.273
2026-08-21 18:34:33.850,obj001,768.618,90.100,-1932.368
2026-08-21 18:34:33.850,obj002,1210.927,90.100,-2181.345
2026-08-21 18:34:33.850,obj003,1238.502,90.100,-2061.906
2026-08-21 18:34:33.850,obj004,453.016,90.100,-2140.421
2026-08-21 18:34:33.866,obj001,768.618,90.100,-1932.368
2026-08-21 18:34:33.866,obj002,1210.927,90.100,-2181.345
2026-08-21 18:34:33.866,obj003,1238.502,90.100,-2061.906
2026-08-21 18:34:33.866,obj004,453.016,90.100,-2140.421
2026-08-21 18:34:33.900,obj001,765.898,90.100,-1934.161
2026-08-21 18:34:33.900,obj002,1207.711,90.100,-2179.668
2026-08-21 18:34:33.900,obj003,1241.530,90.100,-2063.487
2026-08-21 18:34:33.900,obj004,455.825,90.100,-2138.570
2026-08-21 18:34:33.916,obj001,763.178,90.100,-1935.954
2026-08-21 18:34:33.916,obj002,1204.495,90.100,-2177.990
2026-08-21 18:34:33.916,obj003,1244.559,90.100,-2065.067
2026-08-21 18:34:33.916,obj004,458.633,90.100,-2136.719
2026-08-21 18:34:33.933,obj001,763.178,90.100,-1935.954
2026-08-21 18:34:33.933,obj002,1204.495,90.100,-2177.990
2026-08-21 18:34:33.933,obj003,1244.559,90.100,-2065.067
2026-08-21 18:34:33.933,obj004,458.633,90.100,-2136.719
2026-08-21 18:34:33.966,obj001,760.458,90.100,-1937.748
2026-08-21 18:34:33.966,obj002,1201.280,90.100,-2176.313
2026-08-21 18:34:33.966,obj003,1247.587,90.100,-2066.646
2026-08-21 18:34:33.966,obj004,461.441,90.100,-2134.868
2026-08-21 18:34:33.983,obj001,757.738,90.100,-1939.541
2026-08-21 18:34:33.983,obj002,1198.064,90.100,-2174.636
2026-08-21 18:34:33.983,obj003,1250.616,90.100,-2068.226
2026-08-21 18:34:33.983,obj004,464.249,90.100,-2133.017
2026-08-21 18:34:34.000,obj001,757.738,90.100,-1939.541
2026-08-21 18:34:34.000,obj002,1198.064,90.100,-2174.636
2026-08-21 18:34:34.000,obj003,1250.616,90.100,-2068.226
2026-08-21 18:34:34.000,obj004,464.249,90.100,-2133.017
2026-08-21 18:34:34.033,obj001,755.018,90.100,-1941.334
2026-08-21 18:34:34.033,obj002,1194.848,90.100,-2172.958
2026-08-21 18:34:34.033,obj003,1253.644,90.100,-2069.806
2026-08-21 18:34:34.033,obj004,467.057,90.100,-2131.166
2026-08-21 18:34:34.050,obj001,752.298,90.100,-1943.127
2026-08-21 18:34:34.050,obj002,1191.673,90.100,-2171.206
2026-08-21 18:34:34.050,obj003,1256.636,90.100,-2071.455
2026-08-21 18:34:34.050,obj004,469.865,90.100,-2129.315
2026-08-21 18:34:34.066,obj001,752.298,90.100,-1943.127
2026-08-21 18:34:34.066,obj002,1191.673,90.100,-2171.206
2026-08-21 18:34:34.066,obj003,1256.636,90.100,-2071.455
2026-08-21 18:34:34.066,obj004,469.865,90.100,-2129.315
2026-08-21 18:34:34.100,obj001,749.591,90.100,-1944.940
2026-08-21 18:34:34.100,obj002,1188.557,90.100,-2169.349
2026-08-21 18:34:34.100,obj003,1259.575,90.100,-2073.196
2026-08-21 18:34:34.100,obj004,472.659,90.100,-2127.442
2026-08-21 18:34:34.116,obj001,746.939,90.100,-1946.833
2026-08-21 18:34:34.116,obj002,1185.504,90.100,-2167.392
2026-08-21 18:34:34.116,obj003,1262.458,90.100,-2075.028
2026-08-21 18:34:34.116,obj004,475.394,90.100,-2125.485
2026-08-21 18:34:34.133,obj001,746.939,90.100,-1946.833
2026-08-21 18:34:34.133,obj002,1185.504,90.100,-2167.392
2026-08-21 18:34:34.133,obj003,1262.458,90.100,-2075.028
2026-08-21 18:34:34.133,obj004,475.394,90.100,-2125.485
2026-08-21 18:34:34.166,obj001,744.345,90.100,-1948.804
2026-08-21 18:34:34.166,obj002,1182.517,90.100,-2165.334
2026-08-21 18:34:34.166,obj003,1265.283,90.100,-2076.948
2026-08-21 18:34:34.166,obj004,478.069,90.100,-2123.445
2026-08-21 18:34:34.183,obj001,741.810,90.100,-1950.851
2026-08-21 18:34:34.183,obj002,1179.599,90.100,-2163.180
2026-08-21 18:34:34.183,obj003,1268.046,90.100,-2078.956
2026-08-21 18:34:34.183,obj004,480.679,90.100,-2121.324
2026-08-21 18:34:34.200,obj001,740.566,90.100,-1951.902
2026-08-21 18:34:34.200,obj002,1178.167,90.100,-2162.067
2026-08-21 18:34:34.200,obj003,1269.405,90.100,-2079.991
2026-08-21 18:34:34.200,obj004,481.959,90.100,-2120.234
2026-08-21 18:34:34.216,obj001,739.338,90.100,-1952.972
2026-08-21 18:34:34.216,obj002,1176.754,90.100,-2160.930
2026-08-21 18:34:34.216,obj003,1270.747,90.100,-2081.048
2026-08-21 18:34:34.216,obj004,483.223,90.100,-2119.124
2026-08-21 18:34:34.233,obj001,739.338,90.100,-1952.972
2026-08-21 18:34:34.233,obj002,1176.754,90.100,-2160.930
2026-08-21 18:34:34.233,obj003,1270.747,90.100,-2081.048
2026-08-21 18:34:34.233,obj004,483.223,90.100,-2119.124
2026-08-21 18:34:34.266,obj001,736.929,90.100,-1955.165
2026-08-21 18:34:34.266,obj002,1173.985,90.100,-2158.588
2026-08-21 18:34:34.266,obj003,1273.380,90.100,-2083.223
2026-08-21 18:34:34.266,obj004,485.699,90.100,-2116.847
2026-08-21 18:34:34.283,obj001,734.586,90.100,-1957.429
2026-08-21 18:34:34.283,obj002,1171.294,90.100,-2156.156
2026-08-21 18:34:34.283,obj003,1275.945,90.100,-2085.479
2026-08-21 18:34:34.283,obj004,488.103,90.100,-2114.496
2026-08-21 18:34:34.300,obj001,734.586,90.100,-1957.429
2026-08-21 18:34:34.300,obj002,1171.294,90.100,-2156.156
2026-08-21 18:34:34.300,obj003,1275.945,90.100,-2085.479
2026-08-21 18:34:34.300,obj004,488.103,90.100,-2114.496
2026-08-21 18:34:34.333,obj001,732.312,90.101,-1959.762
2026-08-21 18:34:34.333,obj002,1168.685,90.100,-2153.637
2026-08-21 18:34:34.333,obj003,1278.439,90.100,-2087.813
2026-08-21 18:34:34.333,obj004,490.435,90.100,-2112.072
2026-08-21 18:34:34.350,obj001,730.108,90.100,-1962.161
2026-08-21 18:34:34.350,obj002,1166.160,90.100,-2151.033
2026-08-21 18:34:34.350,obj003,1280.859,90.100,-2090.224
2026-08-21 18:34:34.350,obj004,492.691,90.100,-2109.577
2026-08-21 18:34:34.366,obj001,730.108,90.100,-1962.161
2026-08-21 18:34:34.366,obj002,1166.160,90.100,-2151.033
2026-08-21 18:34:34.366,obj003,1280.859,90.100,-2090.224
2026-08-21 18:34:34.366,obj004,492.691,90.100,-2109.577
2026-08-21 18:34:34.400,obj001,727.976,90.100,-1964.625
2026-08-21 18:34:34.400,obj002,1163.723,90.100,-2148.348
2026-08-21 18:34:34.400,obj003,1283.202,90.100,-2092.709
2026-08-21 18:34:34.400,obj004,494.870,90.100,-2107.015
2026-08-21 18:34:34.416,obj001,725.919,90.100,-1967.150
2026-08-21 18:34:34.416,obj002,1161.375,90.100,-2145.583
2026-08-21 18:34:34.416,obj003,1285.468,90.100,-2095.266
2026-08-21 18:34:34.416,obj004,496.969,90.100,-2104.387
2026-08-21 18:34:34.433,obj001,725.919,90.100,-1967.150
2026-08-21 18:34:34.433,obj002,1161.375,90.100,-2145.583
2026-08-21 18:34:34.433,obj003,1285.468,90.100,-2095.266
2026-08-21 18:34:34.433,obj004,496.969,90.100,-2104.387
2026-08-21 18:34:34.466,obj001,723.937,90.100,-1969.736
2026-08-21 18:34:34.466,obj002,1159.120,90.100,-2142.743
2026-08-21 18:34:34.466,obj003,1287.653,90.100,-2097.891
2026-08-21 18:34:34.466,obj004,498.987,90.100,-2101.697
2026-08-21 18:34:34.483,obj001,722.032,90.100,-1972.379
2026-08-21 18:34:34.483,obj002,1156.959,90.100,-2139.830
2026-08-21 18:34:34.483,obj003,1289.755,90.100,-2100.583
2026-08-21 18:34:34.483,obj004,500.922,90.100,-2098.945
2026-08-21 18:34:34.500,obj001,722.032,90.100,-1972.379
2026-08-21 18:34:34.500,obj002,1156.959,90.100,-2139.830
2026-08-21 18:34:34.500,obj003,1289.755,90.100,-2100.583
2026-08-21 18:34:34.500,obj004,500.922,90.100,-2098.945
2026-08-21 18:34:34.533,obj001,720.207,90.100,-1975.078
2026-08-21 18:34:34.533,obj002,1154.896,90.100,-2136.847
2026-08-21 18:34:34.533,obj003,1291.772,90.100,-2103.340
2026-08-21 18:34:34.533,obj004,502.772,90.100,-2096.136
2026-08-21 18:34:34.550,obj001,718.452,90.100,-1977.822
2026-08-21 18:34:34.550,obj002,1152.932,90.100,-2133.798
2026-08-21 18:34:34.550,obj003,1293.703,90.100,-2106.157
2026-08-21 18:34:34.550,obj004,504.575,90.100,-2093.297
2026-08-21 18:34:34.566,obj001,718.452,90.100,-1977.822
2026-08-21 18:34:34.566,obj002,1152.932,90.100,-2133.798
2026-08-21 18:34:34.566,obj003,1293.703,90.100,-2106.157
2026-08-21 18:34:34.566,obj004,504.575,90.100,-2093.297
2026-08-21 18:34:34.600,obj001,716.705,90.100,-1980.572
2026-08-21 18:34:34.600,obj002,1151.069,90.100,-2130.686
2026-08-21 18:34:34.600,obj003,1295.545,90.100,-2109.034
2026-08-21 18:34:34.600,obj004,506.378,90.100,-2090.458
2026-08-21 18:34:34.616,obj001,714.959,90.100,-1983.323
2026-08-21 18:34:34.616,obj002,1149.310,90.100,-2127.514
2026-08-21 18:34:34.616,obj003,1297.298,90.100,-2111.966
2026-08-21 18:34:34.616,obj004,508.181,90.100,-2087.619
2026-08-21 18:34:34.633,obj001,714.959,90.100,-1983.323
2026-08-21 18:34:34.633,obj002,1149.310,90.100,-2127.514
2026-08-21 18:34:34.633,obj003,1297.298,90.100,-2111.966
2026-08-21 18:34:34.633,obj004,508.181,90.100,-2087.619
2026-08-21 18:34:34.666,obj001,713.212,90.100,-1986.073
2026-08-21 18:34:34.666,obj002,1147.657,90.100,-2124.286
2026-08-21 18:34:34.666,obj003,1298.958,90.100,-2114.951
2026-08-21 18:34:34.666,obj004,509.984,90.100,-2084.779
2026-08-21 18:34:34.683,obj001,711.465,90.100,-1988.823
2026-08-21 18:34:34.683,obj002,1146.110,90.100,-2121.005
2026-08-21 18:34:34.683,obj003,1300.524,90.100,-2117.986
2026-08-21 18:34:34.683,obj004,511.787,90.100,-2081.940
2026-08-21 18:34:34.700,obj001,710.592,90.100,-1990.198
2026-08-21 18:34:34.700,obj002,1145.378,90.100,-2119.346
2026-08-21 18:34:34.700,obj003,1301.272,90.100,-2119.522
2026-08-21 18:34:34.700,obj004,512.688,90.100,-2080.520
2026-08-21 18:34:34.716,obj001,709.719,90.100,-1991.574
2026-08-21 18:34:34.716,obj002,1144.673,90.100,-2117.675
2026-08-21 18:34:34.716,obj003,1301.996,90.100,-2121.069
2026-08-21 18:34:34.716,obj004,513.590,90.100,-2079.100
2026-08-21 18:34:34.733,obj001,708.846,90.100,-1992.949
2026-08-21 18:34:34.733,obj002,1143.996,90.100,-2115.993
2026-08-21 18:34:34.733,obj003,1302.695,90.100,-2122.627
2026-08-21 18:34:34.733,obj004,514.491,90.100,-2077.681
2026-08-21 18:34:34.750,obj001,707.972,90.100,-1994.324
2026-08-21 18:34:34.750,obj002,1143.346,90.100,-2114.300
2026-08-21 18:34:34.750,obj003,1303.371,90.100,-2124.196
2026-08-21 18:34:34.750,obj004,515.393,90.100,-2076.261
2026-08-21 18:34:34.766,obj001,707.972,90.100,-1994.324
2026-08-21 18:34:34.766,obj002,1143.346,90.100,-2114.300
2026-08-21 18:34:34.766,obj003,1303.371,90.100,-2124.196
2026-08-21 18:34:34.766,obj004,515.393,90.100,-2076.261
2026-08-21 18:34:34.800,obj001,706.226,90.100,-1997.074
2026-08-21 18:34:34.800,obj002,1142.131,90.100,-2110.883
2026-08-21 18:34:34.800,obj003,1304.648,90.100,-2127.364
2026-08-21 18:34:34.800,obj004,517.196,90.100,-2073.422
2026-08-21 18:34:34.816,obj001,704.479,90.100,-1999.824
2026-08-21 18:34:34.816,obj002,1141.030,90.100,-2107.427
2026-08-21 18:34:34.816,obj003,1305.826,90.100,-2130.570
2026-08-21 18:34:34.816,obj004,518.999,90.100,-2070.582
2026-08-21 18:34:34.833,obj001,703.606,90.100,-2001.199
2026-08-21 18:34:34.833,obj002,1140.522,90.100,-2105.686
2026-08-21 18:34:34.833,obj003,1306.377,90.100,-2132.187
2026-08-21 18:34:34.833,obj004,519.900,90.100,-2069.163
2026-08-21 18:34:34.850,obj001,702.733,90.100,-2002.575
2026-08-21 18:34:34.850,obj002,1140.043,90.100,-2103.937
2026-08-21 18:34:34.850,obj003,1306.903,90.100,-2133.812
2026-08-21 18:34:34.850,obj004,520.802,90.100,-2067.743
2026-08-21 18:34:34.866,obj001,702.733,90.100,-2002.575
2026-08-21 18:34:34.866,obj002,1140.043,90.100,-2103.937
2026-08-21 18:34:34.866,obj003,1306.903,90.100,-2133.812
2026-08-21 18:34:34.866,obj004,520.802,90.100,-2067.743
2026-08-21 18:34:34.900,obj001,700.986,90.100,-2005.325
2026-08-21 18:34:34.900,obj002,1139.171,90.100,-2100.417
2026-08-21 18:34:34.900,obj003,1307.880,90.100,-2137.085
2026-08-21 18:34:34.900,obj004,522.605,90.100,-2064.904
2026-08-21 18:34:34.916,obj001,699.240,90.100,-2008.075
2026-08-21 18:34:34.916,obj002,1138.416,90.100,-2096.870
2026-08-21 18:34:34.916,obj003,1308.754,90.100,-2140.387
2026-08-21 18:34:34.916,obj004,524.408,90.100,-2062.064
2026-08-21 18:34:34.933,obj001,699.240,90.100,-2008.075
2026-08-21 18:34:34.933,obj002,1138.416,90.100,-2096.870
2026-08-21 18:34:34.933,obj003,1308.754,90.100,-2140.387
2026-08-21 18:34:34.933,obj004,524.408,90.100,-2062.064
2026-08-21 18:34:34.966,obj001,697.493,90.100,-2010.825
2026-08-21 18:34:34.966,obj002,1137.778,90.100,-2093.299
2026-08-21 18:34:34.966,obj003,1309.525,90.100,-2143.715
2026-08-21 18:34:34.966,obj004,526.211,90.100,-2059.225
2026-08-21 18:34:34.983,obj001,695.747,90.100,-2013.576
2026-08-21 18:34:34.983,obj002,1137.258,90.100,-2089.710
2026-08-21 18:34:34.983,obj003,1310.193,90.100,-2147.064
2026-08-21 18:34:34.983,obj004,528.014,90.100,-2056.386
2026-08-21 18:34:35.000,obj001,695.747,90.100,-2013.576
2026-08-21 18:34:35.000,obj002,1137.258,90.100,-2089.710
2026-08-21 18:34:35.000,obj003,1310.193,90.100,-2147.064
2026-08-21 18:34:35.000,obj004,528.014,90.100,-2056.386
2026-08-21 18:34:35.033,obj001,694.000,90.100,-2016.326
2026-08-21 18:34:35.033,obj002,1136.857,90.100,-2086.105
2026-08-21 18:34:35.033,obj003,1310.756,90.100,-2150.434
2026-08-21 18:34:35.033,obj004,529.817,90.100,-2053.546
2026-08-21 18:34:35.050,obj001,692.254,90.100,-2019.076
2026-08-21 18:34:35.050,obj002,1136.574,90.100,-2082.490
2026-08-21 18:34:35.050,obj003,1311.214,90.100,-2153.819
2026-08-21 18:34:35.050,obj004,531.620,90.100,-2050.707
2026-08-21 18:34:35.066,obj001,692.254,90.100,-2019.076
2026-08-21 18:34:35.066,obj002,1136.574,90.100,-2082.490
2026-08-21 18:34:35.066,obj003,1311.214,90.100,-2153.819
2026-08-21 18:34:35.066,obj004,531.620,90.100,-2050.707
2026-08-21 18:34:35.100,obj001,690.507,90.100,-2021.826
2026-08-21 18:34:35.100,obj002,1136.411,90.100,-2078.866
2026-08-21 18:34:35.100,obj003,1311.567,90.100,-2157.216
2026-08-21 18:34:35.100,obj004,533.423,90.100,-2047.867
2026-08-21 18:34:35.116,obj001,688.761,90.100,-2024.576
2026-08-21 18:34:35.116,obj002,1136.368,90.100,-2075.240
2026-08-21 18:34:35.116,obj003,1311.814,90.100,-2160.623
2026-08-21 18:34:35.116,obj004,535.226,90.100,-2045.028
2026-08-21 18:34:35.133,obj001,687.887,90.100,-2025.952
2026-08-21 18:34:35.133,obj002,1136.391,90.100,-2073.426
2026-08-21 18:34:35.133,obj003,1311.897,90.100,-2162.329
2026-08-21 18:34:35.133,obj004,536.127,90.100,-2043.608
2026-08-21 18:34:35.150,obj001,687.014,90.100,-2027.327
2026-08-21 18:34:35.150,obj002,1136.444,90.100,-2071.614
2026-08-21 18:34:35.150,obj003,1311.955,90.100,-2164.036
2026-08-21 18:34:35.150,obj004,537.029,90.100,-2042.189
2026-08-21 18:34:35.166,obj001,687.014,90.100,-2027.327
2026-08-21 18:34:35.166,obj002,1136.444,90.100,-2071.614
2026-08-21 18:34:35.166,obj003,1311.955,90.100,-2164.036
2026-08-21 18:34:35.166,obj004,537.029,90.100,-2042.189
2026-08-21 18:34:35.200,obj001,685.268,90.100,-2030.077
2026-08-21 18:34:35.200,obj002,1136.639,90.100,-2067.992
2026-08-21 18:34:35.200,obj003,1311.989,90.100,-2167.452
2026-08-21 18:34:35.200,obj004,538.832,90.100,-2039.349
2026-08-21 18:34:35.216,obj001,683.522,90.100,-2032.827
2026-08-21 18:34:35.216,obj002,1136.954,90.100,-2064.379
2026-08-21 18:34:35.216,obj003,1311.918,90.100,-2170.867
2026-08-21 18:34:35.216,obj004,540.635,90.100,-2036.510
2026-08-21 18:34:35.233,obj001,682.648,90.100,-2034.202
2026-08-21 18:34:35.233,obj002,1137.156,90.100,-2062.577
2026-08-21 18:34:35.233,obj003,1311.842,90.100,-2172.573
2026-08-21 18:34:35.233,obj004,541.536,90.100,-2035.090
2026-08-21 18:34:35.250,obj001,681.775,90.100,-2035.578
2026-08-21 18:34:35.250,obj002,1137.387,90.100,-2060.778
2026-08-21 18:34:35.250,obj003,1311.740,90.100,-2174.278
2026-08-21 18:34:35.250,obj004,542.438,90.100,-2033.671
2026-08-21 18:34:35.266,obj001,681.775,90.100,-2035.578
2026-08-21 18:34:35.266,obj002,1137.387,90.100,-2060.778
2026-08-21 18:34:35.266,obj003,1311.740,90.100,-2174.278
2026-08-21 18:34:35.266,obj004,542.438,90.100,-2033.671
2026-08-21 18:34:35.283,obj001,680.029,90.100,-2038.328
2026-08-21 18:34:35.283,obj002,1137.939,90.100,-2057.193
2026-08-21 18:34:35.283,obj003,1311.457,90.100,-2177.682
2026-08-21 18:34:35.283,obj004,544.241,90.100,-2030.831
2026-08-21 18:34:35.300,obj001,679.155,90.100,-2039.703
2026-08-21 18:34:35.300,obj002,1138.259,90.100,-2055.408
2026-08-21 18:34:35.300,obj003,1311.275,90.100,-2179.380
2026-08-21 18:34:35.300,obj004,545.142,90.100,-2029.412
2026-08-21 18:34:35.316,obj001,678.282,90.100,-2041.078
2026-08-21 18:34:35.316,obj002,1138.609,90.100,-2053.629
2026-08-21 18:34:35.316,obj003,1311.068,90.100,-2181.075
2026-08-21 18:34:35.316,obj004,546.043,90.100,-2027.992
2026-08-21 18:34:35.333,obj001,677.409,90.100,-2042.453
2026-08-21 18:34:35.333,obj002,1138.988,90.100,-2051.855
2026-08-21 18:34:35.333,obj003,1310.834,90.100,-2182.767
2026-08-21 18:34:35.333,obj004,546.945,90.100,-2026.572
2026-08-21 18:34:35.350,obj001,676.536,90.100,-2043.828
2026-08-21 18:34:35.350,obj002,1139.396,90.100,-2050.088
2026-08-21 18:34:35.350,obj003,1310.573,90.100,-2184.455
2026-08-21 18:34:35.350,obj004,547.846,90.100,-2025.153
2026-08-21 18:34:35.366,obj001,676.536,90.100,-2043.828
2026-08-21 18:34:35.366,obj002,1139.396,90.100,-2050.088
2026-08-21 18:34:35.366,obj003,1310.573,90.100,-2184.455
2026-08-21 18:34:35.366,obj004,547.846,90.100,-2025.153
2026-08-21 18:34:35.400,obj001,674.790,90.100,-2046.579
2026-08-21 18:34:35.400,obj002,1140.299,90.100,-2046.576
2026-08-21 18:34:35.400,obj003,1309.974,90.100,-2187.818
2026-08-21 18:34:35.400,obj004,549.649,90.100,-2022.313
2026-08-21 18:34:35.416,obj001,673.043,90.100,-2049.329
2026-08-21 18:34:35.416,obj002,1141.317,90.100,-2043.095
2026-08-21 18:34:35.416,obj003,1309.271,90.100,-2191.161
2026-08-21 18:34:35.416,obj004,551.452,90.100,-2019.474
2026-08-21 18:34:35.433,obj001,673.043,90.100,-2049.329
2026-08-21 18:34:35.433,obj002,1141.317,90.100,-2043.095
2026-08-21 18:34:35.433,obj003,1309.271,90.100,-2191.161
2026-08-21 18:34:35.433,obj004,551.452,90.100,-2019.474
2026-08-21 18:34:35.466,obj001,671.297,90.100,-2052.080
2026-08-21 18:34:35.466,obj002,1142.450,90.100,-2039.649
2026-08-21 18:34:35.466,obj003,1308.464,90.100,-2194.480
2026-08-21 18:34:35.466,obj004,553.255,90.100,-2016.635
2026-08-21 18:34:35.483,obj001,669.612,90.100,-2054.868
2026-08-21 18:34:35.483,obj002,1143.526,90.100,-2036.185
2026-08-21 18:34:35.483,obj003,1307.709,90.100,-2197.811
2026-08-21 18:34:35.483,obj004,554.993,90.100,-2013.755
2026-08-21 18:34:35.500,obj001,669.612,90.100,-2054.868
2026-08-21 18:34:35.500,obj002,1143.526,90.100,-2036.185
2026-08-21 18:34:35.500,obj003,1307.709,90.100,-2197.811
2026-08-21 18:34:35.500,obj004,554.993,90.100,-2013.755
2026-08-21 18:34:35.533,obj001,668.011,90.100,-2057.705
2026-08-21 18:34:35.533,obj002,1144.486,90.100,-2032.688
2026-08-21 18:34:35.533,obj003,1307.057,90.100,-2201.164
2026-08-21 18:34:35.533,obj004,556.641,90.100,-2010.823
2026-08-21 18:34:35.550,obj001,666.495,90.100,-2060.589
2026-08-21 18:34:35.550,obj002,1145.332,90.100,-2029.161
2026-08-21 18:34:35.550,obj003,1306.510,90.100,-2204.536
2026-08-21 18:34:35.550,obj004,558.199,90.100,-2007.842
2026-08-21 18:34:35.566,obj001,666.495,90.100,-2060.589
2026-08-21 18:34:35.566,obj002,1145.332,90.100,-2029.161
2026-08-21 18:34:35.566,obj003,1306.510,90.100,-2204.536
2026-08-21 18:34:35.566,obj004,558.199,90.100,-2007.842
2026-08-21 18:34:35.600,obj001,665.065,90.100,-2063.516
2026-08-21 18:34:35.600,obj002,1146.079,90.100,-2025.612
2026-08-21 18:34:35.600,obj003,1306.068,90.100,-2207.923
2026-08-21 18:34:35.600,obj004,559.664,90.100,-2004.815
2026-08-21 18:34:35.616,obj001,663.722,90.100,-2066.484
2026-08-21 18:34:35.616,obj002,1146.802,90.100,-2022.131
2026-08-21 18:34:35.616,obj003,1305.732,90.100,-2211.322
2026-08-21 18:34:35.616,obj004,561.037,90.100,-2001.744
2026-08-21 18:34:35.633,obj001,663.084,90.100,-2067.983
2026-08-21 18:34:35.633,obj002,1147.157,90.100,-2020.425
2026-08-21 18:34:35.633,obj003,1305.604,90.100,-2213.026
2026-08-21 18:34:35.633,obj004,561.687,90.100,-2000.193
2026-08-21 18:34:35.650,obj001,662.469,90.100,-2069.491
2026-08-21 18:34:35.650,obj002,1147.525,90.100,-2018.649
2026-08-21 18:34:35.650,obj003,1305.502,90.100,-2214.730
2026-08-21 18:34:35.650,obj004,562.314,90.100,-1998.633
2026-08-21 18:34:35.666,obj001,662.469,90.100,-2069.491
2026-08-21 18:34:35.666,obj002,1147.525,90.100,-2018.649
2026-08-21 18:34:35.666,obj003,1305.502,90.100,-2214.730
2026-08-21 18:34:35.666,obj004,562.314,90.100,-1998.633
2026-08-21 18:34:35.700,obj001,661.305,90.100,-2072.534
2026-08-21 18:34:35.700,obj002,1148.248,90.100,-2015.167
2026-08-21 18:34:35.700,obj003,1305.377,90.100,-2218.144
2026-08-21 18:34:35.700,obj004,563.496,90.100,-1995.484
2026-08-21 18:34:35.716,obj001,660.232,90.100,-2075.610
2026-08-21 18:34:35.716,obj002,1148.971,90.100,-2011.685
2026-08-21 18:34:35.716,obj003,1305.358,90.100,-2221.560
2026-08-21 18:34:35.716,obj004,564.581,90.100,-1992.300
2026-08-21 18:34:35.733,obj001,659.729,90.100,-2077.159
2026-08-21 18:34:35.733,obj002,1149.326,90.100,-2009.979
2026-08-21 18:34:35.733,obj003,1305.389,90.100,-2223.268
2026-08-21 18:34:35.733,obj004,565.087,90.100,-1990.696
2026-08-21 18:34:35.750,obj001,659.250,90.100,-2078.716
2026-08-21 18:34:35.750,obj002,1149.695,90.100,-2008.204
2026-08-21 18:34:35.750,obj003,1305.446,90.100,-2224.975
2026-08-21 18:34:35.750,obj004,565.568,90.100,-1989.085
2026-08-21 18:34:35.766,obj001,659.250,90.100,-2078.716
2026-08-21 18:34:35.766,obj002,1149.695,90.100,-2008.204
2026-08-21 18:34:35.766,obj003,1305.446,90.100,-2224.975
2026-08-21 18:34:35.766,obj004,565.568,90.100,-1989.085
2026-08-21 18:34:35.800,obj001,658.362,90.100,-2081.851
2026-08-21 18:34:35.800,obj002,1150.418,90.100,-2004.722
2026-08-21 18:34:35.800,obj003,1305.640,90.100,-2228.385
2026-08-21 18:34:35.800,obj004,566.456,90.100,-1985.841
2026-08-21 18:34:35.816,obj001,657.566,90.100,-2085.010
2026-08-21 18:34:35.816,obj002,1151.141,90.100,-2001.240
2026-08-21 18:34:35.816,obj003,1305.940,90.100,-2231.787
2026-08-21 18:34:35.816,obj004,567.245,90.100,-1982.571
2026-08-21 18:34:35.833,obj001,657.566,90.100,-2085.010
2026-08-21 18:34:35.833,obj002,1151.141,90.100,-2001.240
2026-08-21 18:34:35.833,obj003,1305.940,90.100,-2231.787
2026-08-21 18:34:35.833,obj004,567.245,90.100,-1982.571
2026-08-21 18:34:35.866,obj001,656.865,90.100,-2088.191
2026-08-21 18:34:35.866,obj002,1151.864,90.100,-1997.759
2026-08-21 18:34:35.866,obj003,1306.345,90.100,-2235.179
2026-08-21 18:34:35.866,obj004,567.932,90.100,-1979.279
2026-08-21 18:34:35.883,obj001,656.258,90.100,-2091.392
2026-08-21 18:34:35.883,obj002,1152.587,90.100,-1994.277
2026-08-21 18:34:35.883,obj003,1306.855,90.100,-2238.557
2026-08-21 18:34:35.883,obj004,568.519,90.100,-1975.967
2026-08-21 18:34:35.900,obj001,655.991,90.100,-2092.999
2026-08-21 18:34:35.900,obj002,1152.941,90.100,-1992.571
2026-08-21 18:34:35.900,obj003,1307.150,90.100,-2240.239
2026-08-21 18:34:35.900,obj004,568.775,90.100,-1974.305
2026-08-21 18:34:35.916,obj001,655.747,90.100,-2094.610
2026-08-21 18:34:35.916,obj002,1153.310,90.100,-1990.795
2026-08-21 18:34:35.916,obj003,1307.471,90.100,-2241.916
2026-08-21 18:34:35.916,obj004,569.004,90.100,-1972.639
2026-08-21 18:34:35.933,obj001,655.747,90.100,-2094.610
2026-08-21 18:34:35.933,obj002,1153.310,90.100,-1990.795
2026-08-21 18:34:35.933,obj003,1307.471,90.100,-2241.916
2026-08-21 18:34:35.933,obj004,569.004,90.100,-1972.639
2026-08-21 18:34:35.966,obj001,655.332,90.100,-2097.841
2026-08-21 18:34:35.966,obj002,1154.033,90.100,-1987.314
2026-08-21 18:34:35.966,obj003,1308.190,90.100,-2245.256
2026-08-21 18:34:35.966,obj004,569.387,90.100,-1969.297
2026-08-21 18:34:35.983,obj001,655.012,90.100,-2101.083
2026-08-21 18:34:35.983,obj002,1154.756,90.100,-1983.832
2026-08-21 18:34:35.983,obj003,1309.013,90.100,-2248.571
2026-08-21 18:34:35.983,obj004,569.668,90.100,-1965.946
2026-08-21 18:34:36.000,obj001,654.889,90.100,-2102.707
2026-08-21 18:34:36.000,obj002,1155.110,90.100,-1982.126
2026-08-21 18:34:36.000,obj003,1309.463,90.100,-2250.219
2026-08-21 18:34:36.000,obj004,569.770,90.100,-1964.267
2026-08-21 18:34:36.016,obj001,654.789,90.100,-2104.333
2026-08-21 18:34:36.016,obj002,1155.479,90.100,-1980.350
2026-08-21 18:34:36.016,obj003,1309.938,90.100,-2251.859
2026-08-21 18:34:36.016,obj004,569.846,90.100,-1962.587
2026-08-21 18:34:36.033,obj001,654.789,90.100,-2104.333
2026-08-21 18:34:36.033,obj002,1155.479,90.100,-1980.350
2026-08-21 18:34:36.033,obj003,1309.938,90.100,-2251.859
2026-08-21 18:34:36.033,obj004,569.846,90.100,-1962.587
2026-08-21 18:34:36.066,obj001,654.663,90.100,-2107.589
2026-08-21 18:34:36.066,obj002,1156.202,90.100,-1976.869
2026-08-21 18:34:36.066,obj003,1310.966,90.100,-2255.117
2026-08-21 18:34:36.066,obj004,569.921,90.100,-1959.224
2026-08-21 18:34:36.083,obj001,654.633,90.100,-2110.846
2026-08-21 18:34:36.083,obj002,1156.925,90.100,-1973.387
2026-08-21 18:34:36.083,obj003,1312.093,90.100,-2258.341
2026-08-21 18:34:36.083,obj004,569.892,90.100,-1955.861
2026-08-21 18:34:36.100,obj001,654.654,90.100,-2112.475
2026-08-21 18:34:36.100,obj002,1157.279,90.100,-1971.681
2026-08-21 18:34:36.100,obj003,1312.695,90.100,-2259.940
2026-08-21 18:34:36.100,obj004,569.840,90.100,-1954.180
2026-08-21 18:34:36.116,obj001,654.700,90.100,-2114.104
2026-08-21 18:34:36.116,obj002,1157.648,90.100,-1969.905
2026-08-21 18:34:36.116,obj003,1313.321,90.100,-2261.529
2026-08-21 18:34:36.116,obj004,569.761,90.100,-1952.500
2026-08-21 18:34:36.133,obj001,654.700,90.100,-2114.104
2026-08-21 18:34:36.133,obj002,1157.648,90.100,-1969.905
2026-08-21 18:34:36.133,obj003,1313.321,90.100,-2261.529
2026-08-21 18:34:36.133,obj004,569.761,90.100,-1952.500
2026-08-21 18:34:36.166,obj001,654.863,90.100,-2117.357
2026-08-21 18:34:36.166,obj002,1158.371,90.100,-1966.424
2026-08-21 18:34:36.166,obj003,1314.647,90.100,-2264.677
2026-08-21 18:34:36.166,obj004,569.527,90.100,-1949.145
2026-08-21 18:34:36.183,obj001,655.123,90.100,-2120.605
2026-08-21 18:34:36.183,obj002,1159.094,90.100,-1962.942
2026-08-21 18:34:36.183,obj003,1316.070,90.100,-2267.782
2026-08-21 18:34:36.183,obj004,569.191,90.100,-1945.798
2026-08-21 18:34:36.200,obj001,655.123,90.100,-2120.605
2026-08-21 18:34:36.200,obj002,1159.094,90.100,-1962.942
2026-08-21 18:34:36.200,obj003,1316.070,90.100,-2267.782
2026-08-21 18:34:36.200,obj004,569.191,90.100,-1945.798
2026-08-21 18:34:36.233,obj001,655.480,90.100,-2123.843
2026-08-21 18:34:36.233,obj002,1159.816,90.100,-1959.460
2026-08-21 18:34:36.233,obj003,1317.590,90.100,-2270.841
2026-08-21 18:34:36.233,obj004,568.752,90.100,-1942.464
2026-08-21 18:34:36.250,obj001,655.932,90.100,-2127.070
2026-08-21 18:34:36.250,obj002,1160.539,90.100,-1955.978
2026-08-21 18:34:36.250,obj003,1319.203,90.100,-2273.852
2026-08-21 18:34:36.250,obj004,568.211,90.100,-1939.144
2026-08-21 18:34:36.266,obj001,655.932,90.100,-2127.070
2026-08-21 18:34:36.266,obj002,1160.539,90.100,-1955.978
2026-08-21 18:34:36.266,obj003,1319.203,90.100,-2273.852
2026-08-21 18:34:36.266,obj004,568.211,90.100,-1939.144
2026-08-21 18:34:36.300,obj001,656.480,90.100,-2130.281
2026-08-21 18:34:36.300,obj002,1161.262,90.100,-1952.497
2026-08-21 18:34:36.300,obj003,1320.909,90.100,-2276.811
2026-08-21 18:34:36.300,obj004,567.569,90.100,-1935.843
2026-08-21 18:34:36.316,obj001,657.123,90.100,-2133.475
2026-08-21 18:34:36.316,obj002,1161.985,90.100,-1949.015
2026-08-21 18:34:36.316,obj003,1322.707,90.100,-2279.716
2026-08-21 18:34:36.316,obj004,566.826,90.100,-1932.562
2026-08-21 18:34:36.333,obj001,657.123,90.100,-2133.475
2026-08-21 18:34:36.333,obj002,1161.985,90.100,-1949.015
2026-08-21 18:34:36.333,obj003,1322.707,90.100,-2279.716
2026-08-21 18:34:36.333,obj004,566.826,90.100,-1932.562
2026-08-21 18:34:36.366,obj001,657.860,90.100,-2136.649
2026-08-21 18:34:36.366,obj002,1162.708,90.100,-1945.533
2026-08-21 18:34:36.366,obj003,1324.593,90.100,-2282.563
2026-08-21 18:34:36.366,obj004,565.983,90.100,-1929.306
2026-08-21 18:34:36.383,obj001,658.691,90.100,-2139.799
2026-08-21 18:34:36.383,obj002,1163.431,90.100,-1942.052
2026-08-21 18:34:36.383,obj003,1326.568,90.100,-2285.351
2026-08-21 18:34:36.383,obj004,565.041,90.101,-1926.078
2026-08-21 18:34:36.400,obj001,659.142,90.100,-2141.364
2026-08-21 18:34:36.400,obj002,1163.786,90.100,-1940.346
2026-08-21 18:34:36.400,obj003,1327.587,90.100,-2286.721
2026-08-21 18:34:36.400,obj004,564.533,90.101,-1924.475
2026-08-21 18:34:36.416,obj001,659.616,90.100,-2142.923
2026-08-21 18:34:36.416,obj002,1164.154,90.100,-1938.570
2026-08-21 18:34:36.416,obj003,1328.628,90.100,-2288.075
2026-08-21 18:34:36.416,obj004,564.000,90.100,-1922.879
2026-08-21 18:34:36.433,obj001,660.112,90.100,-2144.474
2026-08-21 18:34:36.433,obj002,1164.508,90.100,-1936.864
2026-08-21 18:34:36.433,obj003,1329.689,90.100,-2289.413
2026-08-21 18:34:36.433,obj004,563.443,90.100,-1921.292
2026-08-21 18:34:36.450,obj001,660.632,90.100,-2146.018
2026-08-21 18:34:36.450,obj002,1164.877,90.100,-1935.088
2026-08-21 18:34:36.450,obj003,1330.771,90.100,-2290.734
2026-08-21 18:34:36.450,obj004,562.862,90.100,-1919.714
2026-08-21 18:34:36.466,obj001,661.175,90.100,-2147.554
2026-08-21 18:34:36.466,obj002,1165.231,90.100,-1933.382
2026-08-21 18:34:36.466,obj003,1331.874,90.100,-2292.039
2026-08-21 18:34:36.466,obj004,562.257,90.100,-1918.145
2026-08-21 18:34:36.483,obj001,661.740,90.100,-2149.082
2026-08-21 18:34:36.483,obj002,1165.600,90.100,-1931.607
2026-08-21 18:34:36.483,obj003,1332.997,90.100,-2293.326
2026-08-21 18:34:36.483,obj004,561.628,90.100,-1916.586
2026-08-21 18:34:36.500,obj001,662.328,90.100,-2150.601
2026-08-21 18:34:36.500,obj002,1165.954,90.100,-1929.901
2026-08-21 18:34:36.500,obj003,1334.139,90.100,-2294.595
2026-08-21 18:34:36.500,obj004,560.975,90.100,-1915.036
2026-08-21 18:34:36.516,obj001,662.939,90.100,-2152.111
2026-08-21 18:34:36.516,obj002,1166.323,90.100,-1928.125
2026-08-21 18:34:36.516,obj003,1335.302,90.100,-2295.847
2026-08-21 18:34:36.516,obj004,560.298,90.108,-1913.499
2026-08-21 18:34:36.533,obj001,662.939,90.100,-2152.111
2026-08-21 18:34:36.533,obj002,1166.323,90.100,-1928.125
2026-08-21 18:34:36.533,obj003,1335.302,90.100,-2295.847
2026-08-21 18:34:36.533,obj004,560.298,90.108,-1913.499
2026-08-21 18:34:36.566,obj001,664.227,90.100,-2155.103
2026-08-21 18:34:36.566,obj002,1167.046,90.100,-1924.643
2026-08-21 18:34:36.566,obj003,1337.684,90.100,-2298.295
2026-08-21 18:34:36.566,obj004,558.874,90.102,-1910.451
2026-08-21 18:34:36.583,obj001,665.603,90.100,-2158.057
2026-08-21 18:34:36.583,obj002,1167.769,90.100,-1921.162
2026-08-21 18:34:36.583,obj003,1340.141,90.100,-2300.668
2026-08-21 18:34:36.583,obj004,557.357,90.100,-1907.448
2026-08-21 18:34:36.600,obj001,666.323,90.100,-2159.518
2026-08-21 18:34:36.600,obj002,1168.123,90.100,-1919.456
2026-08-21 18:34:36.600,obj003,1341.396,90.100,-2301.826
2026-08-21 18:34:36.600,obj004,556.565,90.100,-1905.965
2026-08-21 18:34:36.616,obj001,667.066,90.100,-2160.967
2026-08-21 18:34:36.616,obj002,1168.491,90.100,-1917.680
2026-08-21 18:34:36.616,obj003,1342.670,90.100,-2302.964
2026-08-21 18:34:36.616,obj004,555.750,90.100,-1904.494
2026-08-21 18:34:36.633,obj001,667.066,90.100,-2160.967
2026-08-21 18:34:36.633,obj002,1168.491,90.100,-1917.680
2026-08-21 18:34:36.633,obj003,1342.670,90.100,-2302.964
2026-08-21 18:34:36.633,obj004,555.750,90.100,-1904.494
2026-08-21 18:34:36.666,obj001,668.615,90.100,-2163.833
2026-08-21 18:34:36.666,obj002,1169.214,90.100,-1914.198
2026-08-21 18:34:36.666,obj003,1345.270,90.100,-2305.179
2026-08-21 18:34:36.666,obj004,554.053,90.100,-1901.590
2026-08-21 18:34:36.683,obj001,670.248,90.100,-2166.652
2026-08-21 18:34:36.683,obj002,1169.937,90.100,-1910.717
2026-08-21 18:34:36.683,obj003,1347.937,90.100,-2307.313
2026-08-21 18:34:36.683,obj004,552.268,90.100,-1898.739
2026-08-21 18:34:36.700,obj001,671.096,90.100,-2168.043
2026-08-21 18:34:36.700,obj002,1170.291,90.100,-1909.010
2026-08-21 18:34:36.700,obj003,1349.295,90.100,-2308.349
2026-08-21 18:34:36.700,obj004,551.342,90.100,-1897.335
2026-08-21 18:34:36.716,obj001,671.964,90.100,-2169.421
2026-08-21 18:34:36.716,obj002,1170.660,90.100,-1907.235
2026-08-21 18:34:36.716,obj003,1350.669,90.100,-2309.363
2026-08-21 18:34:36.716,obj004,550.396,90.100,-1895.945
2026-08-21 18:34:36.733,obj001,671.964,90.100,-2169.421
2026-08-21 18:34:36.733,obj002,1170.660,90.100,-1907.235
2026-08-21 18:34:36.733,obj003,1350.669,90.100,-2309.363
2026-08-21 18:34:36.733,obj004,550.396,90.100,-1895.945
2026-08-21 18:34:36.766,obj001,673.762,90.100,-2172.138
2026-08-21 18:34:36.766,obj002,1171.383,90.100,-1903.753
2026-08-21 18:34:36.766,obj003,1353.464,90.100,-2311.327
2026-08-21 18:34:36.766,obj004,548.439,90.100,-1893.209
2026-08-21 18:34:36.783,obj001,675.639,90.100,-2174.801
2026-08-21 18:34:36.783,obj002,1172.106,90.100,-1900.271
2026-08-21 18:34:36.783,obj003,1356.318,90.100,-2313.204
2026-08-21 18:34:36.783,obj004,546.400,90.100,-1890.534
2026-08-21 18:34:36.800,obj001,675.639,90.100,-2174.801
2026-08-21 18:34:36.800,obj002,1172.106,90.100,-1900.271
2026-08-21 18:34:36.800,obj003,1356.318,90.100,-2313.204
2026-08-21 18:34:36.800,obj004,546.400,90.100,-1890.534
2026-08-21 18:34:36.833,obj001,677.595,90.099,-2177.407
2026-08-21 18:34:36.833,obj002,1172.829,90.100,-1896.790
2026-08-21 18:34:36.833,obj003,1359.230,90.100,-2314.990
2026-08-21 18:34:36.833,obj004,544.383,90.100,-1887.931
2026-08-21 18:34:36.850,obj001,679.627,90.100,-2179.953
2026-08-21 18:34:36.850,obj002,1173.552,90.100,-1893.308
2026-08-21 18:34:36.850,obj003,1362.195,90.100,-2316.685
2026-08-21 18:34:36.850,obj004,542.366,90.100,-1885.329
2026-08-21 18:34:36.866,obj001,680.671,90.100,-2181.203
2026-08-21 18:34:36.866,obj002,1173.906,90.100,-1891.602
2026-08-21 18:34:36.866,obj003,1363.697,90.100,-2317.498
2026-08-21 18:34:36.866,obj004,541.336,90.100,-1883.999
2026-08-21 18:34:36.883,obj001,681.734,90.100,-2182.438
2026-08-21 18:34:36.883,obj002,1174.275,90.100,-1889.826
2026-08-21 18:34:36.883,obj003,1365.212,90.100,-2318.287
2026-08-21 18:34:36.883,obj004,540.350,90.100,-1882.726
2026-08-21 18:34:36.900,obj001,681.734,90.100,-2182.438
2026-08-21 18:34:36.900,obj002,1174.275,90.100,-1889.826
2026-08-21 18:34:36.900,obj003,1365.212,90.100,-2318.287
2026-08-21 18:34:36.900,obj004,540.350,90.100,-1882.726
2026-08-21 18:34:36.933,obj001,683.914,90.100,-2184.859
2026-08-21 18:34:36.933,obj002,1174.997,90.100,-1886.345
2026-08-21 18:34:36.933,obj003,1368.277,90.100,-2319.795
2026-08-21 18:34:36.933,obj004,538.334,90.103,-1880.124
2026-08-21 18:34:36.950,obj001,686.164,90.100,-2187.215
2026-08-21 18:34:36.950,obj002,1175.720,90.100,-1882.863
2026-08-21 18:34:36.950,obj003,1371.387,90.100,-2321.207
2026-08-21 18:34:36.950,obj004,536.317,90.101,-1877.521
2026-08-21 18:34:36.966,obj001,686.164,90.100,-2187.215
2026-08-21 18:34:36.966,obj002,1175.720,90.100,-1882.863
2026-08-21 18:34:36.966,obj003,1371.387,90.100,-2321.207
2026-08-21 18:34:36.966,obj004,536.317,90.101,-1877.521
2026-08-21 18:34:37.000,obj001,688.483,90.101,-2189.503
2026-08-21 18:34:37.000,obj002,1176.443,90.100,-1879.381
2026-08-21 18:34:37.000,obj003,1374.540,90.100,-2322.521
2026-08-21 18:34:37.000,obj004,534.300,90.100,-1874.918
2026-08-21 18:34:37.016,obj001,690.870,90.100,-2191.721
2026-08-21 18:34:37.016,obj002,1177.166,90.100,-1875.900
2026-08-21 18:34:37.016,obj003,1377.732,90.100,-2323.737
2026-08-21 18:34:37.016,obj004,532.284,90.100,-1872.315
2026-08-21 18:34:37.033,obj001,690.870,90.100,-2191.721
2026-08-21 18:34:37.033,obj002,1177.166,90.100,-1875.900
2026-08-21 18:34:37.033,obj003,1377.732,90.100,-2323.737
2026-08-21 18:34:37.033,obj004,532.284,90.100,-1872.315
2026-08-21 18:34:37.066,obj001,693.321,90.100,-2193.867
2026-08-21 18:34:37.066,obj002,1177.889,90.100,-1872.418
2026-08-21 18:34:37.066,obj003,1380.961,90.100,-2324.853
2026-08-21 18:34:37.066,obj004,530.267,90.100,-1869.712
2026-08-21 18:34:37.083,obj001,695.835,90.100,-2195.940
2026-08-21 18:34:37.083,obj002,1178.612,90.100,-1868.936
2026-08-21 18:34:37.083,obj003,1384.222,90.100,-2325.868
2026-08-21 18:34:37.083,obj004,528.250,90.100,-1867.109
2026-08-21 18:34:37.100,obj001,695.835,90.100,-2195.940
2026-08-21 18:34:37.100,obj002,1178.612,90.100,-1868.936
2026-08-21 18:34:37.100,obj003,1384.222,90.100,-2325.868
2026-08-21 18:34:37.100,obj004,528.250,90.100,-1867.109
2026-08-21 18:34:37.133,obj001,698.409,90.100,-2197.936
2026-08-21 18:34:37.133,obj002,1179.335,90.100,-1865.455
2026-08-21 18:34:37.133,obj003,1387.513,90.100,-2326.782
2026-08-21 18:34:37.133,obj004,526.233,90.099,-1864.506
2026-08-21 18:34:37.150,obj001,701.041,90.100,-2199.856
2026-08-21 18:34:37.150,obj002,1180.058,90.100,-1861.973
2026-08-21 18:34:37.150,obj003,1390.832,90.100,-2327.592
2026-08-21 18:34:37.150,obj004,524.217,90.100,-1861.904
2026-08-21 18:34:37.166,obj001,701.041,90.100,-2199.856
2026-08-21 18:34:37.166,obj002,1180.058,90.100,-1861.973
2026-08-21 18:34:37.166,obj003,1390.832,90.100,-2327.592
2026-08-21 18:34:37.166,obj004,524.217,90.100,-1861.904
2026-08-21 18:34:37.200,obj001,703.729,90.100,-2201.697
2026-08-21 18:34:37.200,obj002,1180.781,90.100,-1858.491
2026-08-21 18:34:37.200,obj003,1394.174,90.100,-2328.299
2026-08-21 18:34:37.200,obj004,522.202,90.106,-1859.303
2026-08-21 18:34:37.216,obj001,706.471,90.099,-2203.457
2026-08-21 18:34:37.216,obj002,1181.504,90.100,-1855.009
2026-08-21 18:34:37.216,obj003,1397.536,90.100,-2328.902
2026-08-21 18:34:37.216,obj004,520.185,90.101,-1856.700
2026-08-21 18:34:37.233,obj001,706.471,90.099,-2203.457
2026-08-21 18:34:37.233,obj002,1181.504,90.100,-1855.009
2026-08-21 18:34:37.233,obj003,1397.536,90.100,-2328.902
2026-08-21 18:34:37.233,obj004,520.185,90.101,-1856.700
2026-08-21 18:34:37.266,obj001,709.263,90.100,-2205.135
2026-08-21 18:34:37.266,obj002,1182.227,90.100,-1851.528
2026-08-21 18:34:37.266,obj003,1400.915,90.100,-2329.400
2026-08-21 18:34:37.266,obj004,518.168,90.100,-1854.096
2026-08-21 18:34:37.283,obj001,712.105,90.100,-2206.729
2026-08-21 18:34:37.283,obj002,1182.950,90.100,-1848.046
2026-08-21 18:34:37.283,obj003,1404.308,90.100,-2329.793
2026-08-21 18:34:37.283,obj004,516.151,90.100,-1851.494
2026-08-21 18:34:37.300,obj001,713.543,90.100,-2207.495
2026-08-21 18:34:37.300,obj002,1183.305,90.100,-1846.340
2026-08-21 18:34:37.300,obj003,1406.009,90.100,-2329.949
2026-08-21 18:34:37.300,obj004,515.121,90.100,-1850.164
2026-08-21 18:34:37.316,obj001,714.991,90.100,-2208.239
2026-08-21 18:34:37.316,obj002,1183.673,90.100,-1844.564
2026-08-21 18:34:37.316,obj003,1407.712,90.100,-2330.080
2026-08-21 18:34:37.316,obj004,514.135,90.100,-1848.891
2026-08-21 18:34:37.333,obj001,716.452,90.100,-2208.961
2026-08-21 18:34:37.333,obj002,1184.028,90.100,-1842.858
2026-08-21 18:34:37.333,obj003,1409.417,90.100,-2330.184
2026-08-21 18:34:37.333,obj004,513.105,90.100,-1847.561
2026-08-21 18:34:37.350,obj001,717.922,90.100,-2209.662
2026-08-21 18:34:37.350,obj002,1184.396,90.100,-1841.083
2026-08-21 18:34:37.350,obj003,1411.123,90.100,-2330.261
2026-08-21 18:34:37.350,obj004,512.118,90.100,-1846.288
2026-08-21 18:34:37.366,obj001,719.403,90.100,-2210.341
2026-08-21 18:34:37.366,obj002,1184.751,90.100,-1839.377
2026-08-21 18:34:37.366,obj003,1412.830,90.100,-2330.312
2026-08-21 18:34:37.366,obj004,511.088,90.100,-1844.958
2026-08-21 18:34:37.383,obj001,720.894,90.099,-2210.998
2026-08-21 18:34:37.383,obj002,1185.119,90.100,-1837.601
2026-08-21 18:34:37.383,obj003,1414.538,90.100,-2330.336
2026-08-21 18:34:37.383,obj004,510.101,90.100,-1843.685
2026-08-21 18:34:37.400,obj001,720.894,90.099,-2210.998
2026-08-21 18:34:37.400,obj002,1185.119,90.100,-1837.601
2026-08-21 18:34:37.400,obj003,1414.538,90.100,-2330.336
2026-08-21 18:34:37.400,obj004,510.101,90.100,-1843.685
2026-08-21 18:34:37.433,obj001,723.904,90.100,-2212.244
2026-08-21 18:34:37.433,obj002,1185.842,90.100,-1834.119
2026-08-21 18:34:37.433,obj003,1417.953,90.100,-2330.411
2026-08-21 18:34:37.433,obj004,508.084,90.099,-1841.082
2026-08-21 18:34:37.450,obj001,726.950,90.100,-2213.401
2026-08-21 18:34:37.450,obj002,1186.565,90.100,-1830.638
2026-08-21 18:34:37.450,obj003,1421.369,90.100,-2330.380
2026-08-21 18:34:37.450,obj004,506.068,90.100,-1838.479
2026-08-21 18:34:37.466,obj001,728.485,90.100,-2213.945
2026-08-21 18:34:37.466,obj002,1186.920,90.100,-1828.932
2026-08-21 18:34:37.466,obj003,1423.077,90.100,-2330.378
2026-08-21 18:34:37.466,obj004,505.038,90.100,-1837.150
2026-08-21 18:34:37.483,obj001,730.028,90.101,-2214.466
2026-08-21 18:34:37.483,obj002,1187.288,90.100,-1827.156
2026-08-21 18:34:37.483,obj003,1424.784,90.100,-2330.349
2026-08-21 18:34:37.483,obj004,504.052,90.100,-1835.876
2026-08-21 18:34:37.500,obj001,731.579,90.100,-2214.965
2026-08-21 18:34:37.500,obj002,1187.643,90.100,-1825.450
2026-08-21 18:34:37.500,obj003,1426.491,90.100,-2330.293
2026-08-21 18:34:37.500,obj004,503.021,90.099,-1834.547
2026-08-21 18:34:37.516,obj001,733.137,90.100,-2215.440
2026-08-21 18:34:37.516,obj002,1188.012,90.100,-1823.674
2026-08-21 18:34:37.516,obj003,1428.197,90.100,-2330.211
2026-08-21 18:34:37.516,obj004,502.035,90.099,-1833.273
2026-08-21 18:34:37.533,obj001,734.702,90.100,-2215.892
2026-08-21 18:34:37.533,obj002,1188.366,90.100,-1821.968
2026-08-21 18:34:37.533,obj003,1429.902,90.100,-2330.103
2026-08-21 18:34:37.533,obj004,501.005,90.100,-1831.944
2026-08-21 18:34:37.550,obj001,736.274,90.100,-2216.321
2026-08-21 18:34:37.550,obj002,1188.735,90.100,-1820.193
2026-08-21 18:34:37.550,obj003,1431.604,90.100,-2329.968
2026-08-21 18:34:37.550,obj004,500.019,90.100,-1830.671
2026-08-21 18:34:37.566,obj001,737.851,90.100,-2216.727
2026-08-21 18:34:37.566,obj002,1189.089,90.100,-1818.487
2026-08-21 18:34:37.566,obj003,1433.305,90.100,-2329.807
2026-08-21 18:34:37.566,obj004,498.989,90.103,-1829.343
2026-08-21 18:34:37.583,obj001,739.435,90.100,-2217.109
2026-08-21 18:34:37.583,obj002,1189.458,90.100,-1816.711
2026-08-21 18:34:37.583,obj003,1435.002,90.100,-2329.619
2026-08-21 18:34:37.583,obj004,498.002,90.101,-1828.069
2026-08-21 18:34:37.600,obj001,741.024,90.100,-2217.467
2026-08-21 18:34:37.600,obj002,1189.812,90.100,-1815.005
2026-08-21 18:34:37.600,obj003,1436.697,90.100,-2329.405
2026-08-21 18:34:37.600,obj004,496.972,90.101,-1826.739
2026-08-21 18:34:37.633,obj001,742.619,90.098,-2217.802
2026-08-21 18:34:37.633,obj002,1190.181,90.100,-1813.229
2026-08-21 18:34:37.633,obj003,1438.388,90.100,-2329.165
2026-08-21 18:34:37.633,obj004,495.984,90.100,-1825.464
2026-08-21 18:34:37.650,obj001,745.821,90.099,-2218.401
2026-08-21 18:34:37.650,obj002,1190.904,90.100,-1809.748
2026-08-21 18:34:37.650,obj003,1441.757,90.100,-2328.605
2026-08-21 18:34:37.650,obj004,493.969,90.100,-1822.862
2026-08-21 18:34:37.666,obj001,745.821,90.099,-2218.401
2026-08-21 18:34:37.666,obj002,1190.904,90.100,-1809.748
2026-08-21 18:34:37.666,obj003,1441.757,90.100,-2328.605
2026-08-21 18:34:37.666,obj004,493.969,90.100,-1822.862
2026-08-21 18:34:37.700,obj001,749.040,90.100,-2218.904
2026-08-21 18:34:37.700,obj002,1191.627,90.100,-1806.266
2026-08-21 18:34:37.700,obj003,1445.118,90.100,-2327.994
2026-08-21 18:34:37.700,obj004,491.952,90.100,-1820.259
2026-08-21 18:34:37.716,obj001,752.272,90.100,-2219.312
2026-08-21 18:34:37.716,obj002,1192.350,90.100,-1802.784
2026-08-21 18:34:37.716,obj003,1445.779,90.102,-2327.482
2026-08-21 18:34:37.716,obj004,489.935,90.100,-1817.656
2026-08-21 18:34:37.733,obj001,753.892,90.101,-2219.480
2026-08-21 18:34:37.733,obj002,1192.704,90.100,-1801.078
2026-08-21 18:34:37.733,obj003,1445.888,90.101,-2327.148
2026-08-21 18:34:37.733,obj004,488.905,90.100,-1816.327
2026-08-21 18:34:37.750,obj001,755.514,90.101,-2219.623
2026-08-21 18:34:37.750,obj002,1193.073,90.100,-1799.302
2026-08-21 18:34:37.750,obj003,1445.942,90.100,-2326.783
2026-08-21 18:34:37.750,obj004,487.918,90.100,-1815.053
2026-08-21 18:34:37.766,obj001,757.139,90.100,-2219.743
2026-08-21 18:34:37.766,obj002,1193.427,90.100,-1797.596
2026-08-21 18:34:37.766,obj003,1445.969,90.100,-2326.383
2026-08-21 18:34:37.766,obj004,486.888,90.100,-1813.724
2026-08-21 18:34:37.783,obj001,758.765,90.100,-2219.839
2026-08-21 18:34:37.783,obj002,1193.796,90.100,-1795.821
2026-08-21 18:34:37.783,obj003,1445.982,90.100,-2325.960
2026-08-21 18:34:37.783,obj004,485.902,90.100,-1812.451
2026-08-21 18:34:37.800,obj001,758.765,90.100,-2219.839
2026-08-21 18:34:37.800,obj002,1193.796,90.100,-1795.821
2026-08-21 18:34:37.800,obj003,1445.982,90.100,-2325.960
2026-08-21 18:34:37.800,obj004,485.902,90.100,-1812.451
2026-08-21 18:34:37.833,obj001,762.021,90.100,-2219.957
2026-08-21 18:34:37.833,obj002,1194.519,90.100,-1792.339
2026-08-21 18:34:37.833,obj003,1445.993,90.100,-2325.034
2026-08-21 18:34:37.833,obj004,483.885,90.100,-1809.848
2026-08-21 18:34:37.850,obj001,765.279,90.100,-2219.979
2026-08-21 18:34:37.850,obj002,1195.242,90.100,-1788.857
2026-08-21 18:34:37.850,obj003,1445.994,90.100,-2324.013
2026-08-21 18:34:37.850,obj004,481.868,90.100,-1807.245
2026-08-21 18:34:37.866,obj001,766.908,90.100,-2219.953
2026-08-21 18:34:37.866,obj002,1195.597,90.100,-1787.151
2026-08-21 18:34:37.866,obj003,1445.994,90.100,-2323.464
2026-08-21 18:34:37.866,obj004,480.838,90.100,-1805.916
2026-08-21 18:34:37.883,obj001,768.536,90.100,-2219.904
2026-08-21 18:34:37.883,obj002,1195.965,90.100,-1785.376
2026-08-21 18:34:37.883,obj003,1445.994,90.099,-2322.887
2026-08-21 18:34:37.883,obj004,479.851,90.097,-1804.642
2026-08-21 18:34:37.900,obj001,768.536,90.100,-2219.904
2026-08-21 18:34:37.900,obj002,1195.965,90.100,-1785.376
2026-08-21 18:34:37.900,obj003,1445.994,90.099,-2322.887
2026-08-21 18:34:37.900,obj004,479.851,90.097,-1804.642
2026-08-21 18:34:37.933,obj001,771.789,90.100,-2219.732
2026-08-21 18:34:37.933,obj002,1196.688,90.100,-1781.894
2026-08-21 18:34:37.933,obj003,1445.994,90.100,-2321.676
2026-08-21 18:34:37.933,obj004,477.834,90.099,-1802.039
2026-08-21 18:34:37.950,obj001,775.036,90.101,-2219.464
2026-08-21 18:34:37.950,obj002,1197.412,90.100,-1778.412
2026-08-21 18:34:37.950,obj003,1445.994,90.100,-2320.364
2026-08-21 18:34:37.950,obj004,475.818,90.100,-1799.436
2026-08-21 18:34:37.966,obj001,775.036,90.101,-2219.464
2026-08-21 18:34:37.966,obj002,1197.412,90.100,-1778.412
2026-08-21 18:34:37.966,obj003,1445.994,90.100,-2320.364
2026-08-21 18:34:37.966,obj004,475.818,90.100,-1799.436
2026-08-21 18:34:38.000,obj001,778.273,90.100,-2219.100
2026-08-21 18:34:38.000,obj002,1198.135,90.100,-1774.931
2026-08-21 18:34:38.000,obj003,1445.990,90.100,-2318.955
2026-08-21 18:34:38.000,obj004,473.802,90.100,-1796.834
2026-08-21 18:34:38.016,obj001,781.498,90.100,-2218.639
2026-08-21 18:34:38.016,obj002,1198.858,90.100,-1771.449
2026-08-21 18:34:38.016,obj003,1445.992,90.099,-2317.426
2026-08-21 18:34:38.016,obj004,471.785,90.100,-1794.231
2026-08-21 18:34:38.033,obj001,781.498,90.100,-2218.639
2026-08-21 18:34:38.033,obj002,1198.858,90.100,-1771.449
2026-08-21 18:34:38.033,obj003,1445.992,90.099,-2317.426
2026-08-21 18:34:38.033,obj004,471.785,90.100,-1794.231
2026-08-21 18:34:38.066,obj001,784.709,90.100,-2218.084
2026-08-21 18:34:38.066,obj002,1199.581,90.100,-1767.967
2026-08-21 18:34:38.066,obj003,1445.990,90.101,-2315.833
2026-08-21 18:34:38.066,obj004,469.768,90.100,-1791.628
2026-08-21 18:34:38.083,obj001,787.901,90.100,-2217.433
2026-08-21 18:34:38.083,obj002,1200.304,90.100,-1764.486
2026-08-21 18:34:38.083,obj003,1445.989,90.100,-2314.121
2026-08-21 18:34:38.083,obj004,467.752,90.100,-1789.025
2026-08-21 18:34:38.100,obj001,787.901,90.100,-2217.433
2026-08-21 18:34:38.100,obj002,1200.304,90.100,-1764.486
2026-08-21 18:34:38.100,obj003,1445.989,90.100,-2314.121
2026-08-21 18:34:38.100,obj004,467.752,90.100,-1789.025
2026-08-21 18:34:38.133,obj001,791.072,90.100,-2216.688
2026-08-21 18:34:38.133,obj002,1201.027,90.100,-1761.004
2026-08-21 18:34:38.133,obj003,1445.989,90.099,-2312.308
2026-08-21 18:34:38.133,obj004,465.733,90.093,-1786.421
2026-08-21 18:34:38.150,obj001,794.220,90.100,-2215.849
2026-08-21 18:34:38.150,obj002,1201.750,90.100,-1757.522
2026-08-21 18:34:38.150,obj003,1445.991,90.099,-2310.427
2026-08-21 18:34:38.150,obj004,463.717,90.095,-1783.817
2026-08-21 18:34:38.166,obj001,794.220,90.100,-2215.849
2026-08-21 18:34:38.166,obj002,1201.750,90.100,-1757.522
2026-08-21 18:34:38.166,obj003,1445.991,90.099,-2310.427
2026-08-21 18:34:38.166,obj004,463.717,90.095,-1783.817
2026-08-21 18:34:38.200,obj001,797.342,90.100,-2214.917
2026-08-21 18:34:38.200,obj002,1202.473,90.100,-1754.041
2026-08-21 18:34:38.200,obj003,1445.989,90.100,-2308.476
2026-08-21 18:34:38.200,obj004,461.702,90.098,-1781.216
2026-08-21 18:34:38.216,obj001,800.435,90.100,-2213.893
2026-08-21 18:34:38.216,obj002,1203.196,90.100,-1750.559
2026-08-21 18:34:38.216,obj003,1445.990,90.099,-2306.421
2026-08-21 18:34:38.216,obj004,459.685,90.099,-1778.613
2026-08-21 18:34:38.233,obj001,800.435,90.100,-2213.893
2026-08-21 18:34:38.233,obj002,1203.196,90.100,-1750.559
2026-08-21 18:34:38.233,obj003,1445.990,90.099,-2306.421
2026-08-21 18:34:38.233,obj004,459.685,90.099,-1778.613
2026-08-21 18:34:38.266,obj001,803.500,90.100,-2212.788
2026-08-21 18:34:38.266,obj002,1203.919,90.100,-1747.077
2026-08-21 18:34:38.266,obj003,1445.989,90.099,-2304.286
2026-08-21 18:34:38.266,obj004,457.669,90.100,-1776.011
2026-08-21 18:34:38.283,obj001,806.494,90.100,-2211.695
2026-08-21 18:34:38.283,obj002,1204.642,90.100,-1743.596
2026-08-21 18:34:38.283,obj003,1445.988,90.100,-2302.070
2026-08-21 18:34:38.283,obj004,455.652,90.100,-1773.408
2026-08-21 18:34:38.300,obj001,807.958,90.100,-2211.161
2026-08-21 18:34:38.300,obj002,1204.997,90.100,-1741.890
2026-08-21 18:34:38.300,obj003,1445.989,90.098,-2300.928
2026-08-21 18:34:38.300,obj004,454.622,90.100,-1772.078
2026-08-21 18:34:38.316,obj001,809.488,90.100,-2210.602
2026-08-21 18:34:38.316,obj002,1205.365,90.100,-1740.114
2026-08-21 18:34:38.316,obj003,1445.986,90.100,-2299.769
2026-08-21 18:34:38.316,obj004,453.636,90.100,-1770.805
2026-08-21 18:34:38.333,obj001,810.952,90.100,-2210.068
2026-08-21 18:34:38.333,obj002,1205.720,90.100,-1738.408
2026-08-21 18:34:38.333,obj003,1445.988,90.098,-2298.583
2026-08-21 18:34:38.333,obj004,452.606,90.100,-1769.476
2026-08-21 18:34:38.350,obj001,812.482,90.100,-2209.509
2026-08-21 18:34:38.350,obj002,1206.089,90.100,-1736.632
2026-08-21 18:34:38.350,obj003,1445.989,90.097,-2297.385
2026-08-21 18:34:38.350,obj004,451.619,90.100,-1768.202
2026-08-21 18:34:38.366,obj001,813.946,90.100,-2208.975
2026-08-21 18:34:38.366,obj002,1206.443,90.100,-1734.926
2026-08-21 18:34:38.366,obj003,1445.987,90.099,-2296.171
2026-08-21 18:34:38.366,obj004,450.589,90.100,-1766.873
2026-08-21 18:34:38.383,obj001,815.476,90.100,-2208.417
2026-08-21 18:34:38.383,obj002,1206.812,90.100,-1733.151
2026-08-21 18:34:38.383,obj003,1445.986,90.099,-2294.929
2026-08-21 18:34:38.383,obj004,449.603,90.101,-1765.600
2026-08-21 18:34:38.400,obj001,815.476,90.100,-2208.417
2026-08-21 18:34:38.400,obj002,1206.812,90.100,-1733.151
2026-08-21 18:34:38.400,obj003,1445.986,90.099,-2294.929
2026-08-21 18:34:38.400,obj004,449.603,90.101,-1765.600
2026-08-21 18:34:38.433,obj001,818.470,90.100,-2207.324
2026-08-21 18:34:38.433,obj002,1207.535,90.100,-1729.669
2026-08-21 18:34:38.433,obj003,1445.985,90.099,-2292.388
2026-08-21 18:34:38.433,obj004,447.586,90.100,-1762.997
2026-08-21 18:34:38.450,obj001,821.464,90.100,-2206.231
2026-08-21 18:34:38.450,obj002,1208.258,90.100,-1726.187
2026-08-21 18:34:38.450,obj003,1445.987,90.099,-2289.781
2026-08-21 18:34:38.450,obj004,445.569,90.100,-1760.394
2026-08-21 18:34:38.466,obj001,821.464,90.100,-2206.231
2026-08-21 18:34:38.466,obj002,1208.258,90.100,-1726.187
2026-08-21 18:34:38.466,obj003,1445.987,90.099,-2289.781
2026-08-21 18:34:38.466,obj004,445.569,90.100,-1760.394
2026-08-21 18:34:38.500,obj001,824.526,90.100,-2205.113
2026-08-21 18:34:38.500,obj002,1208.953,90.100,-1722.840
2026-08-21 18:34:38.500,obj003,1445.988,90.099,-2287.326
2026-08-21 18:34:38.500,obj004,443.220,90.100,-1757.362
2026-08-21 18:34:38.516,obj001,827.587,90.102,-2203.996
2026-08-21 18:34:38.516,obj002,1209.648,90.100,-1719.493
2026-08-21 18:34:38.516,obj003,1445.987,90.100,-2284.859
2026-08-21 18:34:38.516,obj004,440.871,90.100,-1754.330
2026-08-21 18:34:38.533,obj001,827.587,90.102,-2203.996
2026-08-21 18:34:38.533,obj002,1209.648,90.100,-1719.493
2026-08-21 18:34:38.533,obj003,1445.987,90.100,-2284.859
2026-08-21 18:34:38.533,obj004,440.871,90.100,-1754.330
2026-08-21 18:34:38.566,obj001,830.650,90.100,-2202.878
2026-08-21 18:34:38.566,obj002,1210.343,90.100,-1716.146
2026-08-21 18:34:38.566,obj003,1445.991,90.099,-2282.334
2026-08-21 18:34:38.566,obj004,438.522,90.100,-1751.298
2026-08-21 18:34:38.583,obj001,833.712,90.100,-2201.760
2026-08-21 18:34:38.583,obj002,1211.038,90.100,-1712.799
2026-08-21 18:34:38.583,obj003,1445.988,90.100,-2279.773
2026-08-21 18:34:38.583,obj004,436.173,90.100,-1748.266
2026-08-21 18:34:38.600,obj001,835.276,90.100,-2201.190
2026-08-21 18:34:38.600,obj002,1211.393,90.100,-1711.091
2026-08-21 18:34:38.600,obj003,1445.989,90.100,-2278.469
2026-08-21 18:34:38.600,obj004,434.977,90.100,-1746.722
2026-08-21 18:34:38.616,obj001,836.774,90.099,-2200.643
2026-08-21 18:34:38.616,obj002,1211.733,90.101,-1709.453
2026-08-21 18:34:38.616,obj003,1445.990,90.100,-2277.154
2026-08-21 18:34:38.616,obj004,433.824,90.100,-1745.234
2026-08-21 18:34:38.633,obj001,838.338,90.098,-2200.071
2026-08-21 18:34:38.633,obj002,1212.088,90.101,-1707.744
2026-08-21 18:34:38.633,obj003,1445.989,90.101,-2275.834
2026-08-21 18:34:38.633,obj004,432.627,90.100,-1743.690
2026-08-21 18:34:38.650,obj001,839.836,90.098,-2199.524
2026-08-21 18:34:38.650,obj002,1212.428,90.100,-1706.105
2026-08-21 18:34:38.650,obj003,1445.990,90.099,-2274.494
2026-08-21 18:34:38.650,obj004,431.475,90.100,-1742.202
2026-08-21 18:34:38.666,obj001,841.391,90.099,-2198.930
2026-08-21 18:34:38.666,obj002,1212.783,90.100,-1704.397
2026-08-21 18:34:38.666,obj003,1445.990,90.100,-2273.151
2026-08-21 18:34:38.666,obj004,430.278,90.100,-1740.658
2026-08-21 18:34:38.683,obj001,842.935,90.102,-2198.312
2026-08-21 18:34:38.683,obj002,1213.123,90.100,-1702.758
2026-08-21 18:34:38.683,obj003,1445.992,90.099,-2271.792
2026-08-21 18:34:38.683,obj004,429.126,90.100,-1739.171
2026-08-21 18:34:38.700,obj001,844.472,90.101,-2197.671
2026-08-21 18:34:38.700,obj002,1213.478,90.100,-1701.050
2026-08-21 18:34:38.700,obj003,1445.993,90.100,-2270.429
2026-08-21 18:34:38.700,obj004,427.929,90.100,-1737.627
2026-08-21 18:34:38.716,obj001,845.998,90.100,-2197.006
2026-08-21 18:34:38.716,obj002,1213.818,90.100,-1699.411
2026-08-21 18:34:38.716,obj003,1445.991,90.104,-2269.054
2026-08-21 18:34:38.716,obj004,426.777,90.100,-1736.139
2026-08-21 18:34:38.733,obj001,847.514,90.100,-2196.319
2026-08-21 18:34:38.733,obj002,1214.173,90.100,-1697.703
2026-08-21 18:34:38.733,obj003,1445.990,90.107,-2267.660
2026-08-21 18:34:38.733,obj004,425.580,90.100,-1734.595
2026-08-21 18:34:38.750,obj001,849.020,90.100,-2195.608
2026-08-21 18:34:38.750,obj002,1214.513,90.100,-1696.064
2026-08-21 18:34:38.750,obj003,1445.994,90.105,-2266.246
2026-08-21 18:34:38.750,obj004,424.427,90.100,-1733.107
2026-08-21 18:34:38.766,obj001,849.020,90.100,-2195.608
2026-08-21 18:34:38.766,obj002,1214.513,90.100,-1696.064
2026-08-21 18:34:38.766,obj003,1445.994,90.105,-2266.246
2026-08-21 18:34:38.766,obj004,424.427,90.100,-1733.107
2026-08-21 18:34:38.800,obj001,851.997,90.100,-2194.119
2026-08-21 18:34:38.800,obj002,1215.209,90.100,-1692.717
2026-08-21 18:34:38.800,obj003,1445.999,90.104,-2263.392
2026-08-21 18:34:38.800,obj004,422.078,90.100,-1730.075
2026-08-21 18:34:38.816,obj001,854.928,90.100,-2192.541
2026-08-21 18:34:38.816,obj002,1215.904,90.100,-1689.370
2026-08-21 18:34:38.816,obj003,1445.998,90.102,-2260.502
2026-08-21 18:34:38.816,obj004,419.729,90.100,-1727.043
2026-08-21 18:34:38.833,obj001,854.928,90.100,-2192.541
2026-08-21 18:34:38.833,obj002,1215.904,90.100,-1689.370
2026-08-21 18:34:38.833,obj003,1445.998,90.102,-2260.502
2026-08-21 18:34:38.833,obj004,419.729,90.100,-1727.043
2026-08-21 18:34:38.866,obj001,857.810,90.100,-2190.874
2026-08-21 18:34:38.866,obj002,1216.599,90.100,-1686.023
2026-08-21 18:34:38.866,obj003,1445.999,90.100,-2257.586
2026-08-21 18:34:38.866,obj004,417.364,90.100,-1723.934
2026-08-21 18:34:38.883,obj001,860.640,90.100,-2189.121
2026-08-21 18:34:38.883,obj002,1217.294,90.100,-1682.676
2026-08-21 18:34:38.883,obj003,1445.990,90.099,-2254.679
2026-08-21 18:34:38.883,obj004,415.110,90.100,-1720.743
2026-08-21 18:34:38.900,obj001,860.640,90.100,-2189.121
2026-08-21 18:34:38.900,obj002,1217.294,90.100,-1682.676
2026-08-21 18:34:38.900,obj003,1445.990,90.099,-2254.679
2026-08-21 18:34:38.900,obj004,415.110,90.100,-1720.743
2026-08-21 18:34:38.933,obj001,863.416,90.100,-2187.282
2026-08-21 18:34:38.933,obj002,1217.989,90.100,-1679.329
2026-08-21 18:34:38.933,obj003,1445.998,90.099,-2251.731
2026-08-21 18:34:38.933,obj004,412.973,90.103,-1717.475
2026-08-21 18:34:38.950,obj001,866.134,90.100,-2185.361
2026-08-21 18:34:38.950,obj002,1218.684,90.100,-1675.982
2026-08-21 18:34:38.950,obj003,1446.002,90.100,-2248.744
2026-08-21 18:34:38.950,obj004,410.951,90.101,-1714.132
2026-08-21 18:34:38.966,obj001,866.134,90.100,-2185.361
2026-08-21 18:34:38.966,obj002,1218.684,90.100,-1675.982
2026-08-21 18:34:38.966,obj003,1446.002,90.100,-2248.744
2026-08-21 18:34:38.966,obj004,410.951,90.101,-1714.132
2026-08-21 18:34:39.000,obj001,868.793,90.100,-2183.357
2026-08-21 18:34:39.000,obj002,1219.379,90.100,-1672.635
2026-08-21 18:34:39.000,obj003,1446.002,90.100,-2245.738
2026-08-21 18:34:39.000,obj004,409.049,90.100,-1710.719
2026-08-21 18:34:39.016,obj001,871.390,90.100,-2181.274
2026-08-21 18:34:39.016,obj002,1220.074,90.100,-1669.288
2026-08-21 18:34:39.016,obj003,1446.003,90.100,-2242.717
2026-08-21 18:34:39.016,obj004,407.269,90.100,-1707.242
2026-08-21 18:34:39.033,obj001,871.390,90.100,-2181.274
2026-08-21 18:34:39.033,obj002,1220.074,90.100,-1669.288
2026-08-21 18:34:39.033,obj003,1446.003,90.100,-2242.717
2026-08-21 18:34:39.033,obj004,407.269,90.100,-1707.242
2026-08-21 18:34:39.066,obj001,873.923,90.100,-2179.114
2026-08-21 18:34:39.066,obj002,1220.770,90.100,-1665.941
2026-08-21 18:34:39.066,obj003,1446.003,90.099,-2239.680
2026-08-21 18:34:39.066,obj004,405.613,90.100,-1703.703
2026-08-21 18:34:39.083,obj001,876.389,90.100,-2176.877
2026-08-21 18:34:39.083,obj002,1221.465,90.100,-1662.594
2026-08-21 18:34:39.083,obj003,1445.999,90.099,-2236.633
2026-08-21 18:34:39.083,obj004,404.083,90.100,-1700.109
2026-08-21 18:34:39.100,obj001,876.389,90.100,-2176.877
2026-08-21 18:34:39.100,obj002,1221.465,90.100,-1662.594
2026-08-21 18:34:39.100,obj003,1445.999,90.099,-2236.633
2026-08-21 18:34:39.100,obj004,404.083,90.100,-1700.109
2026-08-21 18:34:39.133,obj001,878.786,90.100,-2174.567
2026-08-21 18:34:39.133,obj002,1222.160,90.100,-1659.247
2026-08-21 18:34:39.133,obj003,1445.997,90.097,-2233.587
2026-08-21 18:34:39.133,obj004,402.683,90.102,-1696.463
2026-08-21 18:34:39.150,obj001,881.112,90.100,-2172.185
2026-08-21 18:34:39.150,obj002,1222.855,90.100,-1655.900
2026-08-21 18:34:39.150,obj003,1445.996,90.098,-2230.518
2026-08-21 18:34:39.150,obj004,401.412,90.100,-1692.768
2026-08-21 18:34:39.166,obj001,882.248,90.100,-2170.968
2026-08-21 18:34:39.166,obj002,1223.210,90.100,-1654.192
2026-08-21 18:34:39.166,obj003,1445.997,90.097,-2228.986
2026-08-21 18:34:39.166,obj004,400.826,90.100,-1690.905
2026-08-21 18:34:39.183,obj001,883.365,90.100,-2169.734
2026-08-21 18:34:39.183,obj002,1223.550,90.100,-1652.553
2026-08-21 18:34:39.183,obj003,1445.997,90.097,-2227.455
2026-08-21 18:34:39.183,obj004,400.273,90.100,-1689.032
2026-08-21 18:34:39.200,obj001,883.365,90.100,-2169.734
2026-08-21 18:34:39.200,obj002,1223.550,90.100,-1652.553
2026-08-21 18:34:39.200,obj003,1445.997,90.097,-2227.455
2026-08-21 18:34:39.200,obj004,400.273,90.100,-1689.032
2026-08-21 18:34:39.233,obj001,885.542,90.100,-2167.216
2026-08-21 18:34:39.233,obj002,1224.245,90.100,-1649.206
2026-08-21 18:34:39.233,obj003,1446.000,90.098,-2224.389
2026-08-21 18:34:39.233,obj004,399.266,90.100,-1685.257
2026-08-21 18:34:39.250,obj001,887.642,90.100,-2164.632
2026-08-21 18:34:39.250,obj002,1224.940,90.100,-1645.859
2026-08-21 18:34:39.250,obj003,1446.000,90.099,-2221.316
2026-08-21 18:34:39.250,obj004,398.394,90.100,-1681.449
2026-08-21 18:34:39.266,obj001,887.642,90.100,-2164.632
2026-08-21 18:34:39.266,obj002,1224.940,90.100,-1645.859
2026-08-21 18:34:39.266,obj003,1446.000,90.099,-2221.316
2026-08-21 18:34:39.266,obj004,398.394,90.100,-1681.449
2026-08-21 18:34:39.283,obj001,889.662,90.100,-2161.987
2026-08-21 18:34:39.283,obj002,1225.635,90.100,-1642.512
2026-08-21 18:34:39.283,obj003,1445.984,90.100,-2218.243
2026-08-21 18:34:39.283,obj004,397.658,90.100,-1677.612
2026-08-21 18:34:39.300,obj001,889.662,90.100,-2161.987
2026-08-21 18:34:39.300,obj002,1225.635,90.100,-1642.512
2026-08-21 18:34:39.300,obj003,1445.984,90.100,-2218.243
2026-08-21 18:34:39.300,obj004,397.658,90.100,-1677.612
2026-08-21 18:34:39.333,obj001,891.602,90.100,-2159.280
2026-08-21 18:34:39.333,obj002,1226.330,90.100,-1639.165
2026-08-21 18:34:39.333,obj003,1445.881,90.100,-2215.174
2026-08-21 18:34:39.333,obj004,397.057,90.100,-1673.752
2026-08-21 18:34:39.350,obj001,893.458,90.100,-2156.517
2026-08-21 18:34:39.350,obj002,1227.026,90.100,-1635.818
2026-08-21 18:34:39.350,obj003,1445.692,90.100,-2212.111
2026-08-21 18:34:39.350,obj004,396.594,90.100,-1669.873
2026-08-21 18:34:39.366,obj001,893.458,90.100,-2156.517
2026-08-21 18:34:39.366,obj002,1227.026,90.100,-1635.818
2026-08-21 18:34:39.366,obj003,1445.692,90.100,-2212.111
2026-08-21 18:34:39.366,obj004,396.594,90.100,-1669.873
2026-08-21 18:34:39.400,obj001,895.255,90.100,-2153.715
2026-08-21 18:34:39.400,obj002,1227.721,90.100,-1632.471
2026-08-21 18:34:39.400,obj003,1445.421,90.100,-2209.054
2026-08-21 18:34:39.400,obj004,396.268,90.093,-1665.977
2026-08-21 18:34:39.416,obj001,897.047,90.100,-2150.908
2026-08-21 18:34:39.416,obj002,1228.416,90.100,-1629.124
2026-08-21 18:34:39.416,obj003,1445.063,90.100,-2206.007
2026-08-21 18:34:39.416,obj004,396.081,90.098,-1662.076
2026-08-21 18:34:39.433,obj001,897.047,90.100,-2150.908
2026-08-21 18:34:39.433,obj002,1228.416,90.100,-1629.124
2026-08-21 18:34:39.433,obj003,1445.063,90.100,-2206.007
2026-08-21 18:34:39.433,obj004,396.081,90.098,-1662.076
2026-08-21 18:34:39.466,obj001,898.833,90.100,-2148.099
2026-08-21 18:34:39.466,obj002,1229.111,90.100,-1625.777
2026-08-21 18:34:39.466,obj003,1444.610,90.100,-2202.974
2026-08-21 18:34:39.466,obj004,396.032,90.099,-1658.171
2026-08-21 18:34:39.483,obj001,900.614,90.100,-2145.286
2026-08-21 18:34:39.483,obj002,1229.806,90.100,-1622.430
2026-08-21 18:34:39.483,obj003,1444.080,90.100,-2199.955
2026-08-21 18:34:39.483,obj004,396.122,90.100,-1654.265
2026-08-21 18:34:39.500,obj001,900.614,90.100,-2145.286
2026-08-21 18:34:39.500,obj002,1229.806,90.100,-1622.430
2026-08-21 18:34:39.500,obj003,1444.080,90.100,-2199.955
2026-08-21 18:34:39.500,obj004,396.122,90.100,-1654.265
2026-08-21 18:34:39.533,obj001,902.389,90.100,-2142.469
2026-08-21 18:34:39.533,obj002,1230.501,90.100,-1619.083
2026-08-21 18:34:39.533,obj003,1443.465,90.100,-2196.953
2026-08-21 18:34:39.533,obj004,396.350,90.099,-1650.365
2026-08-21 18:34:39.550,obj001,904.158,90.100,-2139.649
2026-08-21 18:34:39.550,obj002,1231.196,90.100,-1615.736
2026-08-21 18:34:39.550,obj003,1442.757,90.100,-2193.973
2026-08-21 18:34:39.550,obj004,396.715,90.100,-1646.476
2026-08-21 18:34:39.566,obj001,904.158,90.100,-2139.649
2026-08-21 18:34:39.566,obj002,1231.196,90.100,-1615.736
2026-08-21 18:34:39.566,obj003,1442.757,90.100,-2193.973
2026-08-21 18:34:39.566,obj004,396.715,90.100,-1646.476
2026-08-21 18:34:39.600,obj001,905.923,90.100,-2136.826
2026-08-21 18:34:39.600,obj002,1231.891,90.100,-1612.389
2026-08-21 18:34:39.600,obj003,1441.969,90.100,-2191.013
2026-08-21 18:34:39.600,obj004,397.219,90.100,-1642.602
2026-08-21 18:34:39.616,obj001,907.681,90.100,-2133.999
2026-08-21 18:34:39.616,obj002,1232.587,90.100,-1609.042
2026-08-21 18:34:39.616,obj003,1441.098,90.100,-2188.076
2026-08-21 18:34:39.616,obj004,397.859,90.099,-1638.747
2026-08-21 18:34:39.633,obj001,907.681,90.100,-2133.999
2026-08-21 18:34:39.633,obj002,1232.587,90.100,-1609.042
2026-08-21 18:34:39.633,obj003,1441.098,90.100,-2188.076
2026-08-21 18:34:39.633,obj004,397.859,90.099,-1638.747
2026-08-21 18:34:39.666,obj001,909.435,90.100,-2131.169
2026-08-21 18:34:39.666,obj002,1233.282,90.100,-1605.695
2026-08-21 18:34:39.666,obj003,1440.148,90.100,-2185.165
2026-08-21 18:34:39.666,obj004,398.636,90.100,-1634.919
2026-08-21 18:34:39.683,obj001,911.183,90.100,-2128.335
2026-08-21 18:34:39.683,obj002,1233.977,90.100,-1602.348
2026-08-21 18:34:39.683,obj003,1439.118,90.100,-2182.281
2026-08-21 18:34:39.683,obj004,399.548,90.100,-1631.120
2026-08-21 18:34:39.700,obj001,912.055,90.100,-2126.917
2026-08-21 18:34:39.700,obj002,1234.332,90.100,-1600.640
2026-08-21 18:34:39.700,obj003,1438.572,90.100,-2180.851
2026-08-21 18:34:39.700,obj004,400.054,90.099,-1629.234
2026-08-21 18:34:39.716,obj001,912.925,90.100,-2125.498
2026-08-21 18:34:39.716,obj002,1234.659,90.100,-1598.926
2026-08-21 18:34:39.716,obj003,1438.006,90.100,-2179.428
2026-08-21 18:34:39.716,obj004,400.594,90.099,-1627.356
2026-08-21 18:34:39.733,obj001,912.925,90.100,-2125.498
2026-08-21 18:34:39.733,obj002,1234.659,90.100,-1598.926
2026-08-21 18:34:39.733,obj003,1438.006,90.100,-2179.428
2026-08-21 18:34:39.733,obj004,400.594,90.099,-1627.356
2026-08-21 18:34:39.766,obj001,914.662,90.100,-2122.658
2026-08-21 18:34:39.766,obj002,1235.233,90.100,-1595.484
2026-08-21 18:34:39.766,obj003,1436.817,90.100,-2176.606
2026-08-21 18:34:39.766,obj004,401.772,90.100,-1623.632
2026-08-21 18:34:39.783,obj001,916.394,90.100,-2119.815
2026-08-21 18:34:39.783,obj002,1235.697,90.100,-1592.026
2026-08-21 18:34:39.783,obj003,1435.548,90.100,-2173.821
2026-08-21 18:34:39.783,obj004,403.082,90.100,-1619.951
2026-08-21 18:34:39.800,obj001,916.394,90.100,-2119.815
2026-08-21 18:34:39.800,obj002,1235.697,90.100,-1592.026
2026-08-21 18:34:39.800,obj003,1435.548,90.100,-2173.821
2026-08-21 18:34:39.800,obj004,403.082,90.100,-1619.951
2026-08-21 18:34:39.833,obj001,918.119,90.100,-2116.967
2026-08-21 18:34:39.833,obj002,1236.051,90.100,-1588.555
2026-08-21 18:34:39.833,obj003,1434.202,90.100,-2171.071
2026-08-21 18:34:39.833,obj004,404.522,90.096,-1616.319
2026-08-21 18:34:39.850,obj001,919.837,90.100,-2114.115
2026-08-21 18:34:39.850,obj002,1236.295,90.100,-1585.074
2026-08-21 18:34:39.850,obj003,1432.780,90.100,-2168.359
2026-08-21 18:34:39.850,obj004,406.088,90.099,-1612.741
2026-08-21 18:34:39.866,obj001,919.837,90.100,-2114.115
2026-08-21 18:34:39.866,obj002,1236.295,90.100,-1585.074
2026-08-21 18:34:39.866,obj003,1432.780,90.100,-2168.359
2026-08-21 18:34:39.866,obj004,406.088,90.099,-1612.741
2026-08-21 18:34:39.900,obj001,921.548,90.100,-2111.259
2026-08-21 18:34:39.900,obj002,1236.428,90.100,-1581.587
2026-08-21 18:34:39.900,obj003,1431.282,90.100,-2165.689
2026-08-21 18:34:39.900,obj004,407.781,90.100,-1609.220
2026-08-21 18:34:39.916,obj001,923.251,90.100,-2108.399
2026-08-21 18:34:39.916,obj002,1236.451,90.100,-1578.098
2026-08-21 18:34:39.916,obj003,1429.711,90.100,-2163.061
2026-08-21 18:34:39.916,obj004,409.598,90.100,-1605.762
2026-08-21 18:34:39.933,obj001,923.251,90.100,-2108.399
2026-08-21 18:34:39.933,obj002,1236.451,90.100,-1578.098
2026-08-21 18:34:39.933,obj003,1429.711,90.100,-2163.061
2026-08-21 18:34:39.933,obj004,409.598,90.100,-1605.762
2026-08-21 18:34:39.966,obj001,924.946,90.100,-2105.533
2026-08-21 18:34:39.966,obj002,1236.362,90.100,-1574.610
2026-08-21 18:34:39.966,obj003,1428.067,90.100,-2160.479
2026-08-21 18:34:39.966,obj004,411.538,90.095,-1602.369
2026-08-21 18:34:39.983,obj001,926.632,90.100,-2102.663
2026-08-21 18:34:39.983,obj002,1236.163,90.100,-1571.127
2026-08-21 18:34:39.983,obj003,1426.351,90.100,-2157.944
2026-08-21 18:34:39.983,obj004,413.594,90.099,-1599.048
2026-08-21 18:34:40.000,obj001,926.632,90.100,-2102.663
2026-08-21 18:34:40.000,obj002,1236.163,90.100,-1571.127
2026-08-21 18:34:40.000,obj003,1426.351,90.100,-2157.944
2026-08-21 18:34:40.000,obj004,413.594,90.099,-1599.048
2026-08-21 18:34:40.033,obj001,928.310,90.100,-2099.787
2026-08-21 18:34:40.033,obj002,1235.854,90.100,-1567.651
2026-08-21 18:34:40.033,obj003,1424.566,90.100,-2155.457
2026-08-21 18:34:40.033,obj004,415.767,90.100,-1595.802
2026-08-21 18:34:40.050,obj001,929.978,90.100,-2096.906
2026-08-21 18:34:40.050,obj002,1235.435,90.100,-1564.187
2026-08-21 18:34:40.050,obj003,1422.711,90.100,-2153.021
2026-08-21 18:34:40.050,obj004,418.054,90.100,-1592.635
2026-08-21 18:34:40.066,obj001,930.809,90.100,-2095.464
2026-08-21 18:34:40.066,obj002,1235.184,90.100,-1562.461
2026-08-21 18:34:40.066,obj003,1421.759,90.100,-2151.823
2026-08-21 18:34:40.066,obj004,419.239,90.100,-1591.082
2026-08-21 18:34:40.083,obj001,931.637,90.100,-2094.019
2026-08-21 18:34:40.083,obj002,1234.906,90.100,-1560.738
2026-08-21 18:34:40.083,obj003,1420.790,90.100,-2150.638
2026-08-21 18:34:40.083,obj004,420.452,90.100,-1589.551
2026-08-21 18:34:40.100,obj001,931.637,90.100,-2094.019
2026-08-21 18:34:40.100,obj002,1234.906,90.100,-1560.738
2026-08-21 18:34:40.100,obj003,1420.790,90.100,-2150.638
2026-08-21 18:34:40.100,obj004,420.452,90.100,-1589.551
2026-08-21 18:34:40.133,obj001,933.285,90.100,-2091.127
2026-08-21 18:34:40.133,obj002,1234.267,90.100,-1557.308
2026-08-21 18:34:40.133,obj003,1418.802,90.100,-2148.310
2026-08-21 18:34:40.133,obj004,422.957,90.100,-1586.553
2026-08-21 18:34:40.150,obj001,934.923,90.100,-2088.228
2026-08-21 18:34:40.150,obj002,1233.520,90.100,-1553.900
2026-08-21 18:34:40.150,obj003,1416.750,90.100,-2146.038
2026-08-21 18:34:40.150,obj004,425.567,90.100,-1583.646
2026-08-21 18:34:40.166,obj001,934.923,90.100,-2088.228
2026-08-21 18:34:40.166,obj002,1233.520,90.100,-1553.900
2026-08-21 18:34:40.166,obj003,1416.750,90.100,-2146.038
2026-08-21 18:34:40.166,obj004,425.567,90.100,-1583.646
2026-08-21 18:34:40.200,obj001,936.550,90.100,-2085.324
2026-08-21 18:34:40.200,obj002,1232.666,90.100,-1550.517
2026-08-21 18:34:40.200,obj003,1414.636,90.100,-2143.824
2026-08-21 18:34:40.200,obj004,428.279,90.100,-1580.834
2026-08-21 18:34:40.216,obj001,938.166,90.100,-2082.413
2026-08-21 18:34:40.216,obj002,1231.704,90.100,-1547.163
2026-08-21 18:34:40.216,obj003,1412.461,90.100,-2141.671
2026-08-21 18:34:40.216,obj004,431.088,90.100,-1578.119
2026-08-21 18:34:40.233,obj001,938.166,90.100,-2082.413
2026-08-21 18:34:40.233,obj002,1231.704,90.100,-1547.163
2026-08-21 18:34:40.233,obj003,1412.461,90.100,-2141.671
2026-08-21 18:34:40.233,obj004,431.088,90.100,-1578.119
2026-08-21 18:34:40.266,obj001,939.770,90.100,-2079.496
2026-08-21 18:34:40.266,obj002,1230.636,90.100,-1543.841
2026-08-21 18:34:40.266,obj003,1410.226,90.100,-2139.578
2026-08-21 18:34:40.266,obj004,433.992,90.100,-1575.506
2026-08-21 18:34:40.283,obj001,941.362,90.100,-2076.572
2026-08-21 18:34:40.283,obj002,1229.464,90.100,-1540.554
2026-08-21 18:34:40.283,obj003,1407.934,90.100,-2137.550
2026-08-21 18:34:40.283,obj004,436.986,90.100,-1572.997
2026-08-21 18:34:40.300,obj001,941.362,90.100,-2076.572
2026-08-21 18:34:40.300,obj002,1229.464,90.100,-1540.554
2026-08-21 18:34:40.300,obj003,1407.934,90.100,-2137.550
2026-08-21 18:34:40.300,obj004,436.986,90.100,-1572.997
2026-08-21 18:34:40.333,obj001,942.941,90.100,-2073.641
2026-08-21 18:34:40.333,obj002,1228.188,90.100,-1537.307
2026-08-21 18:34:40.333,obj003,1405.586,90.100,-2135.586
2026-08-21 18:34:40.333,obj004,440.068,90.100,-1570.596
2026-08-21 18:34:40.350,obj001,944.508,90.100,-2070.703
2026-08-21 18:34:40.350,obj002,1226.809,90.100,-1534.102
2026-08-21 18:34:40.350,obj003,1403.184,90.100,-2133.688
2026-08-21 18:34:40.350,obj004,443.232,90.100,-1568.306
2026-08-21 18:34:40.366,obj001,945.286,90.100,-2069.232
2026-08-21 18:34:40.366,obj002,1226.082,90.100,-1532.516
2026-08-21 18:34:40.366,obj003,1401.963,90.100,-2132.764
2026-08-21 18:34:40.366,obj004,444.844,90.100,-1567.203
2026-08-21 18:34:40.383,obj001,946.061,90.100,-2067.758
2026-08-21 18:34:40.383,obj002,1225.330,90.100,-1530.942
2026-08-21 18:34:40.383,obj003,1400.730,90.100,-2131.858
2026-08-21 18:34:40.383,obj004,446.476,90.100,-1566.129
2026-08-21 18:34:40.400,obj001,946.833,90.100,-2066.284
2026-08-21 18:34:40.400,obj002,1224.553,90.100,-1529.380
2026-08-21 18:34:40.400,obj003,1399.484,90.100,-2130.969
2026-08-21 18:34:40.400,obj004,448.126,90.100,-1565.083
2026-08-21 18:34:40.416,obj001,947.601,90.100,-2064.807
2026-08-21 18:34:40.416,obj002,1223.751,90.100,-1527.830
2026-08-21 18:34:40.416,obj003,1398.225,90.100,-2130.098
2026-08-21 18:34:40.416,obj004,449.795,90.100,-1564.068
2026-08-21 18:34:40.433,obj001,948.366,90.100,-2063.328
2026-08-21 18:34:40.433,obj002,1222.924,90.100,-1526.294
2026-08-21 18:34:40.433,obj003,1396.955,90.100,-2129.243
2026-08-21 18:34:40.433,obj004,451.481,90.100,-1563.082
2026-08-21 18:34:40.450,obj001,949.127,90.100,-2061.848
2026-08-21 18:34:40.450,obj002,1222.074,90.100,-1524.770
2026-08-21 18:34:40.450,obj003,1395.673,90.100,-2128.408
2026-08-21 18:34:40.450,obj004,453.185,90.100,-1562.126
2026-08-21 18:34:40.466,obj001,949.127,90.100,-2061.848
2026-08-21 18:34:40.466,obj002,1222.074,90.100,-1524.770
2026-08-21 18:34:40.466,obj003,1395.673,90.100,-2128.408
2026-08-21 18:34:40.466,obj004,453.185,90.100,-1562.126
2026-08-21 18:34:40.500,obj001,950.639,90.100,-2058.882
2026-08-21 18:34:40.500,obj002,1220.301,90.100,-1521.765
2026-08-21 18:34:40.500,obj003,1393.075,90.100,-2126.789
2026-08-21 18:34:40.500,obj004,456.641,90.100,-1560.306
2026-08-21 18:34:40.516,obj001,952.137,90.100,-2055.908
2026-08-21 18:34:40.516,obj002,1218.771,90.099,-1520.147
2026-08-21 18:34:40.516,obj003,1390.454,90.100,-2125.207
2026-08-21 18:34:40.516,obj004,460.160,90.100,-1558.609
2026-08-21 18:34:40.533,obj001,952.137,90.100,-2055.908
2026-08-21 18:34:40.533,obj002,1218.771,90.099,-1520.147
2026-08-21 18:34:40.533,obj003,1390.454,90.100,-2125.207
2026-08-21 18:34:40.533,obj004,460.160,90.100,-1558.609
2026-08-21 18:34:40.566,obj001,953.621,90.100,-2052.928
2026-08-21 18:34:40.566,obj002,1216.988,90.098,-1520.052
2026-08-21 18:34:40.566,obj003,1387.838,90.100,-2123.617
2026-08-21 18:34:40.566,obj004,463.736,90.100,-1557.037
2026-08-21 18:34:40.583,obj001,955.099,90.100,-2049.945
2026-08-21 18:34:40.583,obj002,1215.031,90.098,-1520.030
2026-08-21 18:34:40.583,obj003,1385.227,90.100,-2122.019
2026-08-21 18:34:40.583,obj004,467.367,90.100,-1555.594
2026-08-21 18:34:40.600,obj001,955.099,90.100,-2049.945
2026-08-21 18:34:40.600,obj002,1215.031,90.098,-1520.030
2026-08-21 18:34:40.600,obj003,1385.227,90.100,-2122.019
2026-08-21 18:34:40.600,obj004,467.367,90.100,-1555.594
2026-08-21 18:34:40.616,obj001,956.567,90.100,-2046.957
2026-08-21 18:34:40.616,obj002,1212.989,90.096,-1520.023
2026-08-21 18:34:40.616,obj003,1382.621,90.100,-2120.414
2026-08-21 18:34:40.616,obj004,471.046,90.100,-1554.280
2026-08-21 18:34:40.633,obj001,956.567,90.100,-2046.957
2026-08-21 18:34:40.633,obj002,1212.989,90.096,-1520.023
2026-08-21 18:34:40.633,obj003,1382.621,90.100,-2120.414
2026-08-21 18:34:40.633,obj004,471.046,90.100,-1554.280
2026-08-21 18:34:40.666,obj001,958.026,90.100,-2043.964
2026-08-21 18:34:40.666,obj002,1210.864,90.096,-1520.023
2026-08-21 18:34:40.666,obj003,1380.019,90.100,-2118.801
2026-08-21 18:34:40.666,obj004,474.769,90.100,-1553.097
2026-08-21 18:34:40.683,obj001,959.476,90.100,-2040.967
2026-08-21 18:34:40.683,obj002,1208.660,90.096,-1520.026
2026-08-21 18:34:40.683,obj003,1377.422,90.100,-2117.180
2026-08-21 18:34:40.683,obj004,478.531,90.100,-1552.047
2026-08-21 18:34:40.700,obj001,959.476,90.100,-2040.967
2026-08-21 18:34:40.700,obj002,1208.660,90.096,-1520.026
2026-08-21 18:34:40.700,obj003,1377.422,90.100,-2117.180
2026-08-21 18:34:40.700,obj004,478.531,90.100,-1552.047
2026-08-21 18:34:40.733,obj001,960.915,90.100,-2037.965
2026-08-21 18:34:40.733,obj002,1206.346,90.096,-1520.029
2026-08-21 18:34:40.733,obj003,1374.829,90.100,-2115.553
2026-08-21 18:34:40.733,obj004,482.329,90.100,-1551.131
2026-08-21 18:34:40.750,obj001,962.343,90.100,-2034.958
2026-08-21 18:34:40.750,obj002,1203.966,90.094,-1520.025
2026-08-21 18:34:40.750,obj003,1372.240,90.100,-2113.919
2026-08-21 18:34:40.750,obj004,486.157,90.100,-1550.350
2026-08-21 18:34:40.766,obj001,963.053,90.100,-2033.452
2026-08-21 18:34:40.766,obj002,1202.749,90.095,-1520.026
2026-08-21 18:34:40.766,obj003,1370.948,90.100,-2113.099
2026-08-21 18:34:40.766,obj004,488.080,90.100,-1550.010
2026-08-21 18:34:40.783,obj001,963.760,90.102,-2031.946
2026-08-21 18:34:40.783,obj002,1201.509,90.094,-1520.025
2026-08-21 18:34:40.783,obj003,1369.656,90.100,-2112.278
2026-08-21 18:34:40.783,obj004,490.010,90.100,-1549.705
2026-08-21 18:34:40.800,obj001,963.760,90.102,-2031.946
2026-08-21 18:34:40.800,obj002,1201.509,90.094,-1520.025
2026-08-21 18:34:40.800,obj003,1369.656,90.100,-2112.278
2026-08-21 18:34:40.800,obj004,490.010,90.100,-1549.705
2026-08-21 18:34:40.833,obj001,965.165,90.100,-2028.928
2026-08-21 18:34:40.833,obj002,1198.974,90.096,-1520.023
2026-08-21 18:34:40.833,obj003,1367.076,90.100,-2110.630
2026-08-21 18:34:40.833,obj004,493.883,90.100,-1549.197
2026-08-21 18:34:40.850,obj001,966.558,90.100,-2025.904
2026-08-21 18:34:40.850,obj002,1196.340,90.096,-1520.020
2026-08-21 18:34:40.850,obj003,1364.500,90.100,-2108.976
2026-08-21 18:34:40.850,obj004,497.772,90.100,-1548.826
2026-08-21 18:34:40.866,obj001,966.558,90.100,-2025.904
2026-08-21 18:34:40.866,obj002,1196.340,90.096,-1520.020
2026-08-21 18:34:40.866,obj003,1364.500,90.100,-2108.976
2026-08-21 18:34:40.866,obj004,497.772,90.100,-1548.826
2026-08-21 18:34:40.883,obj001,967.939,90.100,-2022.874
2026-08-21 18:34:40.883,obj002,1193.628,90.097,-1520.016
2026-08-21 18:34:40.883,obj003,1361.928,90.100,-2107.316
2026-08-21 18:34:40.883,obj004,501.672,90.100,-1548.594
2026-08-21 18:34:40.900,obj001,968.624,90.100,-2021.357
2026-08-21 18:34:40.900,obj002,1192.243,90.098,-1520.015
2026-08-21 18:34:40.900,obj003,1360.643,90.100,-2106.484
2026-08-21 18:34:40.900,obj004,503.624,90.100,-1548.529
2026-08-21 18:34:40.916,obj001,969.305,90.100,-2019.838
2026-08-21 18:34:40.916,obj002,1190.836,90.099,-1520.014
2026-08-21 18:34:40.916,obj003,1359.359,90.100,-2105.651
2026-08-21 18:34:40.916,obj004,505.577,90.100,-1548.499
2026-08-21 18:34:40.933,obj001,969.305,90.100,-2019.838
2026-08-21 18:34:40.933,obj002,1190.836,90.099,-1520.014
2026-08-21 18:34:40.933,obj003,1359.359,90.100,-2105.651
2026-08-21 18:34:40.933,obj004,505.577,90.100,-1548.499
2026-08-21 18:34:40.966,obj001,970.657,90.101,-2016.797
2026-08-21 18:34:40.966,obj002,1187.956,90.101,-1520.002
2026-08-21 18:34:40.966,obj003,1356.795,90.100,-2103.979
2026-08-21 18:34:40.966,obj004,509.483,90.100,-1548.544
2026-08-21 18:34:40.983,obj001,971.996,90.100,-2013.748
2026-08-21 18:34:40.983,obj002,1185.024,90.097,-1520.017
2026-08-21 18:34:40.983,obj003,1354.233,90.100,-2102.303
2026-08-21 18:34:40.983,obj004,513.386,90.100,-1548.726
2026-08-21 18:34:41.000,obj001,972.659,90.100,-2012.221
2026-08-21 18:34:41.000,obj002,1183.550,90.096,-1520.019
2026-08-21 18:34:41.000,obj003,1352.954,90.100,-2101.462
2026-08-21 18:34:41.000,obj004,515.334,90.100,-1548.869
2026-08-21 18:34:41.016,obj001,973.318,90.100,-2010.692
2026-08-21 18:34:41.016,obj002,1182.071,90.093,-1520.028
2026-08-21 18:34:41.016,obj003,1351.676,90.100,-2100.621
2026-08-21 18:34:41.016,obj004,517.279,90.100,-1549.047
2026-08-21 18:34:41.033,obj001,973.318,90.100,-2010.692
2026-08-21 18:34:41.033,obj002,1182.071,90.093,-1520.028
2026-08-21 18:34:41.033,obj003,1351.676,90.100,-2100.621
2026-08-21 18:34:41.033,obj004,517.279,90.100,-1549.047
2026-08-21 18:34:41.066,obj001,974.625,90.100,-2007.631
2026-08-21 18:34:41.066,obj002,1179.133,90.089,-1520.036
2026-08-21 18:34:41.066,obj003,1349.121,90.100,-2098.934
2026-08-21 18:34:41.066,obj004,521.159,90.100,-1549.505
2026-08-21 18:34:41.083,obj001,975.917,90.100,-2004.562
2026-08-21 18:34:41.083,obj002,1176.118,90.091,-1520.033
2026-08-21 18:34:41.083,obj003,1346.569,90.100,-2097.243
2026-08-21 18:34:41.083,obj004,525.020,90.100,-1550.101
2026-08-21 18:34:41.100,obj001,976.557,90.100,-2003.025
2026-08-21 18:34:41.100,obj002,1174.575,90.093,-1520.022
2026-08-21 18:34:41.100,obj003,1345.294,90.100,-2096.396
2026-08-21 18:34:41.100,obj004,526.941,90.100,-1550.450
2026-08-21 18:34:41.116,obj001,977.192,90.100,-2001.487
2026-08-21 18:34:41.116,obj002,1173.001,90.096,-1520.015
2026-08-21 18:34:41.116,obj003,1344.020,90.100,-2095.547
2026-08-21 18:34:41.116,obj004,528.857,90.100,-1550.833
2026-08-21 18:34:41.133,obj001,977.824,90.100,-1999.947
2026-08-21 18:34:41.133,obj002,1171.405,90.098,-1520.010
2026-08-21 18:34:41.133,obj003,1342.747,90.100,-2094.698
2026-08-21 18:34:41.133,obj004,530.765,90.100,-1551.250
2026-08-21 18:34:41.150,obj001,978.451,90.100,-1998.405
2026-08-21 18:34:41.150,obj002,1169.804,90.095,-1520.026
2026-08-21 18:34:41.150,obj003,1341.474,90.100,-2093.848
2026-08-21 18:34:41.150,obj004,532.666,90.100,-1551.701
2026-08-21 18:34:41.166,obj001,978.451,90.100,-1998.405
2026-08-21 18:34:41.166,obj002,1169.804,90.095,-1520.026
2026-08-21 18:34:41.166,obj003,1341.474,90.100,-2093.848
2026-08-21 18:34:41.166,obj004,532.666,90.100,-1551.701
2026-08-21 18:34:41.200,obj001,979.691,90.100,-1995.315
2026-08-21 18:34:41.200,obj002,1166.626,90.090,-1520.037
2026-08-21 18:34:41.200,obj003,1338.931,90.100,-2092.145
2026-08-21 18:34:41.200,obj004,536.442,90.100,-1552.702
2026-08-21 18:34:41.216,obj001,980.914,90.100,-1992.219
2026-08-21 18:34:41.216,obj002,1163.409,90.092,-1520.017
2026-08-21 18:34:41.216,obj003,1336.390,90.100,-2090.438
2026-08-21 18:34:41.216,obj004,540.180,90.100,-1553.838
2026-08-21 18:34:41.233,obj001,980.914,90.100,-1992.219
2026-08-21 18:34:41.233,obj002,1163.409,90.092,-1520.017
2026-08-21 18:34:41.233,obj003,1336.390,90.100,-2090.438
2026-08-21 18:34:41.233,obj004,540.180,90.100,-1553.838
2026-08-21 18:34:41.266,obj001,982.119,90.100,-1989.115
2026-08-21 18:34:41.266,obj002,1160.118,90.093,-1520.014
2026-08-21 18:34:41.266,obj003,1333.850,90.100,-2088.728
2026-08-21 18:34:41.266,obj004,543.875,90.100,-1555.104
2026-08-21 18:34:41.283,obj001,983.305,90.100,-1986.004
2026-08-21 18:34:41.283,obj002,1156.753,90.097,-1520.003
2026-08-21 18:34:41.283,obj003,1331.313,90.100,-2087.015
2026-08-21 18:34:41.283,obj004,547.524,90.100,-1556.501
2026-08-21 18:34:41.300,obj001,983.305,90.100,-1986.004
2026-08-21 18:34:41.300,obj002,1156.753,90.097,-1520.003
2026-08-21 18:34:41.300,obj003,1331.313,90.100,-2087.015
2026-08-21 18:34:41.300,obj004,547.524,90.100,-1556.501
2026-08-21 18:34:41.333,obj001,984.471,90.100,-1982.886
2026-08-21 18:34:41.333,obj002,1153.341,90.098,-1520.000
2026-08-21 18:34:41.333,obj003,1328.777,90.100,-2085.300
2026-08-21 18:34:41.333,obj004,551.120,90.100,-1558.027
2026-08-21 18:34:41.350,obj001,985.617,90.100,-1979.760
2026-08-21 18:34:41.350,obj002,1149.944,90.095,-1520.008
2026-08-21 18:34:41.350,obj003,1326.243,90.100,-2083.583
2026-08-21 18:34:41.350,obj004,554.660,90.100,-1559.678
2026-08-21 18:34:41.366,obj001,985.617,90.100,-1979.760
2026-08-21 18:34:41.366,obj002,1149.944,90.095,-1520.008
2026-08-21 18:34:41.366,obj003,1326.243,90.100,-2083.583
2026-08-21 18:34:41.366,obj004,554.660,90.100,-1559.678
2026-08-21 18:34:41.400,obj001,986.743,90.100,-1976.627
2026-08-21 18:34:41.400,obj002,1146.549,90.094,-1520.012
2026-08-21 18:34:41.400,obj003,1323.710,90.100,-2081.863
2026-08-21 18:34:41.400,obj004,558.140,90.100,-1561.454
2026-08-21 18:34:41.416,obj001,987.848,90.100,-1973.486
2026-08-21 18:34:41.416,obj002,1143.135,90.099,-1520.038
2026-08-21 18:34:41.416,obj003,1321.178,90.100,-2080.143
2026-08-21 18:34:41.416,obj004,561.554,90.100,-1563.353
2026-08-21 18:34:41.433,obj001,987.848,90.100,-1973.486
2026-08-21 18:34:41.433,obj002,1143.135,90.099,-1520.038
2026-08-21 18:34:41.433,obj003,1321.178,90.100,-2080.143
2026-08-21 18:34:41.433,obj004,561.554,90.100,-1563.353
2026-08-21 18:34:41.466,obj001,988.932,90.100,-1970.339
2026-08-21 18:34:41.466,obj002,1139.727,90.101,-1520.020
2026-08-21 18:34:41.466,obj003,1318.647,90.100,-2078.421
2026-08-21 18:34:41.466,obj004,564.899,90.100,-1565.371
2026-08-21 18:34:41.483,obj001,989.994,90.100,-1967.183
2026-08-21 18:34:41.483,obj002,1136.265,90.107,-1520.044
2026-08-21 18:34:41.483,obj003,1316.116,90.100,-2076.699
2026-08-21 18:34:41.483,obj004,568.170,90.100,-1567.506
2026-08-21 18:34:41.500,obj001,989.994,90.100,-1967.183
2026-08-21 18:34:41.500,obj002,1136.265,90.107,-1520.044
2026-08-21 18:34:41.500,obj003,1316.116,90.100,-2076.699
2026-08-21 18:34:41.500,obj004,568.170,90.100,-1567.506
2026-08-21 18:34:41.533,obj001,991.035,90.100,-1964.021
2026-08-21 18:34:41.533,obj002,1132.799,90.110,-1520.054
2026-08-21 18:34:41.533,obj003,1313.585,90.100,-2074.977
2026-08-21 18:34:41.533,obj004,571.400,90.100,-1569.705
2026-08-21 18:34:41.550,obj001,992.053,90.100,-1960.851
2026-08-21 18:34:41.550,obj002,1129.307,90.102,-1520.036
2026-08-21 18:34:41.550,obj003,1311.055,90.100,-2073.254
2026-08-21 18:34:41.550,obj004,574.629,90.100,-1571.903
2026-08-21 18:34:41.566,obj001,992.553,90.100,-1959.264
2026-08-21 18:34:41.566,obj002,1127.557,90.101,-1520.040
2026-08-21 18:34:41.566,obj003,1309.789,90.100,-2072.393
2026-08-21 18:34:41.566,obj004,576.185,90.100,-1572.963
2026-08-21 18:34:41.583,obj001,993.048,90.100,-1957.674
2026-08-21 18:34:41.583,obj002,1125.807,90.100,-1520.071
2026-08-21 18:34:41.583,obj003,1308.536,90.100,-2071.514
2026-08-21 18:34:41.583,obj004,577.800,90.100,-1574.062
2026-08-21 18:34:41.600,obj001,993.048,90.100,-1957.674
2026-08-21 18:34:41.600,obj002,1125.807,90.100,-1520.071
2026-08-21 18:34:41.600,obj003,1308.536,90.100,-2071.514
2026-08-21 18:34:41.600,obj004,577.800,90.100,-1574.062
2026-08-21 18:34:41.633,obj001,994.020,90.100,-1954.490
2026-08-21 18:34:41.633,obj002,1122.315,90.100,-1520.214
2026-08-21 18:34:41.633,obj003,1306.067,90.100,-2069.704
2026-08-21 18:34:41.633,obj004,580.970,90.100,-1576.220
2026-08-21 18:34:41.650,obj001,994.969,90.100,-1951.299
2026-08-21 18:34:41.650,obj002,1118.826,90.100,-1520.448
2026-08-21 18:34:41.650,obj003,1303.650,90.100,-2067.826
2026-08-21 18:34:41.650,obj004,584.199,90.100,-1578.418
2026-08-21 18:34:41.666,obj001,994.969,90.100,-1951.299
2026-08-21 18:34:41.666,obj002,1118.826,90.100,-1520.448
2026-08-21 18:34:41.666,obj003,1303.650,90.100,-2067.826
2026-08-21 18:34:41.666,obj004,584.199,90.100,-1578.418
2026-08-21 18:34:41.700,obj001,995.895,90.100,-1948.101
2026-08-21 18:34:41.700,obj002,1115.348,90.100,-1520.815
2026-08-21 18:34:41.700,obj003,1301.286,90.100,-2065.881
2026-08-21 18:34:41.700,obj004,587.429,90.100,-1580.616
2026-08-21 18:34:41.716,obj001,996.797,90.100,-1944.896
2026-08-21 18:34:41.716,obj002,1111.886,90.100,-1521.287
2026-08-21 18:34:41.716,obj003,1298.977,90.100,-2063.871
2026-08-21 18:34:41.716,obj004,590.660,90.100,-1582.813
2026-08-21 18:34:41.733,obj001,996.797,90.100,-1944.896
2026-08-21 18:34:41.733,obj002,1111.886,90.100,-1521.287
2026-08-21 18:34:41.733,obj003,1298.977,90.100,-2063.871
2026-08-21 18:34:41.733,obj004,590.660,90.100,-1582.813
2026-08-21 18:34:41.766,obj001,997.676,90.100,-1941.685
2026-08-21 18:34:41.766,obj002,1108.441,90.100,-1521.875
2026-08-21 18:34:41.766,obj003,1296.723,90.100,-2061.800
2026-08-21 18:34:41.766,obj004,593.892,90.100,-1585.008
2026-08-21 18:34:41.783,obj001,998.531,90.100,-1938.468
2026-08-21 18:34:41.783,obj002,1105.016,90.100,-1522.558
2026-08-21 18:34:41.783,obj003,1294.497,90.100,-2059.698
2026-08-21 18:34:41.783,obj004,597.124,90.100,-1587.202
2026-08-21 18:34:41.800,obj001,998.950,90.100,-1936.857
2026-08-21 18:34:41.800,obj002,1103.312,90.100,-1522.947
2026-08-21 18:34:41.800,obj003,1293.391,90.100,-2058.640
2026-08-21 18:34:41.800,obj004,598.741,90.100,-1588.298
2026-08-21 18:34:41.816,obj001,999.363,90.100,-1935.244
2026-08-21 18:34:41.816,obj002,1101.615,90.100,-1523.363
2026-08-21 18:34:41.816,obj003,1292.291,90.100,-2057.576
2026-08-21 18:34:41.816,obj004,600.358,90.100,-1589.394
2026-08-21 18:34:41.833,obj001,999.363,90.100,-1935.244
2026-08-21 18:34:41.833,obj002,1101.615,90.100,-1523.363
2026-08-21 18:34:41.833,obj003,1292.291,90.100,-2057.576
2026-08-21 18:34:41.833,obj004,600.358,90.100,-1589.394
2026-08-21 18:34:41.866,obj001,1000.170,90.100,-1932.014
2026-08-21 18:34:41.866,obj002,1098.243,90.100,-1524.276
2026-08-21 18:34:41.866,obj003,1290.107,90.100,-2055.431
2026-08-21 18:34:41.866,obj004,603.593,90.100,-1591.584
2026-08-21 18:34:41.883,obj001,1000.955,90.100,-1928.779
2026-08-21 18:34:41.883,obj002,1094.902,90.100,-1525.289
2026-08-21 18:34:41.883,obj003,1287.943,90.100,-2053.265
2026-08-21 18:34:41.883,obj004,606.830,90.100,-1593.771
2026-08-21 18:34:41.900,obj001,1001.338,90.100,-1927.159
2026-08-21 18:34:41.900,obj002,1093.244,90.100,-1525.838
2026-08-21 18:34:41.900,obj003,1286.869,90.100,-2052.175
2026-08-21 18:34:41.900,obj004,608.449,90.100,-1594.864
2026-08-21 18:34:41.916,obj001,1001.716,90.100,-1925.538
2026-08-21 18:34:41.916,obj002,1091.595,90.100,-1526.413
2026-08-21 18:34:41.916,obj003,1285.801,90.100,-2051.078
2026-08-21 18:34:41.916,obj004,610.068,90.100,-1595.957
2026-08-21 18:34:41.933,obj001,1001.716,90.100,-1925.538
2026-08-21 18:34:41.933,obj002,1091.595,90.100,-1526.413
2026-08-21 18:34:41.933,obj003,1285.801,90.100,-2051.078
2026-08-21 18:34:41.933,obj004,610.068,90.100,-1595.957
2026-08-21 18:34:41.966,obj001,1002.453,90.100,-1922.291
2026-08-21 18:34:41.966,obj002,1088.326,90.100,-1527.640
2026-08-21 18:34:41.966,obj003,1283.681,90.100,-2048.871
2026-08-21 18:34:41.966,obj004,613.308,90.100,-1598.140
2026-08-21 18:34:41.983,obj001,1003.167,90.100,-1919.039
2026-08-21 18:34:41.983,obj002,1085.097,90.100,-1528.967
2026-08-21 18:34:41.983,obj003,1281.582,90.100,-2046.642
2026-08-21 18:34:41.983,obj004,616.549,90.100,-1600.320
2026-08-21 18:34:42.000,obj001,1003.167,90.100,-1919.039
2026-08-21 18:34:42.000,obj002,1085.097,90.100,-1528.967
2026-08-21 18:34:42.000,obj003,1281.582,90.100,-2046.642
2026-08-21 18:34:42.000,obj004,616.549,90.100,-1600.320
2026-08-21 18:34:42.033,obj001,1003.857,90.100,-1915.782
2026-08-21 18:34:42.033,obj002,1081.912,90.100,-1530.396
2026-08-21 18:34:42.033,obj003,1279.505,90.100,-2044.394
2026-08-21 18:34:42.033,obj004,619.793,90.100,-1602.498
2026-08-21 18:34:42.050,obj001,1004.524,90.100,-1912.521
2026-08-21 18:34:42.050,obj002,1078.774,90.100,-1531.925
2026-08-21 18:34:42.050,obj003,1277.450,90.100,-2042.125
2026-08-21 18:34:42.050,obj004,623.038,90.100,-1604.673
2026-08-21 18:34:42.066,obj001,1004.848,90.100,-1910.888
2026-08-21 18:34:42.066,obj002,1077.224,90.100,-1532.726
2026-08-21 18:34:42.066,obj003,1276.430,90.100,-2040.983
2026-08-21 18:34:42.066,obj004,624.661,90.100,-1605.760
2026-08-21 18:34:42.083,obj001,1005.167,90.100,-1909.254
2026-08-21 18:34:42.083,obj002,1075.686,90.100,-1533.551
2026-08-21 18:34:42.083,obj003,1275.417,90.100,-2039.836
2026-08-21 18:34:42.083,obj004,626.285,90.100,-1606.845
2026-08-21 18:34:42.100,obj001,1005.167,90.100,-1909.254
2026-08-21 18:34:42.100,obj002,1075.686,90.100,-1533.551
2026-08-21 18:34:42.100,obj003,1275.417,90.100,-2039.836
2026-08-21 18:34:42.100,obj004,626.285,90.100,-1606.845
2026-08-21 18:34:42.133,obj001,1005.787,90.100,-1905.983
2026-08-21 18:34:42.133,obj002,1072.650,90.100,-1535.275
2026-08-21 18:34:42.133,obj003,1273.406,90.100,-2037.528
2026-08-21 18:34:42.133,obj004,629.535,90.100,-1609.014
2026-08-21 18:34:42.150,obj001,1006.384,90.100,-1902.708
2026-08-21 18:34:42.150,obj002,1069.673,90.100,-1537.095
2026-08-21 18:34:42.150,obj003,1271.417,90.100,-2035.201
2026-08-21 18:34:42.150,obj004,632.786,90.100,-1611.179
2026-08-21 18:34:42.166,obj001,1006.673,90.100,-1901.068
2026-08-21 18:34:42.166,obj002,1068.206,90.100,-1538.040
2026-08-21 18:34:42.166,obj003,1270.431,90.100,-2034.030
2026-08-21 18:34:42.166,obj004,634.413,90.100,-1612.261
2026-08-21 18:34:42.183,obj001,1006.957,90.100,-1899.428
2026-08-21 18:34:42.183,obj002,1066.753,90.100,-1539.008
2026-08-21 18:34:42.183,obj003,1269.450,90.100,-2032.855
2026-08-21 18:34:42.183,obj004,636.040,90.100,-1613.341
2026-08-21 18:34:42.200,obj001,1007.235,90.100,-1897.787
2026-08-21 18:34:42.200,obj002,1065.318,90.100,-1540.001
2026-08-21 18:34:42.200,obj003,1268.475,90.100,-2031.675
2026-08-21 18:34:42.200,obj004,637.668,90.100,-1614.421
2026-08-21 18:34:42.216,obj001,1007.508,90.100,-1896.145
2026-08-21 18:34:42.216,obj002,1063.898,90.100,-1541.014
2026-08-21 18:34:42.216,obj003,1267.506,90.100,-2030.491
2026-08-21 18:34:42.216,obj004,639.296,90.100,-1615.499
2026-08-21 18:34:42.233,obj001,1007.775,90.100,-1894.502
2026-08-21 18:34:42.233,obj002,1062.494,90.100,-1542.051
2026-08-21 18:34:42.233,obj003,1266.542,90.100,-2029.302
2026-08-21 18:34:42.233,obj004,640.926,90.100,-1616.577
2026-08-21 18:34:42.250,obj001,1008.036,90.100,-1892.858
2026-08-21 18:34:42.250,obj002,1061.106,90.100,-1543.109
2026-08-21 18:34:42.250,obj003,1265.584,90.100,-2028.108
2026-08-21 18:34:42.250,obj004,642.555,90.100,-1617.654
2026-08-21 18:34:42.266,obj001,1008.036,90.100,-1892.858
2026-08-21 18:34:42.266,obj002,1061.106,90.100,-1543.109
2026-08-21 18:34:42.266,obj003,1265.584,90.100,-2028.108
2026-08-21 18:34:42.266,obj004,642.555,90.100,-1617.654
2026-08-21 18:34:42.300,obj001,1008.541,90.100,-1889.567
2026-08-21 18:34:42.300,obj002,1058.382,90.100,-1545.291
2026-08-21 18:34:42.300,obj003,1263.684,90.100,-2025.708
2026-08-21 18:34:42.300,obj004,645.817,90.100,-1619.804
2026-08-21 18:34:42.316,obj001,1009.023,90.100,-1886.273
2026-08-21 18:34:42.316,obj002,1055.730,90.100,-1547.559
2026-08-21 18:34:42.316,obj003,1261.807,90.100,-2023.290
2026-08-21 18:34:42.316,obj004,649.081,90.100,-1621.950
2026-08-21 18:34:42.333,obj001,1009.023,90.100,-1886.273
2026-08-21 18:34:42.333,obj002,1055.730,90.100,-1547.559
2026-08-21 18:34:42.333,obj003,1261.807,90.100,-2023.290
2026-08-21 18:34:42.333,obj004,649.081,90.100,-1621.950
2026-08-21 18:34:42.350,obj001,1009.484,90.100,-1882.976
2026-08-21 18:34:42.350,obj002,1053.152,90.100,-1549.911
2026-08-21 18:34:42.350,obj003,1259.952,90.100,-2020.854
2026-08-21 18:34:42.350,obj004,652.349,90.098,-1624.092
2026-08-21 18:34:42.366,obj001,1009.484,90.100,-1882.976
2026-08-21 18:34:42.366,obj002,1053.152,90.100,-1549.911
2026-08-21 18:34:42.366,obj003,1259.952,90.100,-2020.854
2026-08-21 18:34:42.366,obj004,652.349,90.098,-1624.092
2026-08-21 18:34:42.400,obj001,1009.863,90.100,-1879.668
2026-08-21 18:34:42.400,obj002,1050.650,90.100,-1552.344
2026-08-21 18:34:42.400,obj003,1258.119,90.100,-2018.403
2026-08-21 18:34:42.400,obj004,655.619,90.100,-1626.229
2026-08-21 18:34:42.416,obj001,1010.142,90.100,-1876.351
2026-08-21 18:34:42.416,obj002,1048.226,90.100,-1554.854
2026-08-21 18:34:42.416,obj003,1256.308,90.100,-2015.935
2026-08-21 18:34:42.416,obj004,658.894,90.098,-1628.361
2026-08-21 18:34:42.433,obj001,1010.142,90.100,-1876.351
2026-08-21 18:34:42.433,obj002,1048.226,90.100,-1554.854
2026-08-21 18:34:42.433,obj003,1256.308,90.100,-2015.935
2026-08-21 18:34:42.433,obj004,658.894,90.098,-1628.361
2026-08-21 18:34:42.466,obj001,1010.321,90.100,-1873.026
2026-08-21 18:34:42.466,obj002,1045.883,90.100,-1557.440
2026-08-21 18:34:42.466,obj003,1254.518,90.100,-2013.451
2026-08-21 18:34:42.466,obj004,662.170,90.099,-1630.488
2026-08-21 18:34:42.483,obj001,1010.398,90.100,-1869.698
2026-08-21 18:34:42.483,obj002,1043.622,90.100,-1560.098
2026-08-21 18:34:42.483,obj003,1252.749,90.100,-2010.953
2026-08-21 18:34:42.483,obj004,665.450,90.100,-1632.611
2026-08-21 18:34:42.500,obj001,1010.398,90.100,-1869.698
2026-08-21 18:34:42.500,obj002,1043.622,90.100,-1560.098
2026-08-21 18:34:42.500,obj003,1252.749,90.100,-2010.953
2026-08-21 18:34:42.500,obj004,665.450,90.100,-1632.611
2026-08-21 18:34:42.533,obj001,1010.375,90.100,-1866.369
2026-08-21 18:34:42.533,obj002,1041.448,90.100,-1562.828
2026-08-21 18:34:42.533,obj003,1250.999,90.100,-2008.441
2026-08-21 18:34:42.533,obj004,668.733,90.100,-1634.728
2026-08-21 18:34:42.550,obj001,1010.251,90.100,-1863.042
2026-08-21 18:34:42.550,obj002,1039.362,90.100,-1565.625
2026-08-21 18:34:42.550,obj003,1249.269,90.100,-2005.915
2026-08-21 18:34:42.550,obj004,672.020,90.100,-1636.839
2026-08-21 18:34:42.566,obj001,1010.151,90.100,-1861.381
2026-08-21 18:34:42.566,obj002,1038.352,90.100,-1567.048
2026-08-21 18:34:42.566,obj003,1248.411,90.100,-2004.648
2026-08-21 18:34:42.566,obj004,673.665,90.100,-1637.893
2026-08-21 18:34:42.583,obj001,1010.026,90.100,-1859.721
2026-08-21 18:34:42.583,obj002,1037.365,90.100,-1568.486
2026-08-21 18:34:42.583,obj003,1247.557,90.100,-2003.378
2026-08-21 18:34:42.583,obj004,675.309,90.105,-1638.944
2026-08-21 18:34:42.600,obj001,1010.026,90.100,-1859.721
2026-08-21 18:34:42.600,obj002,1037.365,90.100,-1568.486
2026-08-21 18:34:42.600,obj003,1247.557,90.100,-2003.378
2026-08-21 18:34:42.600,obj004,675.309,90.105,-1638.944
2026-08-21 18:34:42.633,obj001,1009.700,90.100,-1856.407
2026-08-21 18:34:42.633,obj002,1035.460,90.100,-1571.410
2026-08-21 18:34:42.633,obj003,1245.862,90.100,-2000.829
2026-08-21 18:34:42.633,obj004,678.604,90.101,-1641.045
2026-08-21 18:34:42.650,obj001,1009.274,90.100,-1853.106
2026-08-21 18:34:42.650,obj002,1033.649,90.100,-1574.392
2026-08-21 18:34:42.650,obj003,1244.183,90.100,-1998.269
2026-08-21 18:34:42.650,obj004,681.902,90.100,-1643.139
2026-08-21 18:34:42.666,obj001,1009.274,90.100,-1853.106
2026-08-21 18:34:42.666,obj002,1033.649,90.100,-1574.392
2026-08-21 18:34:42.666,obj003,1244.183,90.100,-1998.269
2026-08-21 18:34:42.666,obj004,681.902,90.100,-1643.139
2026-08-21 18:34:42.700,obj001,1008.748,90.100,-1849.818
2026-08-21 18:34:42.700,obj002,1031.934,90.100,-1577.431
2026-08-21 18:34:42.700,obj003,1242.519,90.100,-1995.700
2026-08-21 18:34:42.700,obj004,685.204,90.100,-1645.227
2026-08-21 18:34:42.716,obj001,1008.123,90.100,-1846.548
2026-08-21 18:34:42.716,obj002,1030.315,90.100,-1580.522
2026-08-21 18:34:42.716,obj003,1240.869,90.100,-1993.121
2026-08-21 18:34:42.716,obj004,688.510,90.100,-1647.308
2026-08-21 18:34:42.733,obj001,1008.123,90.100,-1846.548
2026-08-21 18:34:42.733,obj002,1030.315,90.100,-1580.522
2026-08-21 18:34:42.733,obj003,1240.869,90.100,-1993.121
2026-08-21 18:34:42.733,obj004,688.510,90.100,-1647.308
2026-08-21 18:34:42.766,obj001,1007.398,90.100,-1843.299
2026-08-21 18:34:42.766,obj002,1028.796,90.100,-1583.663
2026-08-21 18:34:42.766,obj003,1239.233,90.100,-1990.534
2026-08-21 18:34:42.766,obj004,691.820,90.100,-1649.383
2026-08-21 18:34:42.783,obj001,1006.576,90.099,-1840.073
2026-08-21 18:34:42.783,obj002,1027.377,90.100,-1586.851
2026-08-21 18:34:42.783,obj003,1237.608,90.100,-1987.939
2026-08-21 18:34:42.783,obj004,695.134,90.101,-1651.451
2026-08-21 18:34:42.800,obj001,1006.576,90.099,-1840.073
2026-08-21 18:34:42.800,obj002,1027.377,90.100,-1586.851
2026-08-21 18:34:42.800,obj003,1237.608,90.100,-1987.939
2026-08-21 18:34:42.800,obj004,695.134,90.101,-1651.451
2026-08-21 18:34:42.833,obj001,1005.656,90.100,-1836.873
2026-08-21 18:34:42.833,obj002,1026.060,90.100,-1590.082
2026-08-21 18:34:42.833,obj003,1235.995,90.100,-1985.338
2026-08-21 18:34:42.833,obj004,698.453,90.100,-1653.512
2026-08-21 18:34:42.850,obj001,1004.639,90.102,-1833.704
2026-08-21 18:34:42.850,obj002,1024.847,90.100,-1593.353
2026-08-21 18:34:42.850,obj003,1234.391,90.100,-1982.730
2026-08-21 18:34:42.850,obj004,701.777,90.100,-1655.566
2026-08-21 18:34:42.866,obj001,1004.095,90.101,-1832.131
2026-08-21 18:34:42.866,obj002,1024.279,90.100,-1595.003
2026-08-21 18:34:42.866,obj003,1233.593,90.100,-1981.424
2026-08-21 18:34:42.866,obj004,703.440,90.100,-1656.590
2026-08-21 18:34:42.883,obj001,1003.527,90.100,-1830.566
2026-08-21 18:34:42.883,obj002,1023.737,90.100,-1596.662
2026-08-21 18:34:42.883,obj003,1232.796,90.100,-1980.117
2026-08-21 18:34:42.883,obj004,705.104,90.100,-1657.612
2026-08-21 18:34:42.900,obj001,1003.527,90.100,-1830.566
2026-08-21 18:34:42.900,obj002,1023.737,90.100,-1596.662
2026-08-21 18:34:42.900,obj003,1232.796,90.100,-1980.117
2026-08-21 18:34:42.900,obj004,705.104,90.100,-1657.612
2026-08-21 18:34:42.933,obj001,1002.320,90.100,-1827.463
2026-08-21 18:34:42.933,obj002,1022.733,90.100,-1600.003
2026-08-21 18:34:42.933,obj003,1231.209,90.100,-1977.500
2026-08-21 18:34:42.933,obj004,708.436,90.100,-1659.652
2026-08-21 18:34:42.950,obj001,1001.020,90.100,-1824.398
2026-08-21 18:34:42.950,obj002,1021.835,90.096,-1603.376
2026-08-21 18:34:42.950,obj003,1229.628,90.100,-1974.878
2026-08-21 18:34:42.950,obj004,711.756,90.093,-1661.715
2026-08-21 18:34:42.966,obj001,1000.335,90.100,-1822.881
2026-08-21 18:34:42.966,obj002,1021.427,90.098,-1605.072
2026-08-21 18:34:42.966,obj003,1228.840,90.100,-1973.567
2026-08-21 18:34:42.966,obj004,713.386,90.097,-1662.790
2026-08-21 18:34:42.983,obj001,999.626,90.094,-1821.373
2026-08-21 18:34:42.983,obj002,1021.046,90.099,-1606.774
2026-08-21 18:34:42.983,obj003,1228.052,90.100,-1972.254
2026-08-21 18:34:42.983,obj004,714.997,90.098,-1663.894
2026-08-21 18:34:43.000,obj001,999.626,90.094,-1821.373
2026-08-21 18:34:43.000,obj002,1021.046,90.099,-1606.774
2026-08-21 18:34:43.000,obj003,1228.052,90.100,-1972.254
2026-08-21 18:34:43.000,obj004,714.997,90.098,-1663.894
2026-08-21 18:34:43.033,obj001,998.143,90.099,-1818.394
2026-08-21 18:34:43.033,obj002,1020.364,90.100,-1610.196
2026-08-21 18:34:43.033,obj003,1226.481,90.100,-1969.627
2026-08-21 18:34:43.033,obj004,718.160,90.100,-1666.186
2026-08-21 18:34:43.050,obj001,996.575,90.099,-1815.457
2026-08-21 18:34:43.050,obj002,1019.791,90.100,-1613.638
2026-08-21 18:34:43.050,obj003,1224.912,90.100,-1966.998
2026-08-21 18:34:43.050,obj004,721.241,90.097,-1668.590
2026-08-21 18:34:43.066,obj001,996.575,90.099,-1815.457
2026-08-21 18:34:43.066,obj002,1019.791,90.100,-1613.638
2026-08-21 18:34:43.066,obj003,1224.912,90.100,-1966.998
2026-08-21 18:34:43.066,obj004,721.241,90.097,-1668.590
2026-08-21 18:34:43.100,obj001,994.962,90.100,-1812.545
2026-08-21 18:34:43.100,obj002,1019.328,90.100,-1617.097
2026-08-21 18:34:43.100,obj003,1223.346,90.100,-1964.368
2026-08-21 18:34:43.100,obj004,724.233,90.099,-1671.100
2026-08-21 18:34:43.116,obj001,993.310,90.100,-1809.654
2026-08-21 18:34:43.116,obj002,1018.974,90.099,-1620.568
2026-08-21 18:34:43.116,obj003,1221.780,90.100,-1961.738
2026-08-21 18:34:43.116,obj004,727.136,90.098,-1673.716
2026-08-21 18:34:43.133,obj001,993.310,90.100,-1809.654
2026-08-21 18:34:43.133,obj002,1018.974,90.099,-1620.568
2026-08-21 18:34:43.133,obj003,1221.780,90.100,-1961.738
2026-08-21 18:34:43.133,obj004,727.136,90.098,-1673.716
2026-08-21 18:34:43.150,obj001,991.620,90.100,-1806.786
2026-08-21 18:34:43.150,obj002,1018.731,90.100,-1624.049
2026-08-21 18:34:43.150,obj003,1220.215,90.100,-1959.106
2026-08-21 18:34:43.150,obj004,729.943,90.100,-1676.432
2026-08-21 18:34:43.166,obj001,991.620,90.100,-1806.786
2026-08-21 18:34:43.166,obj002,1018.731,90.100,-1624.049
2026-08-21 18:34:43.166,obj003,1220.215,90.100,-1959.106
2026-08-21 18:34:43.166,obj004,729.943,90.100,-1676.432
2026-08-21 18:34:43.200,obj001,989.889,90.100,-1803.942
2026-08-21 18:34:43.200,obj002,1018.599,90.099,-1627.536
2026-08-21 18:34:43.200,obj003,1218.651,90.100,-1956.475
2026-08-21 18:34:43.200,obj004,732.652,90.102,-1679.245
2026-08-21 18:34:43.216,obj001,988.118,90.100,-1801.123
2026-08-21 18:34:43.216,obj002,1018.577,90.100,-1631.025
2026-08-21 18:34:43.216,obj003,1217.086,90.100,-1953.844
2026-08-21 18:34:43.216,obj004,735.260,90.100,-1682.154
2026-08-21 18:34:43.233,obj001,987.217,90.100,-1799.723
2026-08-21 18:34:43.233,obj002,1018.608,90.100,-1632.769
2026-08-21 18:34:43.233,obj003,1216.304,90.100,-1952.528
2026-08-21 18:34:43.233,obj004,736.525,90.100,-1683.642
2026-08-21 18:34:43.250,obj001,986.306,90.100,-1798.330
2026-08-21 18:34:43.250,obj002,1018.666,90.100,-1634.513
2026-08-21 18:34:43.250,obj003,1215.521,90.100,-1951.213
2026-08-21 18:34:43.250,obj004,737.773,90.100,-1685.146
2026-08-21 18:34:43.266,obj001,985.383,90.100,-1796.944
2026-08-21 18:34:43.266,obj002,1018.752,90.100,-1636.255
2026-08-21 18:34:43.266,obj003,1214.738,90.100,-1949.898
2026-08-21 18:34:43.266,obj004,739.021,90.100,-1686.648
2026-08-21 18:34:43.283,obj001,984.450,90.100,-1795.566
2026-08-21 18:34:43.283,obj002,1018.866,90.100,-1637.996
2026-08-21 18:34:43.283,obj003,1213.954,90.100,-1948.583
2026-08-21 18:34:43.283,obj004,740.270,90.100,-1688.150
2026-08-21 18:34:43.300,obj001,984.450,90.100,-1795.566
2026-08-21 18:34:43.300,obj002,1018.866,90.100,-1637.996
2026-08-21 18:34:43.300,obj003,1213.954,90.100,-1948.583
2026-08-21 18:34:43.300,obj004,740.270,90.100,-1688.150
2026-08-21 18:34:43.333,obj001,982.550,90.100,-1792.832
2026-08-21 18:34:43.333,obj002,1019.176,90.100,-1641.472
2026-08-21 18:34:43.333,obj003,1212.386,90.100,-1945.954
2026-08-21 18:34:43.333,obj004,742.772,90.100,-1691.150
2026-08-21 18:34:43.350,obj001,980.603,90.100,-1790.131
2026-08-21 18:34:43.350,obj002,1019.597,90.100,-1644.935
2026-08-21 18:34:43.350,obj003,1210.815,90.100,-1943.327
2026-08-21 18:34:43.350,obj004,745.278,90.100,-1694.147
2026-08-21 18:34:43.366,obj001,980.603,90.100,-1790.131
2026-08-21 18:34:43.366,obj002,1019.597,90.100,-1644.935
2026-08-21 18:34:43.366,obj003,1210.815,90.100,-1943.327
2026-08-21 18:34:43.366,obj004,745.278,90.100,-1694.147
2026-08-21 18:34:43.400,obj001,978.608,90.100,-1787.466
2026-08-21 18:34:43.400,obj002,1020.126,90.100,-1648.384
2026-08-21 18:34:43.400,obj003,1209.241,90.100,-1940.701
2026-08-21 18:34:43.400,obj004,747.787,90.100,-1697.141
2026-08-21 18:34:43.416,obj001,976.562,90.100,-1784.839
2026-08-21 18:34:43.416,obj002,1020.765,90.100,-1651.814
2026-08-21 18:34:43.416,obj003,1207.664,90.100,-1938.077
2026-08-21 18:34:43.416,obj004,750.299,90.100,-1700.133
2026-08-21 18:34:43.433,obj001,975.519,90.100,-1783.542
2026-08-21 18:34:43.433,obj002,1021.126,90.100,-1653.521
2026-08-21 18:34:43.433,obj003,1206.874,90.100,-1936.766
2026-08-21 18:34:43.433,obj004,751.556,90.100,-1701.629
2026-08-21 18:34:43.450,obj001,974.462,90.100,-1782.256
2026-08-21 18:34:43.450,obj002,1021.513,90.100,-1655.223
2026-08-21 18:34:43.450,obj003,1206.083,90.100,-1935.456
2026-08-21 18:34:43.450,obj004,752.813,90.100,-1703.124
2026-08-21 18:34:43.466,obj001,973.389,90.100,-1780.983
2026-08-21 18:34:43.466,obj002,1021.927,90.100,-1656.917
2026-08-21 18:34:43.466,obj003,1205.291,90.100,-1934.146
2026-08-21 18:34:43.466,obj004,754.070,90.100,-1704.618
2026-08-21 18:34:43.483,obj001,972.301,90.100,-1779.724
2026-08-21 18:34:43.483,obj002,1022.368,90.100,-1658.605
2026-08-21 18:34:43.483,obj003,1204.498,90.100,-1932.837
2026-08-21 18:34:43.483,obj004,755.328,90.100,-1706.113
2026-08-21 18:34:43.500,obj001,972.301,90.100,-1779.724
2026-08-21 18:34:43.500,obj002,1022.368,90.100,-1658.605
2026-08-21 18:34:43.500,obj003,1204.498,90.100,-1932.837
2026-08-21 18:34:43.500,obj004,755.328,90.100,-1706.113
2026-08-21 18:34:43.533,obj001,970.074,90.100,-1777.249
2026-08-21 18:34:43.533,obj002,1023.331,90.100,-1661.959
2026-08-21 18:34:43.533,obj003,1202.907,90.100,-1930.222
2026-08-21 18:34:43.533,obj004,757.843,90.100,-1709.102
2026-08-21 18:34:43.550,obj001,967.773,90.100,-1774.842
2026-08-21 18:34:43.550,obj002,1024.399,90.100,-1665.281
2026-08-21 18:34:43.550,obj003,1201.309,90.100,-1927.610
2026-08-21 18:34:43.550,obj004,760.356,90.100,-1712.093
2026-08-21 18:34:43.566,obj001,967.773,90.100,-1774.842
2026-08-21 18:34:43.566,obj002,1024.399,90.100,-1665.281
2026-08-21 18:34:43.566,obj003,1201.309,90.100,-1927.610
2026-08-21 18:34:43.566,obj004,760.356,90.100,-1712.093
2026-08-21 18:34:43.600,obj001,965.401,90.100,-1772.507
2026-08-21 18:34:43.600,obj002,1025.572,90.100,-1668.567
2026-08-21 18:34:43.600,obj003,1199.705,90.100,-1925.003
2026-08-21 18:34:43.600,obj004,762.867,90.100,-1715.086
2026-08-21 18:34:43.616,obj001,962.959,90.100,-1770.244
2026-08-21 18:34:43.616,obj002,1026.849,90.100,-1671.814
2026-08-21 18:34:43.616,obj003,1198.093,90.100,-1922.401
2026-08-21 18:34:43.616,obj004,765.372,90.100,-1718.084
2026-08-21 18:34:43.633,obj001,962.959,90.100,-1770.244
2026-08-21 18:34:43.633,obj002,1026.849,90.100,-1671.814
2026-08-21 18:34:43.633,obj003,1198.093,90.100,-1922.401
2026-08-21 18:34:43.633,obj004,765.372,90.100,-1718.084
2026-08-21 18:34:43.666,obj001,960.449,90.100,-1768.057
2026-08-21 18:34:43.666,obj002,1028.228,90.100,-1675.019
2026-08-21 18:34:43.666,obj003,1196.471,90.100,-1919.804
2026-08-21 18:34:43.666,obj004,767.871,90.100,-1721.087
2026-08-21 18:34:43.683,obj001,957.875,90.100,-1765.946
2026-08-21 18:34:43.683,obj002,1029.706,90.104,-1678.178
2026-08-21 18:34:43.683,obj003,1194.841,90.100,-1917.213
2026-08-21 18:34:43.683,obj004,770.360,90.100,-1724.098
2026-08-21 18:34:43.700,obj001,957.875,90.100,-1765.946
2026-08-21 18:34:43.700,obj002,1029.706,90.104,-1678.178
2026-08-21 18:34:43.700,obj003,1194.841,90.100,-1917.213
2026-08-21 18:34:43.700,obj004,770.360,90.100,-1724.098
2026-08-21 18:34:43.733,obj001,955.268,90.100,-1763.875
2026-08-21 18:34:43.733,obj002,1031.866,90.101,-1680.898
2026-08-21 18:34:43.733,obj003,1193.199,90.100,-1914.629
2026-08-21 18:34:43.733,obj004,772.836,90.100,-1727.120
2026-08-21 18:34:43.750,obj001,953.047,90.100,-1766.355
2026-08-21 18:34:43.750,obj002,1034.194,90.100,-1678.299
2026-08-21 18:34:43.750,obj003,1191.547,90.100,-1912.052
2026-08-21 18:34:43.750,obj004,775.298,90.100,-1730.153
2026-08-21 18:34:43.766,obj001,953.047,90.100,-1766.355
2026-08-21 18:34:43.766,obj002,1034.194,90.100,-1678.299
2026-08-21 18:34:43.766,obj003,1191.547,90.100,-1912.052
2026-08-21 18:34:43.766,obj004,775.298,90.100,-1730.153
2026-08-21 18:34:43.800,obj001,950.734,90.100,-1768.749
2026-08-21 18:34:43.800,obj002,1036.621,90.100,-1675.792
2026-08-21 18:34:43.800,obj003,1189.867,90.100,-1909.493
2026-08-21 18:34:43.800,obj004,777.703,90.100,-1733.232
2026-08-21 18:34:43.816,obj001,948.350,90.100,-1771.072
2026-08-21 18:34:43.816,obj002,1039.127,90.100,-1673.364
2026-08-21 18:34:43.816,obj003,1188.155,90.100,-1906.956
2026-08-21 18:34:43.816,obj004,780.030,90.100,-1736.369
2026-08-21 18:34:43.833,obj001,948.350,90.100,-1771.072
2026-08-21 18:34:43.833,obj002,1039.127,90.100,-1673.364
2026-08-21 18:34:43.833,obj003,1188.155,90.100,-1906.956
2026-08-21 18:34:43.833,obj004,780.030,90.100,-1736.369
2026-08-21 18:34:43.866,obj001,945.895,90.100,-1773.321
2026-08-21 18:34:43.866,obj002,1041.708,90.100,-1671.016
2026-08-21 18:34:43.866,obj003,1186.409,90.100,-1904.441
2026-08-21 18:34:43.866,obj004,782.275,90.100,-1739.567
2026-08-21 18:34:43.883,obj001,943.374,90.100,-1775.496
2026-08-21 18:34:43.883,obj002,1044.362,90.100,-1668.752
2026-08-21 18:34:43.883,obj003,1184.629,90.100,-1901.950
2026-08-21 18:34:43.883,obj004,784.431,90.100,-1742.824
2026-08-21 18:34:43.900,obj001,943.374,90.100,-1775.496
2026-08-21 18:34:43.900,obj002,1044.362,90.100,-1668.752
2026-08-21 18:34:43.900,obj003,1184.629,90.100,-1901.950
2026-08-21 18:34:43.900,obj004,784.431,90.100,-1742.824
2026-08-21 18:34:43.933,obj001,940.789,90.101,-1777.592
2026-08-21 18:34:43.933,obj002,1047.087,90.100,-1666.572
2026-08-21 18:34:43.933,obj003,1182.816,90.100,-1899.484
2026-08-21 18:34:43.933,obj004,786.491,90.100,-1746.144
2026-08-21 18:34:43.950,obj001,938.140,90.100,-1779.610
2026-08-21 18:34:43.950,obj002,1049.880,90.100,-1664.480
2026-08-21 18:34:43.950,obj003,1180.969,90.100,-1897.042
2026-08-21 18:34:43.950,obj004,788.447,90.100,-1749.525
2026-08-21 18:34:43.966,obj001,936.794,90.100,-1780.588
2026-08-21 18:34:43.966,obj002,1051.301,90.100,-1663.468
2026-08-21 18:34:43.966,obj003,1180.033,90.100,-1895.831
2026-08-21 18:34:43.966,obj004,789.383,90.100,-1751.240
2026-08-21 18:34:43.983,obj001,935.432,90.100,-1781.546
2026-08-21 18:34:43.983,obj002,1052.738,90.100,-1662.478
2026-08-21 18:34:43.983,obj003,1179.089,90.100,-1894.627
2026-08-21 18:34:43.983,obj004,790.289,90.100,-1752.970
2026-08-21 18:34:44.000,obj001,935.432,90.100,-1781.546
2026-08-21 18:34:44.000,obj002,1052.738,90.100,-1662.478
2026-08-21 18:34:44.000,obj003,1179.089,90.100,-1894.627
2026-08-21 18:34:44.000,obj004,790.289,90.100,-1752.970
2026-08-21 18:34:44.033,obj001,932.666,90.100,-1783.399
2026-08-21 18:34:44.033,obj002,1055.657,90.100,-1660.568
2026-08-21 18:34:44.033,obj003,1177.176,90.100,-1892.237
2026-08-21 18:34:44.033,obj004,792.009,90.100,-1756.478
2026-08-21 18:34:44.050,obj001,929.846,90.100,-1785.167
2026-08-21 18:34:44.050,obj002,1058.636,90.100,-1658.751
2026-08-21 18:34:44.050,obj003,1175.229,90.100,-1889.875
2026-08-21 18:34:44.050,obj004,793.603,90.100,-1760.044
2026-08-21 18:34:44.066,obj001,929.846,90.100,-1785.167
2026-08-21 18:34:44.066,obj002,1058.636,90.100,-1658.751
2026-08-21 18:34:44.066,obj003,1175.229,90.100,-1889.875
2026-08-21 18:34:44.066,obj004,793.603,90.100,-1760.044
2026-08-21 18:34:44.100,obj001,926.973,90.100,-1786.850
2026-08-21 18:34:44.100,obj002,1061.671,90.100,-1657.030
2026-08-21 18:34:44.100,obj003,1173.249,90.100,-1887.540
2026-08-21 18:34:44.100,obj004,795.070,90.100,-1763.665
2026-08-21 18:34:44.116,obj001,924.050,90.100,-1788.444
2026-08-21 18:34:44.116,obj002,1064.759,90.100,-1655.405
2026-08-21 18:34:44.116,obj003,1171.238,90.100,-1885.233
2026-08-21 18:34:44.116,obj004,796.408,90.100,-1767.335
2026-08-21 18:34:44.133,obj001,924.050,90.100,-1788.444
2026-08-21 18:34:44.133,obj002,1064.759,90.100,-1655.405
2026-08-21 18:34:44.133,obj003,1171.238,90.100,-1885.233
2026-08-21 18:34:44.133,obj004,796.408,90.100,-1767.335
2026-08-21 18:34:44.166,obj001,921.080,90.100,-1789.949
2026-08-21 18:34:44.166,obj002,1067.897,90.100,-1653.880
2026-08-21 18:34:44.166,obj003,1169.194,90.100,-1882.953
2026-08-21 18:34:44.166,obj004,797.615,90.100,-1771.051
2026-08-21 18:34:44.183,obj001,918.067,90.100,-1791.363
2026-08-21 18:34:44.183,obj002,1071.082,90.100,-1652.455
2026-08-21 18:34:44.183,obj003,1167.120,90.100,-1880.702
2026-08-21 18:34:44.183,obj004,798.690,90.100,-1774.806
2026-08-21 18:34:44.200,obj001,916.544,90.100,-1792.035
2026-08-21 18:34:44.200,obj002,1072.691,90.100,-1651.780
2026-08-21 18:34:44.200,obj003,1166.071,90.100,-1879.587
2026-08-21 18:34:44.200,obj004,799.177,90.100,-1776.698
2026-08-21 18:34:44.216,obj001,915.011,90.100,-1792.685
2026-08-21 18:34:44.216,obj002,1074.311,90.100,-1651.131
2026-08-21 18:34:44.216,obj003,1165.015,90.100,-1878.479
2026-08-21 18:34:44.216,obj004,799.631,90.100,-1778.598
2026-08-21 18:34:44.233,obj001,915.011,90.100,-1792.685
2026-08-21 18:34:44.233,obj002,1074.311,90.100,-1651.131
2026-08-21 18:34:44.233,obj003,1165.015,90.100,-1878.479
2026-08-21 18:34:44.233,obj004,799.631,90.100,-1778.598
2026-08-21 18:34:44.266,obj001,911.917,90.100,-1793.914
2026-08-21 18:34:44.266,obj002,1077.579,90.100,-1649.911
2026-08-21 18:34:44.266,obj003,1162.881,90.099,-1876.284
2026-08-21 18:34:44.266,obj004,800.437,90.100,-1782.420
2026-08-21 18:34:44.283,obj001,912.846,90.100,-1795.582
2026-08-21 18:34:44.283,obj002,1080.885,90.100,-1648.795
2026-08-21 18:34:44.283,obj003,1160.718,90.100,-1874.118
2026-08-21 18:34:44.283,obj004,798.836,90.100,-1784.143
2026-08-21 18:34:44.300,obj001,914.503,90.100,-1795.748
2026-08-21 18:34:44.300,obj002,1082.551,90.100,-1648.277
2026-08-21 18:34:44.300,obj003,1159.626,90.100,-1873.046
2026-08-21 18:34:44.300,obj004,796.893,90.100,-1783.948
2026-08-21 18:34:44.316,obj001,916.161,90.100,-1795.889
2026-08-21 18:34:44.316,obj002,1084.225,90.100,-1647.785
2026-08-21 18:34:44.316,obj003,1158.539,90.100,-1871.968
2026-08-21 18:34:44.316,obj004,794.946,90.100,-1783.788
2026-08-21 18:34:44.333,obj001,916.161,90.100,-1795.889
2026-08-21 18:34:44.333,obj002,1084.225,90.100,-1647.785
2026-08-21 18:34:44.333,obj003,1158.539,90.100,-1871.968
2026-08-21 18:34:44.333,obj004,794.946,90.100,-1783.788
2026-08-21 18:34:44.366,obj001,919.484,90.100,-1796.095
2026-08-21 18:34:44.366,obj002,1087.595,90.100,-1646.881
2026-08-21 18:34:44.366,obj003,1156.380,90.100,-1869.798
2026-08-21 18:34:44.366,obj004,791.045,90.100,-1783.571
2026-08-21 18:34:44.383,obj001,922.812,90.100,-1796.201
2026-08-21 18:34:44.383,obj002,1090.992,90.100,-1646.085
2026-08-21 18:34:44.383,obj003,1154.242,90.100,-1867.607
2026-08-21 18:34:44.383,obj004,787.140,90.100,-1783.492
2026-08-21 18:34:44.400,obj001,922.812,90.100,-1796.201
2026-08-21 18:34:44.400,obj002,1090.992,90.100,-1646.085
2026-08-21 18:34:44.400,obj003,1154.242,90.100,-1867.607
2026-08-21 18:34:44.400,obj004,787.140,90.100,-1783.492
2026-08-21 18:34:44.433,obj001,926.141,90.100,-1796.205
2026-08-21 18:34:44.433,obj002,1094.413,90.099,-1645.396
2026-08-21 18:34:44.433,obj003,1152.128,90.100,-1865.393
2026-08-21 18:34:44.433,obj004,783.234,90.100,-1783.551
2026-08-21 18:34:44.450,obj001,929.469,90.100,-1796.109
2026-08-21 18:34:44.450,obj002,1097.854,90.100,-1644.817
2026-08-21 18:34:44.450,obj003,1150.039,90.100,-1863.155
2026-08-21 18:34:44.450,obj004,779.332,90.100,-1783.749
2026-08-21 18:34:44.466,obj001,929.469,90.100,-1796.109
2026-08-21 18:34:44.466,obj002,1097.854,90.100,-1644.817
2026-08-21 18:34:44.466,obj003,1150.039,90.100,-1863.155
2026-08-21 18:34:44.466,obj004,779.332,90.100,-1783.749
2026-08-21 18:34:44.483,obj001,932.792,90.100,-1795.912
2026-08-21 18:34:44.483,obj002,1101.311,90.100,-1644.347
2026-08-21 18:34:44.483,obj003,1147.979,90.100,-1860.891
2026-08-21 18:34:44.483,obj004,775.440,90.100,-1784.085
2026-08-21 18:34:44.500,obj001,934.451,90.100,-1795.775
2026-08-21 18:34:44.500,obj002,1103.045,90.100,-1644.153
2026-08-21 18:34:44.500,obj003,1146.960,90.100,-1859.749
2026-08-21 18:34:44.500,obj004,773.499,90.100,-1784.305
2026-08-21 18:34:44.516,obj001,936.108,90.100,-1795.614
2026-08-21 18:34:44.516,obj002,1104.782,90.100,-1643.986
2026-08-21 18:34:44.516,obj003,1145.949,90.100,-1858.599
2026-08-21 18:34:44.516,obj004,771.562,90.100,-1784.559
2026-08-21 18:34:44.533,obj001,936.108,90.100,-1795.614
2026-08-21 18:34:44.533,obj002,1104.782,90.100,-1643.986
2026-08-21 18:34:44.533,obj003,1145.949,90.100,-1858.599
2026-08-21 18:34:44.533,obj004,771.562,90.100,-1784.559
2026-08-21 18:34:44.566,obj001,939.413,90.100,-1795.216
2026-08-21 18:34:44.566,obj002,1108.262,90.100,-1643.737
2026-08-21 18:34:44.566,obj003,1143.952,90.100,-1856.279
2026-08-21 18:34:44.566,obj004,767.704,90.100,-1785.170
2026-08-21 18:34:44.583,obj001,942.704,90.100,-1794.717
2026-08-21 18:34:44.583,obj002,1111.748,90.100,-1643.597
2026-08-21 18:34:44.583,obj003,1141.991,90.100,-1853.929
2026-08-21 18:34:44.583,obj004,763.870,90.100,-1785.917
2026-08-21 18:34:44.600,obj001,942.704,90.100,-1794.717
2026-08-21 18:34:44.600,obj002,1111.748,90.100,-1643.597
2026-08-21 18:34:44.600,obj003,1141.991,90.100,-1853.929
2026-08-21 18:34:44.600,obj004,763.870,90.100,-1785.917
2026-08-21 18:34:44.633,obj001,945.979,90.100,-1794.119
2026-08-21 18:34:44.633,obj002,1115.237,90.100,-1643.569
2026-08-21 18:34:44.633,obj003,1140.069,90.100,-1851.546
2026-08-21 18:34:44.633,obj004,760.064,90.100,-1786.799
2026-08-21 18:34:44.650,obj001,949.235,90.100,-1793.422
2026-08-21 18:34:44.650,obj002,1118.726,90.100,-1643.651
2026-08-21 18:34:44.650,obj003,1138.189,90.100,-1849.130
2026-08-21 18:34:44.650,obj004,756.292,90.100,-1787.816
2026-08-21 18:34:44.666,obj001,950.854,90.100,-1793.037
2026-08-21 18:34:44.666,obj002,1120.468,90.100,-1643.733
2026-08-21 18:34:44.666,obj003,1137.266,90.100,-1847.909
2026-08-21 18:34:44.666,obj004,754.420,90.100,-1788.374
2026-08-21 18:34:44.683,obj001,952.468,90.100,-1792.627
2026-08-21 18:34:44.683,obj002,1122.209,90.100,-1643.844
2026-08-21 18:34:44.683,obj003,1136.355,90.100,-1846.680
2026-08-21 18:34:44.683,obj004,752.559,90.100,-1788.966
2026-08-21 18:34:44.700,obj001,952.468,90.100,-1792.627
2026-08-21 18:34:44.700,obj002,1122.209,90.100,-1643.844
2026-08-21 18:34:44.700,obj003,1136.355,90.100,-1846.680
2026-08-21 18:34:44.700,obj004,752.559,90.100,-1788.966
2026-08-21 18:34:44.733,obj001,955.675,90.100,-1791.734
2026-08-21 18:34:44.733,obj002,1125.686,90.100,-1644.147
2026-08-21 18:34:44.733,obj003,1134.570,90.100,-1844.193
2026-08-21 18:34:44.733,obj004,748.868,90.100,-1790.247
2026-08-21 18:34:44.750,obj001,958.853,90.100,-1790.744
2026-08-21 18:34:44.750,obj002,1129.150,90.100,-1644.560
2026-08-21 18:34:44.750,obj003,1132.838,90.100,-1841.668
2026-08-21 18:34:44.750,obj004,745.225,90.100,-1791.658
2026-08-21 18:34:44.766,obj001,958.853,90.100,-1790.744
2026-08-21 18:34:44.766,obj002,1129.150,90.100,-1644.560
2026-08-21 18:34:44.766,obj003,1132.838,90.100,-1841.668
2026-08-21 18:34:44.766,obj004,745.225,90.100,-1791.658
2026-08-21 18:34:44.800,obj001,962.000,90.100,-1789.658
2026-08-21 18:34:44.800,obj002,1132.599,90.101,-1645.083
2026-08-21 18:34:44.800,obj003,1131.165,90.100,-1839.105
2026-08-21 18:34:44.800,obj004,741.635,90.100,-1793.197
2026-08-21 18:34:44.816,obj001,965.113,90.100,-1788.477
2026-08-21 18:34:44.816,obj002,1136.031,90.100,-1645.715
2026-08-21 18:34:44.816,obj003,1129.554,90.100,-1836.502
2026-08-21 18:34:44.816,obj004,738.101,90.100,-1794.863
2026-08-21 18:34:44.833,obj001,965.113,90.100,-1788.477
2026-08-21 18:34:44.833,obj002,1136.031,90.100,-1645.715
2026-08-21 18:34:44.833,obj003,1129.554,90.100,-1836.502
2026-08-21 18:34:44.833,obj004,738.101,90.100,-1794.863
2026-08-21 18:34:44.866,obj001,968.188,90.100,-1787.203
2026-08-21 18:34:44.866,obj002,1139.441,90.100,-1646.456
2026-08-21 18:34:44.866,obj003,1128.011,90.100,-1833.858
2026-08-21 18:34:44.866,obj004,734.629,90.100,-1796.653
2026-08-21 18:34:44.883,obj001,971.224,90.100,-1785.836
2026-08-21 18:34:44.883,obj002,1142.825,90.100,-1647.305
2026-08-21 18:34:44.883,obj003,1126.541,90.100,-1831.173
2026-08-21 18:34:44.883,obj004,731.222,90.100,-1798.564
2026-08-21 18:34:44.900,obj001,971.224,90.100,-1785.836
2026-08-21 18:34:44.900,obj002,1142.825,90.100,-1647.305
2026-08-21 18:34:44.900,obj003,1126.541,90.100,-1831.173
2026-08-21 18:34:44.900,obj004,731.222,90.100,-1798.564
2026-08-21 18:34:44.933,obj001,974.217,90.100,-1784.377
2026-08-21 18:34:44.933,obj002,1146.181,90.100,-1648.260
2026-08-21 18:34:44.933,obj003,1125.147,90.100,-1828.447
2026-08-21 18:34:44.933,obj004,727.885,90.100,-1800.595
2026-08-21 18:34:44.950,obj001,977.163,90.100,-1782.828
2026-08-21 18:34:44.950,obj002,1149.505,90.100,-1649.322
2026-08-21 18:34:44.950,obj003,1123.829,90.100,-1825.684
2026-08-21 18:34:44.950,obj004,724.622,90.100,-1802.743
2026-08-21 18:34:44.966,obj001,977.163,90.100,-1782.828
2026-08-21 18:34:44.966,obj002,1149.505,90.100,-1649.322
2026-08-21 18:34:44.966,obj003,1123.829,90.100,-1825.684
2026-08-21 18:34:44.966,obj004,724.622,90.100,-1802.743
2026-08-21 18:34:45.000,obj001,980.062,90.100,-1781.191
2026-08-21 18:34:45.000,obj002,1152.793,90.100,-1650.489
2026-08-21 18:34:45.000,obj003,1122.590,90.100,-1822.885
2026-08-21 18:34:45.000,obj004,721.437,90.100,-1805.006
2026-08-21 18:34:45.016,obj001,982.910,90.100,-1779.467
2026-08-21 18:34:45.016,obj002,1156.043,90.100,-1651.759
2026-08-21 18:34:45.016,obj003,1121.429,90.100,-1820.053
2026-08-21 18:34:45.016,obj004,718.335,90.100,-1807.379
2026-08-21 18:34:45.033,obj001,984.314,90.100,-1778.572
2026-08-21 18:34:45.033,obj002,1157.652,90.102,-1652.432
2026-08-21 18:34:45.033,obj003,1120.878,90.100,-1818.625
2026-08-21 18:34:45.033,obj004,716.815,90.100,-1808.607
2026-08-21 18:34:45.050,obj001,985.704,90.100,-1777.656
2026-08-21 18:34:45.050,obj002,1159.251,90.101,-1653.131
2026-08-21 18:34:45.050,obj003,1120.347,90.100,-1817.189
2026-08-21 18:34:45.050,obj004,715.318,90.100,-1809.861
2026-08-21 18:34:45.066,obj001,987.080,90.100,-1776.720
2026-08-21 18:34:45.066,obj002,1160.838,90.100,-1653.856
2026-08-21 18:34:45.066,obj003,1119.837,90.100,-1815.746
2026-08-21 18:34:45.066,obj004,713.843,90.100,-1811.142
2026-08-21 18:34:45.083,obj001,988.442,90.100,-1775.762
2026-08-21 18:34:45.083,obj002,1162.413,90.100,-1654.605
2026-08-21 18:34:45.083,obj003,1119.346,90.100,-1814.296
2026-08-21 18:34:45.083,obj004,712.391,90.100,-1812.449
2026-08-21 18:34:45.100,obj001,989.789,90.100,-1774.784
2026-08-21 18:34:45.100,obj002,1163.977,90.100,-1655.380
2026-08-21 18:34:45.100,obj003,1118.876,90.100,-1812.839
2026-08-21 18:34:45.100,obj004,710.963,90.100,-1813.781
2026-08-21 18:34:45.116,obj001,991.121,90.100,-1773.786
2026-08-21 18:34:45.116,obj002,1165.528,90.100,-1656.179
2026-08-21 18:34:45.116,obj003,1118.426,90.100,-1811.376
2026-08-21 18:34:45.116,obj004,709.558,90.100,-1815.138
2026-08-21 18:34:45.133,obj001,991.121,90.100,-1773.786
2026-08-21 18:34:45.133,obj002,1165.528,90.100,-1656.179
2026-08-21 18:34:45.133,obj003,1118.426,90.100,-1811.376
2026-08-21 18:34:45.133,obj004,709.558,90.100,-1815.138
2026-08-21 18:34:45.166,obj001,993.739,90.100,-1771.730
2026-08-21 18:34:45.166,obj002,1168.591,90.100,-1657.850
2026-08-21 18:34:45.166,obj003,1117.589,90.100,-1808.432
2026-08-21 18:34:45.166,obj004,706.822,90.100,-1817.926
2026-08-21 18:34:45.183,obj001,996.293,90.100,-1769.595
2026-08-21 18:34:45.183,obj002,1171.600,90.099,-1659.618
2026-08-21 18:34:45.183,obj003,1116.833,90.100,-1805.466
2026-08-21 18:34:45.183,obj004,704.186,90.100,-1820.810
2026-08-21 18:34:45.200,obj001,996.293,90.100,-1769.595
2026-08-21 18:34:45.200,obj002,1171.600,90.099,-1659.618
2026-08-21 18:34:45.200,obj003,1116.833,90.100,-1805.466
2026-08-21 18:34:45.200,obj004,704.186,90.100,-1820.810
2026-08-21 18:34:45.233,obj001,998.782,90.100,-1767.384
2026-08-21 18:34:45.233,obj002,1174.550,90.100,-1661.480
2026-08-21 18:34:45.233,obj003,1116.161,90.100,-1802.479
2026-08-21 18:34:45.233,obj004,701.654,90.100,-1823.785
2026-08-21 18:34:45.250,obj001,1001.304,90.100,-1765.210
2026-08-21 18:34:45.250,obj002,1177.440,90.100,-1663.436
2026-08-21 18:34:45.250,obj003,1115.573,90.100,-1799.475
2026-08-21 18:34:45.250,obj004,699.229,90.100,-1826.848
2026-08-21 18:34:45.266,obj001,1001.304,90.100,-1765.210
2026-08-21 18:34:45.266,obj002,1177.440,90.100,-1663.436
2026-08-21 18:34:45.266,obj003,1115.573,90.100,-1799.475
2026-08-21 18:34:45.266,obj004,699.229,90.100,-1826.848
2026-08-21 18:34:45.300,obj001,1003.891,90.100,-1763.115
2026-08-21 18:34:45.300,obj002,1180.267,90.100,-1665.481
2026-08-21 18:34:45.300,obj003,1115.069,90.100,-1796.456
2026-08-21 18:34:45.300,obj004,696.915,90.100,-1829.994
2026-08-21 18:34:45.316,obj001,1006.539,90.100,-1761.098
2026-08-21 18:34:45.316,obj002,1183.027,90.100,-1667.616
2026-08-21 18:34:45.316,obj003,1114.649,90.100,-1793.423
2026-08-21 18:34:45.316,obj004,694.713,90.100,-1833.221
2026-08-21 18:34:45.333,obj001,1006.539,90.100,-1761.098
2026-08-21 18:34:45.333,obj002,1183.027,90.100,-1667.616
2026-08-21 18:34:45.333,obj003,1114.649,90.100,-1793.423
2026-08-21 18:34:45.333,obj004,694.713,90.100,-1833.221
2026-08-21 18:34:45.366,obj001,1006.054,90.100,-1759.380
2026-08-21 18:34:45.366,obj002,1185.718,90.100,-1669.837
2026-08-21 18:34:45.366,obj003,1115.937,90.100,-1792.342
2026-08-21 18:34:45.366,obj004,692.626,90.100,-1836.524
2026-08-21 18:34:45.383,obj001,1002.858,90.100,-1758.448
2026-08-21 18:34:45.383,obj002,1188.337,90.100,-1672.142
2026-08-21 18:34:45.383,obj003,1118.875,90.100,-1793.201
2026-08-21 18:34:45.383,obj004,690.658,90.100,-1839.899
2026-08-21 18:34:45.400,obj001,1001.250,90.100,-1758.018
2026-08-21 18:34:45.400,obj002,1189.619,90.100,-1673.325
2026-08-21 18:34:45.400,obj003,1120.353,90.100,-1793.599
2026-08-21 18:34:45.400,obj004,689.720,90.100,-1841.611
2026-08-21 18:34:45.416,obj001,999.635,90.100,-1757.612
2026-08-21 18:34:45.416,obj002,1190.882,90.100,-1674.529
2026-08-21 18:34:45.416,obj003,1121.836,90.100,-1793.977
2026-08-21 18:34:45.416,obj004,688.811,90.100,-1843.341
2026-08-21 18:34:45.433,obj001,998.015,90.100,-1757.232
2026-08-21 18:34:45.433,obj002,1192.126,90.100,-1675.752
2026-08-21 18:34:45.433,obj003,1123.324,90.100,-1794.334
2026-08-21 18:34:45.433,obj004,687.934,90.100,-1845.086
2026-08-21 18:34:45.450,obj001,996.389,90.100,-1756.875
2026-08-21 18:34:45.450,obj002,1193.350,90.100,-1676.996
2026-08-21 18:34:45.450,obj003,1124.817,90.100,-1794.671
2026-08-21 18:34:45.450,obj004,687.087,90.100,-1846.846
2026-08-21 18:34:45.466,obj001,994.757,90.100,-1756.544
2026-08-21 18:34:45.466,obj002,1194.554,90.100,-1678.258
2026-08-21 18:34:45.466,obj003,1126.315,90.100,-1794.986
2026-08-21 18:34:45.466,obj004,686.272,90.100,-1848.621
2026-08-21 18:34:45.483,obj001,993.121,90.100,-1756.237
2026-08-21 18:34:45.483,obj002,1195.738,90.100,-1679.539
2026-08-21 18:34:45.483,obj003,1127.817,90.100,-1795.281
2026-08-21 18:34:45.483,obj004,685.488,90.100,-1850.411
2026-08-21 18:34:45.500,obj001,993.121,90.100,-1756.237
2026-08-21 18:34:45.500,obj002,1195.738,90.100,-1679.539
2026-08-21 18:34:45.500,obj003,1127.817,90.100,-1795.281
2026-08-21 18:34:45.500,obj004,685.488,90.100,-1850.411
2026-08-21 18:34:45.533,obj001,989.835,90.097,-1755.698
2026-08-21 18:34:45.533,obj002,1198.045,90.100,-1682.158
2026-08-21 18:34:45.533,obj003,1130.833,90.100,-1795.807
2026-08-21 18:34:45.533,obj004,684.017,90.100,-1854.029
2026-08-21 18:34:45.550,obj001,986.535,90.099,-1755.259
2026-08-21 18:34:45.550,obj002,1200.267,90.100,-1684.848
2026-08-21 18:34:45.550,obj003,1133.862,90.100,-1796.249
2026-08-21 18:34:45.550,obj004,682.661,90.100,-1857.617
2026-08-21 18:34:45.566,obj001,986.535,90.099,-1755.259
2026-08-21 18:34:45.566,obj002,1200.267,90.100,-1684.848
2026-08-21 18:34:45.566,obj003,1133.862,90.100,-1796.249
2026-08-21 18:34:45.566,obj004,682.661,90.100,-1857.617
2026-08-21 18:34:45.600,obj001,983.223,90.100,-1754.920
2026-08-21 18:34:45.600,obj002,1202.402,90.100,-1687.607
2026-08-21 18:34:45.600,obj003,1136.900,90.100,-1796.624
2026-08-21 18:34:45.600,obj004,681.304,90.100,-1861.205
2026-08-21 18:34:45.616,obj001,979.903,90.100,-1754.682
2026-08-21 18:34:45.616,obj002,1204.504,90.100,-1690.392
2026-08-21 18:34:45.616,obj003,1139.930,90.100,-1797.060
2026-08-21 18:34:45.616,obj004,679.948,90.100,-1864.792
2026-08-21 18:34:45.633,obj001,979.903,90.100,-1754.682
2026-08-21 18:34:45.633,obj002,1204.504,90.100,-1690.392
2026-08-21 18:34:45.633,obj003,1139.930,90.100,-1797.060
2026-08-21 18:34:45.633,obj004,679.948,90.100,-1864.792
2026-08-21 18:34:45.666,obj001,976.576,90.100,-1754.545
2026-08-21 18:34:45.666,obj002,1206.692,90.100,-1693.110
2026-08-21 18:34:45.666,obj003,1142.947,90.100,-1797.580
2026-08-21 18:34:45.666,obj004,678.591,90.100,-1868.380
2026-08-21 18:34:45.683,obj001,973.247,90.100,-1754.508
2026-08-21 18:34:45.683,obj002,1208.966,90.100,-1695.757
2026-08-21 18:34:45.683,obj003,1145.947,90.100,-1798.184
2026-08-21 18:34:45.683,obj004,677.235,90.100,-1871.968
2026-08-21 18:34:45.700,obj001,973.247,90.100,-1754.508
2026-08-21 18:34:45.700,obj002,1208.966,90.100,-1695.757
2026-08-21 18:34:45.700,obj003,1145.947,90.100,-1798.184
2026-08-21 18:34:45.700,obj004,677.235,90.100,-1871.968
2026-08-21 18:34:45.733,obj001,969.919,90.100,-1754.573
2026-08-21 18:34:45.733,obj002,1211.323,90.100,-1698.330
2026-08-21 18:34:45.733,obj003,1148.930,90.100,-1798.872
2026-08-21 18:34:45.733,obj004,675.879,90.100,-1875.555
2026-08-21 18:34:45.750,obj001,966.594,90.100,-1754.738
2026-08-21 18:34:45.750,obj002,1213.760,90.100,-1700.827
2026-08-21 18:34:45.750,obj003,1151.893,90.100,-1799.644
2026-08-21 18:34:45.750,obj004,674.522,90.100,-1879.143
2026-08-21 18:34:45.766,obj001,964.933,90.100,-1754.858
2026-08-21 18:34:45.766,obj002,1215.008,90.100,-1702.046
2026-08-21 18:34:45.766,obj003,1153.366,90.100,-1800.060
2026-08-21 18:34:45.766,obj004,673.832,90.100,-1880.970
2026-08-21 18:34:45.783,obj001,963.275,90.100,-1755.004
2026-08-21 18:34:45.783,obj002,1216.275,90.100,-1703.245
2026-08-21 18:34:45.783,obj003,1154.832,90.100,-1800.497
2026-08-21 18:34:45.783,obj004,673.166,90.100,-1882.731
2026-08-21 18:34:45.800,obj001,961.619,90.100,-1755.175
2026-08-21 18:34:45.800,obj002,1217.561,90.100,-1704.424
2026-08-21 18:34:45.800,obj003,1156.293,90.100,-1800.955
2026-08-21 18:34:45.800,obj004,672.475,90.100,-1884.558
2026-08-21 18:34:45.816,obj001,959.966,90.100,-1755.371
2026-08-21 18:34:45.816,obj002,1218.865,90.100,-1705.583
2026-08-21 18:34:45.816,obj003,1157.747,90.100,-1801.432
2026-08-21 18:34:45.816,obj004,671.810,90.100,-1886.318
2026-08-21 18:34:45.833,obj001,959.966,90.100,-1755.371
2026-08-21 18:34:45.833,obj002,1218.865,90.100,-1705.583
2026-08-21 18:34:45.833,obj003,1157.747,90.100,-1801.432
2026-08-21 18:34:45.833,obj004,671.810,90.100,-1886.318
2026-08-21 18:34:45.866,obj001,956.670,90.100,-1755.838
2026-08-21 18:34:45.866,obj002,1221.527,90.103,-1707.836
2026-08-21 18:34:45.866,obj003,1160.632,90.100,-1802.457
2026-08-21 18:34:45.866,obj004,670.453,90.100,-1889.906
2026-08-21 18:34:45.883,obj001,953.389,90.100,-1756.404
2026-08-21 18:34:45.883,obj002,1223.922,90.101,-1707.339
2026-08-21 18:34:45.883,obj003,1161.111,90.100,-1804.541
2026-08-21 18:34:45.883,obj004,669.097,90.100,-1893.494
2026-08-21 18:34:45.900,obj001,951.756,90.100,-1756.725
2026-08-21 18:34:45.900,obj002,1224.869,90.100,-1705.874
2026-08-21 18:34:45.900,obj003,1160.280,90.100,-1805.826
2026-08-21 18:34:45.900,obj004,668.406,90.100,-1895.321
2026-08-21 18:34:45.916,obj001,950.128,90.100,-1757.070
2026-08-21 18:34:45.916,obj002,1225.839,90.100,-1704.424
2026-08-21 18:34:45.916,obj003,1159.467,90.100,-1807.123
2026-08-21 18:34:45.916,obj004,667.740,90.100,-1897.081
2026-08-21 18:34:45.933,obj001,950.128,90.100,-1757.070
2026-08-21 18:34:45.933,obj002,1225.839,90.100,-1704.424
2026-08-21 18:34:45.933,obj003,1159.467,90.100,-1807.123
2026-08-21 18:34:45.933,obj004,667.740,90.100,-1897.081
2026-08-21 18:34:45.966,obj001,946.887,90.100,-1757.834
2026-08-21 18:34:45.966,obj002,1227.848,90.100,-1701.571
2026-08-21 18:34:45.966,obj003,1157.896,90.100,-1809.750
2026-08-21 18:34:45.966,obj004,666.384,90.100,-1900.669
2026-08-21 18:34:45.983,obj001,943.672,90.100,-1758.696
2026-08-21 18:34:45.983,obj002,1229.946,90.100,-1698.783
2026-08-21 18:34:45.983,obj003,1156.399,90.100,-1812.421
2026-08-21 18:34:45.983,obj004,665.028,90.100,-1904.256
2026-08-21 18:34:46.000,obj001,943.672,90.100,-1758.696
2026-08-21 18:34:46.000,obj002,1229.946,90.100,-1698.783
2026-08-21 18:34:46.000,obj003,1156.399,90.100,-1812.421
2026-08-21 18:34:46.000,obj004,665.028,90.100,-1904.256
2026-08-21 18:34:46.033,obj001,940.484,90.100,-1759.656
2026-08-21 18:34:46.033,obj002,1232.131,90.100,-1696.063
2026-08-21 18:34:46.033,obj003,1154.978,90.100,-1815.132
2026-08-21 18:34:46.033,obj004,663.671,90.101,-1907.843
2026-08-21 18:34:46.050,obj001,937.326,90.100,-1760.711
2026-08-21 18:34:46.050,obj002,1234.402,90.100,-1693.414
2026-08-21 18:34:46.050,obj003,1153.632,90.100,-1817.881
2026-08-21 18:34:46.050,obj004,662.315,90.100,-1911.432
2026-08-21 18:34:46.066,obj001,937.326,90.100,-1760.711
2026-08-21 18:34:46.066,obj002,1234.402,90.100,-1693.414
2026-08-21 18:34:46.066,obj003,1153.632,90.100,-1817.881
2026-08-21 18:34:46.066,obj004,662.315,90.100,-1911.432
2026-08-21 18:34:46.083,obj001,934.202,90.100,-1761.862
2026-08-21 18:34:46.083,obj002,1236.756,90.100,-1690.838
2026-08-21 18:34:46.083,obj003,1152.364,90.100,-1820.668
2026-08-21 18:34:46.083,obj004,660.958,90.100,-1915.019
2026-08-21 18:34:46.100,obj001,934.202,90.100,-1761.862
2026-08-21 18:34:46.100,obj002,1236.756,90.100,-1690.838
2026-08-21 18:34:46.100,obj003,1152.364,90.100,-1820.668
2026-08-21 18:34:46.100,obj004,660.958,90.100,-1915.019
2026-08-21 18:34:46.133,obj001,931.115,90.100,-1763.107
2026-08-21 18:34:46.133,obj002,1239.190,90.100,-1688.338
2026-08-21 18:34:46.133,obj003,1151.175,90.100,-1823.488
2026-08-21 18:34:46.133,obj004,659.602,90.100,-1918.607
2026-08-21 18:34:46.150,obj001,928.066,90.100,-1764.445
2026-08-21 18:34:46.150,obj002,1241.703,90.099,-1685.916
2026-08-21 18:34:46.150,obj003,1150.064,90.100,-1826.341
2026-08-21 18:34:46.150,obj004,658.246,90.100,-1922.195
2026-08-21 18:34:46.166,obj001,928.066,90.100,-1764.445
2026-08-21 18:34:46.166,obj002,1241.703,90.099,-1685.916
2026-08-21 18:34:46.166,obj003,1150.064,90.100,-1826.341
2026-08-21 18:34:46.166,obj004,658.246,90.100,-1922.195
2026-08-21 18:34:46.200,obj001,925.060,90.100,-1765.875
2026-08-21 18:34:46.200,obj002,1244.290,90.100,-1683.576
2026-08-21 18:34:46.200,obj003,1149.034,90.100,-1829.224
2026-08-21 18:34:46.200,obj004,656.889,90.101,-1925.781
2026-08-21 18:34:46.216,obj001,922.098,90.100,-1767.396
2026-08-21 18:34:46.216,obj002,1246.949,90.105,-1681.320
2026-08-21 18:34:46.216,obj003,1148.085,90.100,-1832.134
2026-08-21 18:34:46.216,obj004,655.532,90.100,-1929.370
2026-08-21 18:34:46.233,obj001,920.635,90.100,-1768.189
2026-08-21 18:34:46.233,obj002,1248.307,90.103,-1680.223
2026-08-21 18:34:46.233,obj003,1147.641,90.100,-1833.599
2026-08-21 18:34:46.233,obj004,654.841,90.100,-1931.197
2026-08-21 18:34:46.266,obj001,919.184,90.100,-1769.005
2026-08-21 18:34:46.266,obj002,1249.681,90.101,-1679.148
2026-08-21 18:34:46.266,obj003,1147.217,90.100,-1835.069
2026-08-21 18:34:46.266,obj004,654.176,90.100,-1932.957
2026-08-21 18:34:46.283,obj001,916.320,90.100,-1770.702
2026-08-21 18:34:46.283,obj002,1252.480,90.100,-1677.064
2026-08-21 18:34:46.283,obj003,1146.432,90.100,-1838.028
2026-08-21 18:34:46.283,obj004,652.819,90.100,-1936.545
2026-08-21 18:34:46.300,obj001,916.320,90.100,-1770.702
2026-08-21 18:34:46.300,obj002,1252.480,90.100,-1677.064
2026-08-21 18:34:46.300,obj003,1146.432,90.100,-1838.028
2026-08-21 18:34:46.300,obj004,652.819,90.100,-1936.545
2026-08-21 18:34:46.333,obj001,913.508,90.100,-1772.485
2026-08-21 18:34:46.333,obj002,1255.343,90.100,-1675.070
2026-08-21 18:34:46.333,obj003,1145.730,90.100,-1841.008
2026-08-21 18:34:46.333,obj004,651.463,90.100,-1940.133
2026-08-21 18:34:46.350,obj001,910.752,90.100,-1774.353
2026-08-21 18:34:46.350,obj002,1258.269,90.100,-1673.168
2026-08-21 18:34:46.350,obj003,1145.111,90.100,-1844.006
2026-08-21 18:34:46.350,obj004,650.107,90.101,-1943.719
2026-08-21 18:34:46.366,obj001,910.752,90.100,-1774.353
2026-08-21 18:34:46.366,obj002,1258.269,90.100,-1673.168
2026-08-21 18:34:46.366,obj003,1145.111,90.100,-1844.006
2026-08-21 18:34:46.366,obj004,650.107,90.101,-1943.719
2026-08-21 18:34:46.400,obj001,908.054,90.100,-1776.303
2026-08-21 18:34:46.400,obj002,1261.253,90.100,-1671.359
2026-08-21 18:34:46.400,obj003,1144.576,90.100,-1847.020
2026-08-21 18:34:46.400,obj004,648.749,90.100,-1947.309
2026-08-21 18:34:46.416,obj001,905.417,90.100,-1778.334
2026-08-21 18:34:46.416,obj002,1264.293,90.100,-1669.647
2026-08-21 18:34:46.416,obj003,1144.125,90.100,-1850.047
2026-08-21 18:34:46.416,obj004,647.393,90.100,-1950.896
2026-08-21 18:34:46.433,obj001,905.417,90.100,-1778.334
2026-08-21 18:34:46.433,obj002,1264.293,90.100,-1669.647
2026-08-21 18:34:46.433,obj003,1144.125,90.100,-1850.047
2026-08-21 18:34:46.433,obj004,647.393,90.100,-1950.896
2026-08-21 18:34:46.466,obj001,902.842,90.100,-1780.444
2026-08-21 18:34:46.466,obj002,1267.385,90.100,-1668.031
2026-08-21 18:34:46.466,obj003,1143.760,90.100,-1853.087
2026-08-21 18:34:46.466,obj004,646.037,90.100,-1954.484
2026-08-21 18:34:46.483,obj001,900.332,90.100,-1782.632
2026-08-21 18:34:46.483,obj002,1270.528,90.100,-1666.515
2026-08-21 18:34:46.483,obj003,1143.479,90.100,-1856.135
2026-08-21 18:34:46.483,obj004,644.681,90.100,-1958.071
2026-08-21 18:34:46.500,obj001,900.332,90.100,-1782.632
2026-08-21 18:34:46.500,obj002,1270.528,90.100,-1666.515
2026-08-21 18:34:46.500,obj003,1143.479,90.100,-1856.135
2026-08-21 18:34:46.500,obj004,644.681,90.100,-1958.071
2026-08-21 18:34:46.533,obj001,897.890,90.100,-1784.894
2026-08-21 18:34:46.533,obj002,1273.717,90.100,-1665.099
2026-08-21 18:34:46.533,obj003,1143.284,90.100,-1859.190
2026-08-21 18:34:46.533,obj004,643.324,90.100,-1961.659
2026-08-21 18:34:46.550,obj001,895.517,90.100,-1787.229
2026-08-21 18:34:46.550,obj002,1276.949,90.100,-1663.785
2026-08-21 18:34:46.550,obj003,1143.174,90.100,-1862.249
2026-08-21 18:34:46.550,obj004,641.968,90.100,-1965.246
2026-08-21 18:34:46.566,obj001,895.517,90.100,-1787.229
2026-08-21 18:34:46.566,obj002,1276.949,90.100,-1663.785
2026-08-21 18:34:46.566,obj003,1143.174,90.100,-1862.249
2026-08-21 18:34:46.566,obj004,641.968,90.100,-1965.246
2026-08-21 18:34:46.600,obj001,893.216,90.100,-1789.636
2026-08-21 18:34:46.600,obj002,1280.222,90.100,-1662.574
2026-08-21 18:34:46.600,obj003,1143.149,90.100,-1865.310
2026-08-21 18:34:46.600,obj004,640.611,90.100,-1968.834
2026-08-21 18:34:46.616,obj001,890.990,90.100,-1792.111
2026-08-21 18:34:46.616,obj002,1283.531,90.100,-1661.468
2026-08-21 18:34:46.616,obj003,1143.210,90.098,-1868.371
2026-08-21 18:34:46.616,obj004,639.255,90.100,-1972.421
2026-08-21 18:34:46.633,obj001,890.990,90.100,-1792.111
2026-08-21 18:34:46.633,obj002,1283.531,90.100,-1661.468
2026-08-21 18:34:46.633,obj003,1143.210,90.098,-1868.371
2026-08-21 18:34:46.633,obj004,639.255,90.100,-1972.421
2026-08-21 18:34:46.666,obj001,888.839,90.100,-1794.652
2026-08-21 18:34:46.666,obj002,1286.873,90.100,-1660.467
2026-08-21 18:34:46.666,obj003,1143.356,90.100,-1871.429
2026-08-21 18:34:46.666,obj004,637.899,90.100,-1976.009
2026-08-21 18:34:46.683,obj001,886.766,90.100,-1797.257
2026-08-21 18:34:46.683,obj002,1290.246,90.100,-1659.573
2026-08-21 18:34:46.683,obj003,1143.588,90.100,-1874.481
2026-08-21 18:34:46.683,obj004,636.542,90.100,-1979.596
2026-08-21 18:34:46.700,obj001,886.766,90.100,-1797.257
2026-08-21 18:34:46.700,obj002,1290.246,90.100,-1659.573
2026-08-21 18:34:46.700,obj003,1143.588,90.100,-1874.481
2026-08-21 18:34:46.700,obj004,636.542,90.100,-1979.596
2026-08-21 18:34:46.733,obj001,884.774,90.100,-1799.924
2026-08-21 18:34:46.733,obj002,1293.645,90.100,-1658.786
2026-08-21 18:34:46.733,obj003,1143.905,90.100,-1877.526
2026-08-21 18:34:46.733,obj004,635.186,90.100,-1983.184
2026-08-21 18:34:46.750,obj001,882.863,90.100,-1802.650
2026-08-21 18:34:46.750,obj002,1297.068,90.100,-1658.108
2026-08-21 18:34:46.750,obj003,1144.307,90.100,-1880.560
2026-08-21 18:34:46.750,obj004,633.830,90.100,-1986.772
2026-08-21 18:34:46.766,obj001,881.939,90.100,-1804.035
2026-08-21 18:34:46.766,obj002,1298.787,90.100,-1657.809
2026-08-21 18:34:46.766,obj003,1144.540,90.100,-1882.073
2026-08-21 18:34:46.766,obj004,633.139,90.100,-1988.599
2026-08-21 18:34:46.783,obj001,881.036,90.100,-1805.433
2026-08-21 18:34:46.783,obj002,1300.510,90.100,-1657.538
2026-08-21 18:34:46.783,obj003,1144.794,90.100,-1883.582
2026-08-21 18:34:46.783,obj004,632.473,90.100,-1990.359
2026-08-21 18:34:46.800,obj001,880.154,90.100,-1806.845
2026-08-21 18:34:46.800,obj002,1302.238,90.100,-1657.294
2026-08-21 18:34:46.800,obj003,1145.069,90.100,-1885.088
2026-08-21 18:34:46.800,obj004,631.782,90.100,-1992.186
2026-08-21 18:34:46.816,obj001,879.294,90.100,-1808.270
2026-08-21 18:34:46.816,obj002,1303.969,90.100,-1657.078
2026-08-21 18:34:46.816,obj003,1145.365,90.100,-1886.590
2026-08-21 18:34:46.816,obj004,631.117,90.100,-1993.947
2026-08-21 18:34:46.833,obj001,879.294,90.100,-1808.270
2026-08-21 18:34:46.833,obj002,1303.969,90.100,-1657.078
2026-08-21 18:34:46.833,obj003,1145.365,90.100,-1886.590
2026-08-21 18:34:46.833,obj004,631.117,90.100,-1993.947
2026-08-21 18:34:46.866,obj001,877.593,90.100,-1811.132
2026-08-21 18:34:46.866,obj002,1307.440,90.100,-1656.728
2026-08-21 18:34:46.866,obj003,1146.020,90.100,-1889.580
2026-08-21 18:34:46.866,obj004,629.760,90.100,-1997.534
2026-08-21 18:34:46.883,obj001,875.899,90.100,-1813.998
2026-08-21 18:34:46.883,obj002,1310.921,90.100,-1656.488
2026-08-21 18:34:46.883,obj003,1146.758,90.100,-1892.551
2026-08-21 18:34:46.883,obj004,628.404,90.100,-2001.122
2026-08-21 18:34:46.900,obj001,875.899,90.100,-1813.998
2026-08-21 18:34:46.900,obj002,1310.921,90.100,-1656.488
2026-08-21 18:34:46.900,obj003,1146.758,90.100,-1892.551
2026-08-21 18:34:46.900,obj004,628.404,90.100,-2001.122
2026-08-21 18:34:46.933,obj001,874.211,90.100,-1816.868
2026-08-21 18:34:46.933,obj002,1314.408,90.100,-1656.359
2026-08-21 18:34:46.933,obj003,1147.579,90.100,-1895.500
2026-08-21 18:34:46.933,obj004,627.048,90.100,-2004.709
2026-08-21 18:34:46.950,obj001,872.530,90.100,-1819.742
2026-08-21 18:34:46.950,obj002,1317.897,90.100,-1656.341
2026-08-21 18:34:46.950,obj003,1148.481,90.100,-1898.425
2026-08-21 18:34:46.950,obj004,625.691,90.100,-2008.297
2026-08-21 18:34:46.966,obj001,872.530,90.100,-1819.742
2026-08-21 18:34:46.966,obj002,1317.897,90.100,-1656.341
2026-08-21 18:34:46.966,obj003,1148.481,90.100,-1898.425
2026-08-21 18:34:46.966,obj004,625.691,90.100,-2008.297
