{
  "average_metrics": {
    "precision": 0.26397386397386396,
    "recall": 0.7638888888888888,
    "f1_score": 0.39214117394507414
  },
  "num_files": 3,
  "individual_metrics": [
    {
      "precision": 0.2923076923076923,
      "recall": 0.7916666666666666,
      "f1_score": 0.4269662921348315
    },
    {
      "precision": 0.24285714285714285,
      "recall": 0.7083333333333334,
      "f1_score": 0.36170212765957444
    },
    {
      "precision": 0.25675675675675674,
      "recall": 0.7916666666666666,
      "f1_score": 0.3877551020408163
    }
  ]
}