timestamp,objid,x,y,z
2026-08-17 07:44:36.000,obj001,574.314,94.228,-2535.805
2026-08-17 07:44:36.000,obj002,1069.400,94.228,-2687.850
2026-08-17 07:44:36.000,obj003,724.217,94.228,-1688.133
2026-08-17 07:44:36.000,obj004,881.092,94.228,-1952.615
2026-08-17 07:44:36.016,obj001,577.447,92.326,-2529.655
2026-08-17 07:44:36.016,obj002,1067.112,92.326,-2681.340
2026-08-17 07:44:36.016,obj003,721.983,92.326,-1681.604
2026-08-17 07:44:36.016,obj004,887.200,92.326,-1949.403
2026-08-17 07:44:36.033,obj001,577.447,92.326,-2529.655
2026-08-17 07:44:36.033,obj002,1067.112,92.326,-2681.340
2026-08-17 07:44:36.033,obj003,721.983,92.326,-1681.604
2026-08-17 07:44:36.033,obj004,887.200,92.326,-1949.403
2026-08-17 07:44:36.050,obj001,579.535,90.426,-2525.555
2026-08-17 07:44:36.050,obj002,1065.585,90.426,-2676.998
2026-08-17 07:44:36.050,obj003,720.493,90.426,-1677.250
2026-08-17 07:44:36.050,obj004,891.273,90.426,-1947.261
2026-08-17 07:44:36.066,obj001,579.535,90.426,-2525.555
2026-08-17 07:44:36.066,obj002,1065.585,90.426,-2676.998
2026-08-17 07:44:36.066,obj003,720.493,90.426,-1677.250
2026-08-17 07:44:36.066,obj004,891.273,90.426,-1947.261
2026-08-17 07:44:36.083,obj001,581.335,90.533,-2522.023
2026-08-17 07:44:36.083,obj002,1064.270,90.533,-2673.258
2026-08-17 07:44:36.083,obj003,719.209,90.532,-1673.499
2026-08-17 07:44:36.083,obj004,894.782,90.532,-1945.416
2026-08-17 07:44:36.100,obj001,581.335,90.533,-2522.023
2026-08-17 07:44:36.100,obj002,1064.270,90.533,-2673.258
2026-08-17 07:44:36.100,obj003,719.209,90.532,-1673.499
2026-08-17 07:44:36.100,obj004,894.782,90.532,-1945.416
2026-08-17 07:44:36.116,obj001,583.424,90.801,-2517.922
2026-08-17 07:44:36.116,obj002,1062.744,90.800,-2668.916
2026-08-17 07:44:36.116,obj003,717.719,90.799,-1669.145
2026-08-17 07:44:36.116,obj004,898.856,90.798,-1943.274
2026-08-17 07:44:36.133,obj001,583.424,90.801,-2517.922
2026-08-17 07:44:36.133,obj002,1062.744,90.800,-2668.916
2026-08-17 07:44:36.133,obj003,717.719,90.799,-1669.145
2026-08-17 07:44:36.133,obj004,898.856,90.798,-1943.274
2026-08-17 07:44:36.150,obj001,585.513,90.524,-2513.822
2026-08-17 07:44:36.150,obj002,1061.218,90.523,-2664.575
2026-08-17 07:44:36.150,obj003,716.228,90.521,-1664.791
2026-08-17 07:44:36.150,obj004,902.929,90.520,-1941.133
2026-08-17 07:44:36.166,obj001,585.513,90.524,-2513.822
2026-08-17 07:44:36.166,obj002,1061.218,90.523,-2664.575
2026-08-17 07:44:36.166,obj003,716.228,90.521,-1664.791
2026-08-17 07:44:36.166,obj004,902.929,90.520,-1941.133
2026-08-17 07:44:36.183,obj001,587.548,90.175,-2509.826
2026-08-17 07:44:36.183,obj002,1059.731,90.174,-2660.345
2026-08-17 07:44:36.183,obj003,714.777,90.173,-1660.549
2026-08-17 07:44:36.183,obj004,906.897,90.172,-1939.046
2026-08-17 07:44:36.200,obj001,588.535,90.140,-2507.889
2026-08-17 07:44:36.200,obj002,1059.009,90.136,-2658.292
2026-08-17 07:44:36.200,obj003,714.072,90.136,-1658.491
2026-08-17 07:44:36.200,obj004,908.822,90.135,-1938.034
2026-08-17 07:44:36.216,obj001,589.485,90.144,-2506.024
2026-08-17 07:44:36.216,obj002,1058.314,90.136,-2656.316
2026-08-17 07:44:36.216,obj003,713.395,90.136,-1656.509
2026-08-17 07:44:36.216,obj004,910.676,90.135,-1937.059
2026-08-17 07:44:36.233,obj001,589.485,90.144,-2506.024
2026-08-17 07:44:36.233,obj002,1058.314,90.136,-2656.316
2026-08-17 07:44:36.233,obj003,713.395,90.136,-1656.509
2026-08-17 07:44:36.233,obj004,910.676,90.135,-1937.059
2026-08-17 07:44:36.250,obj001,591.546,90.125,-2501.978
2026-08-17 07:44:36.250,obj002,1056.810,90.118,-2652.034
2026-08-17 07:44:36.250,obj003,711.925,90.113,-1652.213
2026-08-17 07:44:36.250,obj004,914.692,90.120,-1934.947
2026-08-17 07:44:36.266,obj001,591.546,90.125,-2501.978
2026-08-17 07:44:36.266,obj002,1056.810,90.118,-2652.034
2026-08-17 07:44:36.266,obj003,711.925,90.113,-1652.213
2026-08-17 07:44:36.266,obj004,914.692,90.120,-1934.947
2026-08-17 07:44:36.283,obj001,593.542,90.118,-2498.055
2026-08-17 07:44:36.283,obj002,1055.349,90.104,-2647.882
2026-08-17 07:44:36.283,obj003,710.499,90.128,-1648.059
2026-08-17 07:44:36.283,obj004,918.590,90.102,-1932.897
2026-08-17 07:44:36.300,obj001,593.542,90.118,-2498.055
2026-08-17 07:44:36.300,obj002,1055.349,90.104,-2647.882
2026-08-17 07:44:36.300,obj003,710.499,90.128,-1648.059
2026-08-17 07:44:36.300,obj004,918.590,90.102,-1932.897
2026-08-17 07:44:36.316,obj001,595.570,90.103,-2494.075
2026-08-17 07:44:36.316,obj002,1053.868,90.101,-2643.669
2026-08-17 07:44:36.316,obj003,709.051,90.104,-1643.826
2026-08-17 07:44:36.316,obj004,922.539,90.100,-1930.821
2026-08-17 07:44:36.333,obj001,595.570,90.103,-2494.075
2026-08-17 07:44:36.333,obj002,1053.868,90.101,-2643.669
2026-08-17 07:44:36.333,obj003,709.051,90.104,-1643.826
2026-08-17 07:44:36.333,obj004,922.539,90.100,-1930.821
2026-08-17 07:44:36.350,obj001,597.582,90.101,-2490.126
2026-08-17 07:44:36.350,obj002,1052.398,90.100,-2639.487
2026-08-17 07:44:36.350,obj003,707.616,90.101,-1639.633
2026-08-17 07:44:36.350,obj004,926.464,90.100,-1928.757
2026-08-17 07:44:36.366,obj001,597.582,90.101,-2490.126
2026-08-17 07:44:36.366,obj002,1052.398,90.100,-2639.487
2026-08-17 07:44:36.366,obj003,707.616,90.101,-1639.633
2026-08-17 07:44:36.366,obj004,926.464,90.100,-1928.757
2026-08-17 07:44:36.383,obj001,599.601,90.100,-2486.162
2026-08-17 07:44:36.383,obj002,1050.923,90.100,-2635.290
2026-08-17 07:44:36.383,obj003,706.175,90.100,-1635.423
2026-08-17 07:44:36.383,obj004,930.401,90.100,-1926.687
2026-08-17 07:44:36.400,obj001,599.601,90.100,-2486.162
2026-08-17 07:44:36.400,obj002,1050.923,90.100,-2635.290
2026-08-17 07:44:36.400,obj003,706.175,90.100,-1635.423
2026-08-17 07:44:36.400,obj004,930.401,90.100,-1926.687
2026-08-17 07:44:36.416,obj001,601.617,90.100,-2482.205
2026-08-17 07:44:36.416,obj002,1049.450,90.100,-2631.101
2026-08-17 07:44:36.416,obj003,704.737,90.100,-1631.223
2026-08-17 07:44:36.416,obj004,934.331,90.100,-1924.620
2026-08-17 07:44:36.433,obj001,601.617,90.100,-2482.205
2026-08-17 07:44:36.433,obj002,1049.450,90.100,-2631.101
2026-08-17 07:44:36.433,obj003,704.737,90.100,-1631.223
2026-08-17 07:44:36.433,obj004,934.331,90.100,-1924.620
2026-08-17 07:44:36.450,obj001,603.634,90.100,-2478.245
2026-08-17 07:44:36.450,obj002,1047.976,90.100,-2626.908
2026-08-17 07:44:36.450,obj003,703.298,90.100,-1627.017
2026-08-17 07:44:36.450,obj004,938.265,90.100,-1922.552
2026-08-17 07:44:36.466,obj001,603.634,90.100,-2478.245
2026-08-17 07:44:36.466,obj002,1047.976,90.100,-2626.908
2026-08-17 07:44:36.466,obj003,703.298,90.100,-1627.017
2026-08-17 07:44:36.466,obj004,938.265,90.100,-1922.552
2026-08-17 07:44:36.483,obj001,605.651,90.100,-2474.286
2026-08-17 07:44:36.483,obj002,1046.503,90.100,-2622.717
2026-08-17 07:44:36.483,obj003,701.859,90.100,-1622.814
2026-08-17 07:44:36.483,obj004,942.197,90.100,-1920.484
2026-08-17 07:44:36.500,obj001,605.651,90.100,-2474.286
2026-08-17 07:44:36.500,obj002,1046.503,90.100,-2622.717
2026-08-17 07:44:36.500,obj003,701.859,90.100,-1622.814
2026-08-17 07:44:36.500,obj004,942.197,90.100,-1920.484
2026-08-17 07:44:36.516,obj001,607.668,90.100,-2470.327
2026-08-17 07:44:36.516,obj002,1045.029,90.100,-2618.525
2026-08-17 07:44:36.516,obj003,700.420,90.100,-1618.610
2026-08-17 07:44:36.516,obj004,946.130,90.100,-1918.416
2026-08-17 07:44:36.533,obj001,607.668,90.100,-2470.327
2026-08-17 07:44:36.533,obj002,1045.029,90.100,-2618.525
2026-08-17 07:44:36.533,obj003,700.420,90.100,-1618.610
2026-08-17 07:44:36.533,obj004,946.130,90.100,-1918.416
2026-08-17 07:44:36.550,obj001,609.684,90.100,-2466.368
2026-08-17 07:44:36.550,obj002,1043.554,90.098,-2614.333
2026-08-17 07:44:36.550,obj003,698.981,90.100,-1614.407
2026-08-17 07:44:36.550,obj004,950.062,90.100,-1916.349
2026-08-17 07:44:36.566,obj001,609.684,90.100,-2466.368
2026-08-17 07:44:36.566,obj002,1043.554,90.098,-2614.333
2026-08-17 07:44:36.566,obj003,698.981,90.100,-1614.407
2026-08-17 07:44:36.566,obj004,950.062,90.100,-1916.349
2026-08-17 07:44:36.583,obj001,611.701,90.100,-2462.409
2026-08-17 07:44:36.583,obj002,1042.082,90.099,-2610.144
2026-08-17 07:44:36.583,obj003,697.543,90.100,-1610.203
2026-08-17 07:44:36.583,obj004,953.995,90.100,-1914.281
2026-08-17 07:44:36.600,obj001,611.701,90.100,-2462.409
2026-08-17 07:44:36.600,obj002,1042.082,90.099,-2610.144
2026-08-17 07:44:36.600,obj003,697.543,90.100,-1610.203
2026-08-17 07:44:36.600,obj004,953.995,90.100,-1914.281
2026-08-17 07:44:36.616,obj001,613.718,90.100,-2458.450
2026-08-17 07:44:36.616,obj002,1040.608,90.100,-2605.951
2026-08-17 07:44:36.616,obj003,696.104,90.100,-1605.999
2026-08-17 07:44:36.616,obj004,957.928,90.100,-1912.213
2026-08-17 07:44:36.633,obj001,614.743,90.100,-2456.438
2026-08-17 07:44:36.633,obj002,1039.859,90.100,-2603.822
2026-08-17 07:44:36.633,obj003,695.373,90.100,-1603.863
2026-08-17 07:44:36.633,obj004,959.926,90.100,-1911.162
2026-08-17 07:44:36.650,obj001,615.735,90.100,-2454.491
2026-08-17 07:44:36.650,obj002,1039.133,90.097,-2601.760
2026-08-17 07:44:36.650,obj003,694.665,90.100,-1601.796
2026-08-17 07:44:36.650,obj004,961.860,90.100,-1910.145
2026-08-17 07:44:36.666,obj001,615.735,90.100,-2454.491
2026-08-17 07:44:36.666,obj002,1039.133,90.097,-2601.760
2026-08-17 07:44:36.666,obj003,694.665,90.100,-1601.796
2026-08-17 07:44:36.666,obj004,961.860,90.100,-1910.145
2026-08-17 07:44:36.683,obj001,617.752,90.100,-2450.532
2026-08-17 07:44:36.683,obj002,1037.660,90.099,-2597.568
2026-08-17 07:44:36.683,obj003,693.226,90.100,-1597.592
2026-08-17 07:44:36.683,obj004,965.793,90.100,-1908.077
2026-08-17 07:44:36.700,obj001,617.752,90.100,-2450.532
2026-08-17 07:44:36.700,obj002,1037.660,90.099,-2597.568
2026-08-17 07:44:36.700,obj003,693.226,90.100,-1597.592
2026-08-17 07:44:36.700,obj004,965.793,90.100,-1908.077
2026-08-17 07:44:36.716,obj001,619.768,90.100,-2446.573
2026-08-17 07:44:36.716,obj002,1036.186,90.100,-2593.377
2026-08-17 07:44:36.716,obj003,691.787,90.100,-1593.388
2026-08-17 07:44:36.716,obj004,969.726,90.100,-1906.009
2026-08-17 07:44:36.733,obj001,619.768,90.100,-2446.573
2026-08-17 07:44:36.733,obj002,1036.186,90.100,-2593.377
2026-08-17 07:44:36.733,obj003,691.787,90.100,-1593.388
2026-08-17 07:44:36.733,obj004,969.726,90.100,-1906.009
2026-08-17 07:44:36.750,obj001,621.785,90.100,-2442.614
2026-08-17 07:44:36.750,obj002,1034.713,90.100,-2589.185
2026-08-17 07:44:36.750,obj003,690.349,90.100,-1589.184
2026-08-17 07:44:36.750,obj004,973.658,90.100,-1903.942
2026-08-17 07:44:36.766,obj001,621.785,90.100,-2442.614
2026-08-17 07:44:36.766,obj002,1034.713,90.100,-2589.185
2026-08-17 07:44:36.766,obj003,690.349,90.100,-1589.184
2026-08-17 07:44:36.766,obj004,973.658,90.100,-1903.942
2026-08-17 07:44:36.783,obj001,623.802,90.100,-2438.655
2026-08-17 07:44:36.783,obj002,1033.239,90.101,-2584.994
2026-08-17 07:44:36.783,obj003,688.910,90.100,-1584.981
2026-08-17 07:44:36.783,obj004,977.591,90.100,-1901.874
2026-08-17 07:44:36.800,obj001,623.802,90.100,-2438.655
2026-08-17 07:44:36.800,obj002,1033.239,90.101,-2584.994
2026-08-17 07:44:36.800,obj003,688.910,90.100,-1584.981
2026-08-17 07:44:36.800,obj004,977.591,90.100,-1901.874
2026-08-17 07:44:36.816,obj001,625.819,90.100,-2434.696
2026-08-17 07:44:36.816,obj002,1031.765,90.100,-2580.802
2026-08-17 07:44:36.816,obj003,687.471,90.100,-1580.777
2026-08-17 07:44:36.816,obj004,981.524,90.100,-1899.806
2026-08-17 07:44:36.833,obj001,625.819,90.100,-2434.696
2026-08-17 07:44:36.833,obj002,1031.765,90.100,-2580.802
2026-08-17 07:44:36.833,obj003,687.471,90.100,-1580.777
2026-08-17 07:44:36.833,obj004,981.524,90.100,-1899.806
2026-08-17 07:44:36.850,obj001,627.836,90.100,-2430.737
2026-08-17 07:44:36.850,obj002,1030.292,90.100,-2576.611
2026-08-17 07:44:36.850,obj003,686.032,90.100,-1576.573
2026-08-17 07:44:36.850,obj004,985.456,90.100,-1897.738
2026-08-17 07:44:36.866,obj001,627.836,90.100,-2430.737
2026-08-17 07:44:36.866,obj002,1030.292,90.100,-2576.611
2026-08-17 07:44:36.866,obj003,686.032,90.100,-1576.573
2026-08-17 07:44:36.866,obj004,985.456,90.100,-1897.738
2026-08-17 07:44:36.883,obj001,629.853,90.100,-2426.778
2026-08-17 07:44:36.883,obj002,1028.818,90.100,-2572.419
2026-08-17 07:44:36.883,obj003,684.593,90.100,-1572.369
2026-08-17 07:44:36.883,obj004,989.389,90.100,-1895.670
2026-08-17 07:44:36.900,obj001,629.853,90.100,-2426.778
2026-08-17 07:44:36.900,obj002,1028.818,90.100,-2572.419
2026-08-17 07:44:36.900,obj003,684.593,90.100,-1572.369
2026-08-17 07:44:36.900,obj004,989.389,90.100,-1895.670
2026-08-17 07:44:36.916,obj001,631.870,90.100,-2422.819
2026-08-17 07:44:36.916,obj002,1027.344,90.099,-2568.227
2026-08-17 07:44:36.916,obj003,683.155,90.100,-1568.166
2026-08-17 07:44:36.916,obj004,993.322,90.100,-1893.603
2026-08-17 07:44:36.933,obj001,631.870,90.100,-2422.819
2026-08-17 07:44:36.933,obj002,1027.344,90.099,-2568.227
2026-08-17 07:44:36.933,obj003,683.155,90.100,-1568.166
2026-08-17 07:44:36.933,obj004,993.322,90.100,-1893.603
2026-08-17 07:44:36.950,obj001,633.886,90.100,-2418.860
2026-08-17 07:44:36.950,obj002,1025.871,90.100,-2564.036
2026-08-17 07:44:36.950,obj003,681.716,90.100,-1563.962
2026-08-17 07:44:36.950,obj004,997.254,90.100,-1891.535
2026-08-17 07:44:36.966,obj001,633.886,90.100,-2418.860
2026-08-17 07:44:36.966,obj002,1025.871,90.100,-2564.036
2026-08-17 07:44:36.966,obj003,681.716,90.100,-1563.962
2026-08-17 07:44:36.966,obj004,997.254,90.100,-1891.535
2026-08-17 07:44:36.983,obj001,635.903,90.100,-2414.901
2026-08-17 07:44:36.983,obj002,1024.397,90.100,-2559.844
2026-08-17 07:44:36.983,obj003,680.277,90.100,-1559.758
2026-08-17 07:44:36.983,obj004,1001.187,90.100,-1889.467
2026-08-17 07:44:37.000,obj001,635.903,90.100,-2414.901
2026-08-17 07:44:37.000,obj002,1024.397,90.100,-2559.844
2026-08-17 07:44:37.000,obj003,680.277,90.100,-1559.758
2026-08-17 07:44:37.000,obj004,1001.187,90.100,-1889.467
2026-08-17 07:44:37.016,obj001,637.920,90.100,-2410.942
2026-08-17 07:44:37.016,obj002,1022.923,90.100,-2555.653
2026-08-17 07:44:37.016,obj003,678.838,90.100,-1555.554
2026-08-17 07:44:37.016,obj004,1005.120,90.100,-1887.399
2026-08-17 07:44:37.033,obj001,637.920,90.100,-2410.942
2026-08-17 07:44:37.033,obj002,1022.923,90.100,-2555.653
2026-08-17 07:44:37.033,obj003,678.838,90.100,-1555.554
2026-08-17 07:44:37.033,obj004,1005.120,90.100,-1887.399
2026-08-17 07:44:37.050,obj001,639.937,90.100,-2406.983
2026-08-17 07:44:37.050,obj002,1021.450,90.100,-2551.461
2026-08-17 07:44:37.050,obj003,677.399,90.100,-1551.351
2026-08-17 07:44:37.050,obj004,1009.052,90.100,-1885.332
2026-08-17 07:44:37.066,obj001,640.962,90.100,-2404.971
2026-08-17 07:44:37.066,obj002,1020.701,90.100,-2549.331
2026-08-17 07:44:37.066,obj003,676.668,90.100,-1549.215
2026-08-17 07:44:37.066,obj004,1011.051,90.100,-1884.281
2026-08-17 07:44:37.083,obj001,641.954,90.100,-2403.024
2026-08-17 07:44:37.083,obj002,1019.976,90.098,-2547.269
2026-08-17 07:44:37.083,obj003,675.961,90.100,-1547.147
2026-08-17 07:44:37.083,obj004,1012.985,90.100,-1883.264
2026-08-17 07:44:37.100,obj001,641.954,90.100,-2403.024
2026-08-17 07:44:37.100,obj002,1019.976,90.098,-2547.269
2026-08-17 07:44:37.100,obj003,675.961,90.100,-1547.147
2026-08-17 07:44:37.100,obj004,1012.985,90.100,-1883.264
2026-08-17 07:44:37.116,obj001,643.971,90.100,-2399.065
2026-08-17 07:44:37.116,obj002,1018.502,90.099,-2543.078
2026-08-17 07:44:37.116,obj003,674.522,90.100,-1542.943
2026-08-17 07:44:37.116,obj004,1016.918,90.100,-1881.196
2026-08-17 07:44:37.133,obj001,643.971,90.100,-2399.065
2026-08-17 07:44:37.133,obj002,1018.502,90.099,-2543.078
2026-08-17 07:44:37.133,obj003,674.522,90.100,-1542.943
2026-08-17 07:44:37.133,obj004,1016.918,90.100,-1881.196
2026-08-17 07:44:37.150,obj001,645.987,90.100,-2395.106
2026-08-17 07:44:37.150,obj002,1017.029,90.100,-2538.886
2026-08-17 07:44:37.150,obj003,674.983,90.100,-1547.362
2026-08-17 07:44:37.150,obj004,1020.851,90.100,-1879.128
2026-08-17 07:44:37.166,obj001,645.987,90.100,-2395.106
2026-08-17 07:44:37.166,obj002,1017.029,90.100,-2538.886
2026-08-17 07:44:37.166,obj003,674.983,90.100,-1547.362
2026-08-17 07:44:37.166,obj004,1020.851,90.100,-1879.128
2026-08-17 07:44:37.183,obj001,648.004,90.100,-2391.147
2026-08-17 07:44:37.183,obj002,1015.555,90.100,-2534.694
2026-08-17 07:44:37.183,obj003,675.443,90.100,-1551.782
2026-08-17 07:44:37.183,obj004,1024.783,90.100,-1877.061
2026-08-17 07:44:37.200,obj001,648.004,90.100,-2391.147
2026-08-17 07:44:37.200,obj002,1015.555,90.100,-2534.694
2026-08-17 07:44:37.200,obj003,675.443,90.100,-1551.782
2026-08-17 07:44:37.200,obj004,1024.783,90.100,-1877.061
2026-08-17 07:44:37.216,obj001,650.021,90.100,-2387.188
2026-08-17 07:44:37.216,obj002,1014.083,90.104,-2530.504
2026-08-17 07:44:37.216,obj003,675.904,90.100,-1556.201
2026-08-17 07:44:37.216,obj004,1028.716,90.100,-1874.993
2026-08-17 07:44:37.233,obj001,650.021,90.100,-2387.188
2026-08-17 07:44:37.233,obj002,1014.083,90.104,-2530.504
2026-08-17 07:44:37.233,obj003,675.904,90.100,-1556.201
2026-08-17 07:44:37.233,obj004,1028.716,90.100,-1874.993
2026-08-17 07:44:37.250,obj001,652.038,90.100,-2383.229
2026-08-17 07:44:37.250,obj002,1012.609,90.101,-2526.311
2026-08-17 07:44:37.250,obj003,676.365,90.100,-1560.620
2026-08-17 07:44:37.250,obj004,1032.648,90.100,-1872.925
2026-08-17 07:44:37.266,obj001,652.038,90.100,-2383.229
2026-08-17 07:44:37.266,obj002,1012.609,90.101,-2526.311
2026-08-17 07:44:37.266,obj003,676.365,90.100,-1560.620
2026-08-17 07:44:37.266,obj004,1032.648,90.100,-1872.925
2026-08-17 07:44:37.283,obj001,654.055,90.100,-2379.270
2026-08-17 07:44:37.283,obj002,1011.135,90.100,-2522.120
2026-08-17 07:44:37.283,obj003,676.826,90.100,-1565.039
2026-08-17 07:44:37.283,obj004,1036.581,90.100,-1870.857
2026-08-17 07:44:37.300,obj001,654.055,90.100,-2379.270
2026-08-17 07:44:37.300,obj002,1011.135,90.100,-2522.120
2026-08-17 07:44:37.300,obj003,676.826,90.100,-1565.039
2026-08-17 07:44:37.300,obj004,1036.581,90.100,-1870.857
2026-08-17 07:44:37.316,obj001,656.072,90.100,-2375.311
2026-08-17 07:44:37.316,obj002,1009.662,90.100,-2517.928
2026-08-17 07:44:37.316,obj003,677.286,90.100,-1569.458
2026-08-17 07:44:37.316,obj004,1040.514,90.100,-1868.789
2026-08-17 07:44:37.333,obj001,656.072,90.100,-2375.311
2026-08-17 07:44:37.333,obj002,1009.662,90.100,-2517.928
2026-08-17 07:44:37.333,obj003,677.286,90.100,-1569.458
2026-08-17 07:44:37.333,obj004,1040.514,90.100,-1868.789
2026-08-17 07:44:37.350,obj001,658.089,90.100,-2371.352
2026-08-17 07:44:37.350,obj002,1008.188,90.100,-2513.736
2026-08-17 07:44:37.350,obj003,677.747,90.100,-1573.878
2026-08-17 07:44:37.350,obj004,1044.446,90.100,-1866.721
2026-08-17 07:44:37.366,obj001,659.113,90.100,-2369.341
2026-08-17 07:44:37.366,obj002,1007.440,90.100,-2511.607
2026-08-17 07:44:37.366,obj003,677.981,90.100,-1576.123
2026-08-17 07:44:37.366,obj004,1046.444,90.100,-1865.671
2026-08-17 07:44:37.383,obj001,660.105,90.100,-2367.393
2026-08-17 07:44:37.383,obj002,1006.714,90.097,-2509.544
2026-08-17 07:44:37.383,obj003,678.208,90.100,-1578.297
2026-08-17 07:44:37.383,obj004,1048.379,90.100,-1864.654
2026-08-17 07:44:37.400,obj001,660.105,90.100,-2367.393
2026-08-17 07:44:37.400,obj002,1006.714,90.097,-2509.544
2026-08-17 07:44:37.400,obj003,678.208,90.100,-1578.297
2026-08-17 07:44:37.400,obj004,1048.379,90.100,-1864.654
2026-08-17 07:44:37.416,obj001,662.122,90.100,-2363.434
2026-08-17 07:44:37.416,obj002,1005.241,90.099,-2505.352
2026-08-17 07:44:37.416,obj003,678.669,90.100,-1582.716
2026-08-17 07:44:37.416,obj004,1052.311,90.100,-1862.586
2026-08-17 07:44:37.433,obj001,663.147,90.100,-2361.423
2026-08-17 07:44:37.433,obj002,1004.492,90.099,-2503.223
2026-08-17 07:44:37.433,obj003,678.903,90.100,-1584.961
2026-08-17 07:44:37.433,obj004,1054.310,90.100,-1861.535
2026-08-17 07:44:37.450,obj001,664.139,90.100,-2359.475
2026-08-17 07:44:37.450,obj002,1003.767,90.100,-2501.161
2026-08-17 07:44:37.450,obj003,679.130,90.100,-1587.135
2026-08-17 07:44:37.450,obj004,1056.244,90.100,-1860.518
2026-08-17 07:44:37.466,obj001,664.139,90.100,-2359.475
2026-08-17 07:44:37.466,obj002,1003.767,90.100,-2501.161
2026-08-17 07:44:37.466,obj003,679.130,90.100,-1587.135
2026-08-17 07:44:37.466,obj004,1056.244,90.100,-1860.518
2026-08-17 07:44:37.483,obj001,666.156,90.100,-2355.516
2026-08-17 07:44:37.483,obj002,1002.294,90.103,-2496.970
2026-08-17 07:44:37.483,obj003,679.590,90.100,-1591.554
2026-08-17 07:44:37.483,obj004,1060.177,90.100,-1858.450
2026-08-17 07:44:37.500,obj001,666.156,90.100,-2355.516
2026-08-17 07:44:37.500,obj002,1002.294,90.103,-2496.970
2026-08-17 07:44:37.500,obj003,679.590,90.100,-1591.554
2026-08-17 07:44:37.500,obj004,1060.177,90.100,-1858.450
2026-08-17 07:44:37.516,obj001,668.173,90.100,-2351.557
2026-08-17 07:44:37.516,obj002,1000.820,90.101,-2492.778
2026-08-17 07:44:37.516,obj003,680.051,90.100,-1595.974
2026-08-17 07:44:37.516,obj004,1064.109,90.100,-1856.382
2026-08-17 07:44:37.533,obj001,669.197,90.100,-2349.546
2026-08-17 07:44:37.533,obj002,1000.072,90.100,-2490.648
2026-08-17 07:44:37.533,obj003,680.285,90.100,-1598.219
2026-08-17 07:44:37.533,obj004,1066.107,90.100,-1855.331
2026-08-17 07:44:37.550,obj001,670.189,90.100,-2347.598
2026-08-17 07:44:37.550,obj002,999.347,90.100,-2488.586
2026-08-17 07:44:37.550,obj003,680.512,90.100,-1600.393
2026-08-17 07:44:37.550,obj004,1068.042,90.100,-1854.314
2026-08-17 07:44:37.566,obj001,671.214,90.100,-2345.587
2026-08-17 07:44:37.566,obj002,998.598,90.100,-2486.456
2026-08-17 07:44:37.566,obj003,680.746,90.100,-1602.638
2026-08-17 07:44:37.566,obj004,1070.040,90.100,-1853.264
2026-08-17 07:44:37.583,obj001,672.206,90.100,-2343.639
2026-08-17 07:44:37.583,obj002,997.873,90.100,-2484.394
2026-08-17 07:44:37.583,obj003,680.973,90.100,-1604.812
2026-08-17 07:44:37.583,obj004,1071.975,90.100,-1852.246
2026-08-17 07:44:37.600,obj001,673.231,90.100,-2341.628
2026-08-17 07:44:37.600,obj002,997.125,90.100,-2482.265
2026-08-17 07:44:37.600,obj003,681.207,90.100,-1607.057
2026-08-17 07:44:37.600,obj004,1073.973,90.100,-1851.196
2026-08-17 07:44:37.616,obj001,674.223,90.100,-2339.680
2026-08-17 07:44:37.616,obj002,996.400,90.100,-2480.203
2026-08-17 07:44:37.616,obj003,681.433,90.100,-1609.231
2026-08-17 07:44:37.616,obj004,1075.907,90.100,-1850.179
2026-08-17 07:44:37.633,obj001,675.248,90.100,-2337.669
2026-08-17 07:44:37.633,obj002,995.651,90.101,-2478.073
2026-08-17 07:44:37.633,obj003,681.667,90.100,-1611.476
2026-08-17 07:44:37.633,obj004,1077.905,90.100,-1849.128
2026-08-17 07:44:37.650,obj001,676.240,90.100,-2335.721
2026-08-17 07:44:37.650,obj002,994.927,90.100,-2476.011
2026-08-17 07:44:37.650,obj003,681.894,90.100,-1613.650
2026-08-17 07:44:37.650,obj004,1079.840,90.100,-1848.111
2026-08-17 07:44:37.666,obj001,677.264,90.100,-2333.710
2026-08-17 07:44:37.666,obj002,994.178,90.100,-2473.881
2026-08-17 07:44:37.666,obj003,682.128,90.100,-1615.896
2026-08-17 07:44:37.666,obj004,1081.838,90.100,-1847.060
2026-08-17 07:44:37.683,obj001,678.257,90.100,-2331.762
2026-08-17 07:44:37.683,obj002,993.453,90.100,-2471.819
2026-08-17 07:44:37.683,obj003,682.355,90.100,-1618.069
2026-08-17 07:44:37.683,obj004,1083.772,90.100,-1846.043
2026-08-17 07:44:37.700,obj001,678.257,90.100,-2331.762
2026-08-17 07:44:37.700,obj002,993.453,90.100,-2471.819
2026-08-17 07:44:37.700,obj003,682.355,90.100,-1618.069
2026-08-17 07:44:37.700,obj004,1083.772,90.100,-1846.043
2026-08-17 07:44:37.716,obj001,680.273,90.100,-2327.803
2026-08-17 07:44:37.716,obj002,991.980,90.100,-2467.628
2026-08-17 07:44:37.716,obj003,682.816,90.100,-1622.489
2026-08-17 07:44:37.716,obj004,1087.705,90.100,-1843.975
2026-08-17 07:44:37.733,obj001,680.273,90.100,-2327.803
2026-08-17 07:44:37.733,obj002,991.980,90.100,-2467.628
2026-08-17 07:44:37.733,obj003,682.816,90.100,-1622.489
2026-08-17 07:44:37.733,obj004,1087.705,90.100,-1843.975
2026-08-17 07:44:37.750,obj001,682.290,90.100,-2323.844
2026-08-17 07:44:37.750,obj002,990.506,90.100,-2463.436
2026-08-17 07:44:37.750,obj003,683.276,90.100,-1626.908
2026-08-17 07:44:37.750,obj004,1091.638,90.100,-1841.908
2026-08-17 07:44:37.766,obj001,683.315,90.100,-2321.833
2026-08-17 07:44:37.766,obj002,989.757,90.100,-2461.306
2026-08-17 07:44:37.766,obj003,683.511,90.100,-1629.153
2026-08-17 07:44:37.766,obj004,1093.636,90.100,-1840.857
2026-08-17 07:44:37.783,obj001,684.307,90.100,-2319.885
2026-08-17 07:44:37.783,obj002,989.033,90.104,-2459.246
2026-08-17 07:44:37.783,obj003,683.737,90.100,-1631.327
2026-08-17 07:44:37.783,obj004,1095.570,90.100,-1839.840
2026-08-17 07:44:37.800,obj001,684.307,90.100,-2319.885
2026-08-17 07:44:37.800,obj002,989.033,90.104,-2459.246
2026-08-17 07:44:37.800,obj003,683.737,90.100,-1631.327
2026-08-17 07:44:37.800,obj004,1095.570,90.100,-1839.840
2026-08-17 07:44:37.816,obj001,686.324,90.100,-2315.926
2026-08-17 07:44:37.816,obj002,987.559,90.101,-2455.053
2026-08-17 07:44:37.816,obj003,684.198,90.100,-1635.746
2026-08-17 07:44:37.816,obj004,1099.503,90.100,-1837.772
2026-08-17 07:44:37.833,obj001,687.348,90.100,-2313.915
2026-08-17 07:44:37.833,obj002,986.810,90.100,-2452.923
2026-08-17 07:44:37.833,obj003,684.432,90.100,-1637.991
2026-08-17 07:44:37.833,obj004,1101.501,90.100,-1836.721
2026-08-17 07:44:37.850,obj001,688.340,90.100,-2311.967
2026-08-17 07:44:37.850,obj002,986.085,90.100,-2450.861
2026-08-17 07:44:37.850,obj003,684.659,90.100,-1640.165
2026-08-17 07:44:37.850,obj004,1103.435,90.100,-1835.704
2026-08-17 07:44:37.866,obj001,689.365,90.100,-2309.956
2026-08-17 07:44:37.866,obj002,985.337,90.100,-2448.732
2026-08-17 07:44:37.866,obj003,684.893,90.100,-1642.411
2026-08-17 07:44:37.866,obj004,1105.434,90.100,-1834.654
2026-08-17 07:44:37.883,obj001,690.357,90.100,-2308.008
2026-08-17 07:44:37.883,obj002,984.612,90.100,-2446.670
2026-08-17 07:44:37.883,obj003,685.119,90.100,-1644.585
2026-08-17 07:44:37.883,obj004,1107.368,90.100,-1833.637
2026-08-17 07:44:37.900,obj001,691.382,90.100,-2305.997
2026-08-17 07:44:37.900,obj002,983.863,90.100,-2444.540
2026-08-17 07:44:37.900,obj003,685.353,90.100,-1646.830
2026-08-17 07:44:37.900,obj004,1109.366,90.100,-1832.586
2026-08-17 07:44:37.916,obj001,692.374,90.100,-2304.049
2026-08-17 07:44:37.916,obj002,983.138,90.100,-2442.478
2026-08-17 07:44:37.916,obj003,685.580,90.100,-1649.004
2026-08-17 07:44:37.916,obj004,1111.301,90.100,-1831.569
2026-08-17 07:44:37.933,obj001,693.399,90.100,-2302.038
2026-08-17 07:44:37.933,obj002,982.390,90.100,-2440.348
2026-08-17 07:44:37.933,obj003,685.814,90.100,-1651.249
2026-08-17 07:44:37.933,obj004,1113.299,90.100,-1830.518
2026-08-17 07:44:37.950,obj001,694.391,90.100,-2300.090
2026-08-17 07:44:37.950,obj002,981.665,90.100,-2438.286
2026-08-17 07:44:37.950,obj003,686.041,90.100,-1653.423
2026-08-17 07:44:37.950,obj004,1115.233,90.100,-1829.501
2026-08-17 07:44:37.966,obj001,695.415,90.100,-2298.079
2026-08-17 07:44:37.966,obj002,980.916,90.103,-2436.158
2026-08-17 07:44:37.966,obj003,686.275,90.100,-1655.668
2026-08-17 07:44:37.966,obj004,1117.231,90.100,-1828.450
2026-08-17 07:44:37.983,obj001,696.408,90.100,-2296.131
2026-08-17 07:44:37.983,obj002,980.192,90.101,-2434.096
2026-08-17 07:44:37.983,obj003,686.501,90.100,-1657.842
2026-08-17 07:44:37.983,obj004,1119.166,90.100,-1827.433
2026-08-17 07:44:38.000,obj001,697.432,90.100,-2294.120
2026-08-17 07:44:38.000,obj002,979.443,90.101,-2431.965
2026-08-17 07:44:38.000,obj003,686.736,90.100,-1660.087
2026-08-17 07:44:38.000,obj004,1121.164,90.100,-1826.383
2026-08-17 07:44:38.016,obj001,698.424,90.100,-2292.172
2026-08-17 07:44:38.016,obj002,978.717,90.100,-2429.902
2026-08-17 07:44:38.016,obj003,686.962,90.100,-1662.261
2026-08-17 07:44:38.016,obj004,1123.099,90.100,-1825.366
2026-08-17 07:44:38.033,obj001,699.449,90.100,-2290.161
2026-08-17 07:44:38.033,obj002,977.969,90.100,-2427.772
2026-08-17 07:44:38.033,obj003,687.196,90.100,-1664.507
2026-08-17 07:44:38.033,obj004,1125.097,90.100,-1824.315
2026-08-17 07:44:38.050,obj001,700.441,90.100,-2288.213
2026-08-17 07:44:38.050,obj002,977.244,90.100,-2425.711
2026-08-17 07:44:38.050,obj003,687.423,90.100,-1666.681
2026-08-17 07:44:38.050,obj004,1127.031,90.100,-1823.298
2026-08-17 07:44:38.066,obj001,701.466,90.100,-2286.202
2026-08-17 07:44:38.066,obj002,976.495,90.100,-2423.581
2026-08-17 07:44:38.066,obj003,687.657,90.100,-1668.926
2026-08-17 07:44:38.066,obj004,1129.029,90.100,-1822.247
2026-08-17 07:44:38.083,obj001,702.458,90.100,-2284.254
2026-08-17 07:44:38.083,obj002,975.770,90.100,-2421.519
2026-08-17 07:44:38.083,obj003,687.884,90.100,-1671.100
2026-08-17 07:44:38.083,obj004,1130.964,90.100,-1821.230
2026-08-17 07:44:38.100,obj001,703.483,90.100,-2282.243
2026-08-17 07:44:38.100,obj002,975.022,90.100,-2419.389
2026-08-17 07:44:38.100,obj003,688.118,90.100,-1673.345
2026-08-17 07:44:38.100,obj004,1132.962,90.100,-1820.179
2026-08-17 07:44:38.116,obj001,704.475,90.100,-2280.295
2026-08-17 07:44:38.116,obj002,974.297,90.100,-2417.327
2026-08-17 07:44:38.116,obj003,688.345,90.100,-1675.519
2026-08-17 07:44:38.116,obj004,1134.896,90.100,-1819.162
2026-08-17 07:44:38.133,obj001,705.500,90.100,-2278.284
2026-08-17 07:44:38.133,obj002,973.548,90.103,-2415.199
2026-08-17 07:44:38.133,obj003,688.579,90.100,-1677.764
2026-08-17 07:44:38.133,obj004,1136.894,90.100,-1818.112
2026-08-17 07:44:38.150,obj001,706.492,90.100,-2276.336
2026-08-17 07:44:38.150,obj002,972.823,90.101,-2413.137
2026-08-17 07:44:38.150,obj003,688.805,90.100,-1679.938
2026-08-17 07:44:38.150,obj004,1138.829,90.100,-1817.095
2026-08-17 07:44:38.166,obj001,707.517,90.100,-2274.325
2026-08-17 07:44:38.166,obj002,972.074,90.101,-2411.006
2026-08-17 07:44:38.166,obj003,689.039,90.100,-1682.183
2026-08-17 07:44:38.166,obj004,1140.827,90.100,-1816.044
2026-08-17 07:44:38.183,obj001,708.509,90.100,-2272.377
2026-08-17 07:44:38.183,obj002,971.349,90.100,-2408.943
2026-08-17 07:44:38.183,obj003,689.266,90.100,-1684.357
2026-08-17 07:44:38.183,obj004,1142.762,90.100,-1815.027
2026-08-17 07:44:38.200,obj001,708.509,90.100,-2272.377
2026-08-17 07:44:38.200,obj002,971.349,90.100,-2408.943
2026-08-17 07:44:38.200,obj003,689.266,90.100,-1684.357
2026-08-17 07:44:38.200,obj004,1142.762,90.100,-1815.027
2026-08-17 07:44:38.216,obj001,710.526,90.100,-2268.418
2026-08-17 07:44:38.216,obj002,969.876,90.100,-2404.752
2026-08-17 07:44:38.216,obj003,689.727,90.100,-1688.777
2026-08-17 07:44:38.216,obj004,1146.694,90.100,-1812.959
2026-08-17 07:44:38.233,obj001,710.526,90.100,-2268.418
2026-08-17 07:44:38.233,obj002,969.876,90.100,-2404.752
2026-08-17 07:44:38.233,obj003,689.727,90.100,-1688.777
2026-08-17 07:44:38.233,obj004,1146.694,90.100,-1812.959
2026-08-17 07:44:38.250,obj001,712.542,90.100,-2264.459
2026-08-17 07:44:38.250,obj002,968.402,90.100,-2400.560
2026-08-17 07:44:38.250,obj003,690.188,90.100,-1693.196
2026-08-17 07:44:38.250,obj004,1150.627,90.100,-1810.891
2026-08-17 07:44:38.266,obj001,712.542,90.100,-2264.459
2026-08-17 07:44:38.266,obj002,968.402,90.100,-2400.560
2026-08-17 07:44:38.266,obj003,690.188,90.100,-1693.196
2026-08-17 07:44:38.266,obj004,1150.627,90.100,-1810.891
2026-08-17 07:44:38.283,obj001,714.559,90.100,-2260.500
2026-08-17 07:44:38.283,obj002,966.929,90.100,-2396.369
2026-08-17 07:44:38.283,obj003,690.648,90.100,-1697.615
2026-08-17 07:44:38.283,obj004,1154.560,90.100,-1808.823
2026-08-17 07:44:38.300,obj001,715.584,90.100,-2258.489
2026-08-17 07:44:38.300,obj002,966.180,90.100,-2394.239
2026-08-17 07:44:38.300,obj003,690.883,90.100,-1699.860
2026-08-17 07:44:38.300,obj004,1156.558,90.100,-1807.772
2026-08-17 07:44:38.316,obj001,716.576,90.100,-2256.541
2026-08-17 07:44:38.316,obj002,965.455,90.100,-2392.177
2026-08-17 07:44:38.316,obj003,691.109,90.100,-1702.034
2026-08-17 07:44:38.316,obj004,1158.492,90.100,-1806.755
2026-08-17 07:44:38.333,obj001,717.601,90.100,-2254.530
2026-08-17 07:44:38.333,obj002,964.706,90.100,-2390.047
2026-08-17 07:44:38.333,obj003,691.343,90.100,-1704.279
2026-08-17 07:44:38.333,obj004,1160.490,90.100,-1805.705
2026-08-17 07:44:38.350,obj001,718.593,90.100,-2252.582
2026-08-17 07:44:38.350,obj002,963.982,90.100,-2387.985
2026-08-17 07:44:38.350,obj003,691.570,90.100,-1706.453
2026-08-17 07:44:38.350,obj004,1162.425,90.100,-1804.687
2026-08-17 07:44:38.366,obj001,718.593,90.100,-2252.582
2026-08-17 07:44:38.366,obj002,963.982,90.100,-2387.985
2026-08-17 07:44:38.366,obj003,691.570,90.100,-1706.453
2026-08-17 07:44:38.366,obj004,1162.425,90.100,-1804.687
2026-08-17 07:44:38.383,obj001,720.610,90.100,-2248.624
2026-08-17 07:44:38.383,obj002,962.508,90.100,-2383.793
2026-08-17 07:44:38.383,obj003,692.031,90.100,-1710.872
2026-08-17 07:44:38.383,obj004,1166.357,90.100,-1802.619
2026-08-17 07:44:38.400,obj001,721.634,90.100,-2246.612
2026-08-17 07:44:38.400,obj002,961.759,90.100,-2381.664
2026-08-17 07:44:38.400,obj003,692.265,90.100,-1713.118
2026-08-17 07:44:38.400,obj004,1168.355,90.100,-1801.569
2026-08-17 07:44:38.416,obj001,722.627,90.100,-2244.665
2026-08-17 07:44:38.416,obj002,961.034,90.102,-2379.602
2026-08-17 07:44:38.416,obj003,692.492,90.100,-1715.292
2026-08-17 07:44:38.416,obj004,1170.290,90.100,-1800.552
2026-08-17 07:44:38.433,obj001,723.651,90.100,-2242.653
2026-08-17 07:44:38.433,obj002,960.286,90.101,-2377.473
2026-08-17 07:44:38.433,obj003,692.726,90.100,-1717.537
2026-08-17 07:44:38.433,obj004,1172.288,90.100,-1799.501
2026-08-17 07:44:38.450,obj001,724.643,90.100,-2240.706
2026-08-17 07:44:38.450,obj002,959.561,90.100,-2375.411
2026-08-17 07:44:38.450,obj003,692.952,90.100,-1719.711
2026-08-17 07:44:38.450,obj004,1174.223,90.100,-1798.484
2026-08-17 07:44:38.466,obj001,725.668,90.100,-2238.694
2026-08-17 07:44:38.466,obj002,958.812,90.100,-2373.281
2026-08-17 07:44:38.466,obj003,693.187,90.100,-1721.956
2026-08-17 07:44:38.466,obj004,1176.221,90.100,-1797.433
2026-08-17 07:44:38.483,obj001,726.660,90.100,-2236.747
2026-08-17 07:44:38.483,obj002,958.087,90.100,-2371.219
2026-08-17 07:44:38.483,obj003,693.413,90.100,-1724.130
2026-08-17 07:44:38.483,obj004,1178.155,90.100,-1796.416
2026-08-17 07:44:38.500,obj001,727.685,90.100,-2234.735
2026-08-17 07:44:38.500,obj002,957.339,90.100,-2369.089
2026-08-17 07:44:38.500,obj003,693.647,90.100,-1726.375
2026-08-17 07:44:38.500,obj004,1180.153,90.100,-1795.365
2026-08-17 07:44:38.516,obj001,728.677,90.100,-2232.788
2026-08-17 07:44:38.516,obj002,956.614,90.100,-2367.027
2026-08-17 07:44:38.516,obj003,693.874,90.100,-1728.549
2026-08-17 07:44:38.516,obj004,1182.088,90.100,-1794.348
2026-08-17 07:44:38.533,obj001,729.702,90.100,-2230.776
2026-08-17 07:44:38.533,obj002,955.865,90.100,-2364.897
2026-08-17 07:44:38.533,obj003,694.108,90.100,-1730.794
2026-08-17 07:44:38.533,obj004,1184.086,90.100,-1793.298
2026-08-17 07:44:38.550,obj001,730.694,90.100,-2228.829
2026-08-17 07:44:38.550,obj002,955.140,90.101,-2362.836
2026-08-17 07:44:38.550,obj003,694.335,90.100,-1732.968
2026-08-17 07:44:38.550,obj004,1186.020,90.100,-1792.280
2026-08-17 07:44:38.566,obj001,730.694,90.100,-2228.829
2026-08-17 07:44:38.566,obj002,955.140,90.101,-2362.836
2026-08-17 07:44:38.566,obj003,694.335,90.100,-1732.968
2026-08-17 07:44:38.566,obj004,1186.020,90.100,-1792.280
2026-08-17 07:44:38.583,obj001,732.711,90.100,-2224.870
2026-08-17 07:44:38.583,obj002,953.666,90.100,-2358.644
2026-08-17 07:44:38.583,obj003,694.796,90.100,-1737.388
2026-08-17 07:44:38.583,obj004,1189.953,90.100,-1790.213
2026-08-17 07:44:38.600,obj001,733.736,90.100,-2222.858
2026-08-17 07:44:38.600,obj002,952.918,90.100,-2356.514
2026-08-17 07:44:38.600,obj003,695.030,90.100,-1739.633
2026-08-17 07:44:38.600,obj004,1191.951,90.100,-1789.162
2026-08-17 07:44:38.616,obj001,734.728,90.100,-2220.911
2026-08-17 07:44:38.616,obj002,952.193,90.100,-2354.452
2026-08-17 07:44:38.616,obj003,695.257,90.100,-1741.807
2026-08-17 07:44:38.616,obj004,1193.886,90.100,-1788.145
2026-08-17 07:44:38.633,obj001,735.752,90.100,-2218.899
2026-08-17 07:44:38.633,obj002,951.444,90.100,-2352.322
2026-08-17 07:44:38.633,obj003,695.491,90.100,-1744.052
2026-08-17 07:44:38.633,obj004,1195.884,90.100,-1787.094
2026-08-17 07:44:38.650,obj001,736.745,90.100,-2216.952
2026-08-17 07:44:38.650,obj002,950.719,90.100,-2350.260
2026-08-17 07:44:38.650,obj003,695.717,90.100,-1746.226
2026-08-17 07:44:38.650,obj004,1197.818,90.100,-1786.077
2026-08-17 07:44:38.666,obj001,737.769,90.100,-2214.940
2026-08-17 07:44:38.666,obj002,949.971,90.103,-2348.132
2026-08-17 07:44:38.666,obj003,695.951,90.100,-1748.471
2026-08-17 07:44:38.666,obj004,1199.816,90.100,-1785.026
2026-08-17 07:44:38.683,obj001,738.761,90.100,-2212.993
2026-08-17 07:44:38.683,obj002,949.247,90.102,-2346.070
2026-08-17 07:44:38.683,obj003,696.178,90.100,-1750.645
2026-08-17 07:44:38.683,obj004,1201.751,90.100,-1784.009
2026-08-17 07:44:38.700,obj001,739.786,90.100,-2210.981
2026-08-17 07:44:38.700,obj002,948.498,90.101,-2343.939
2026-08-17 07:44:38.700,obj003,696.412,90.100,-1752.890
2026-08-17 07:44:38.700,obj004,1203.749,90.100,-1782.958
2026-08-17 07:44:38.716,obj001,740.778,90.100,-2209.034
2026-08-17 07:44:38.716,obj002,947.772,90.100,-2341.875
2026-08-17 07:44:38.716,obj003,696.639,90.100,-1755.064
2026-08-17 07:44:38.716,obj004,1205.684,90.100,-1781.941
2026-08-17 07:44:38.733,obj001,741.803,90.100,-2207.022
2026-08-17 07:44:38.733,obj002,947.024,90.100,-2339.746
2026-08-17 07:44:38.733,obj003,696.873,90.100,-1757.310
2026-08-17 07:44:38.733,obj004,1207.682,90.100,-1780.890
2026-08-17 07:44:38.750,obj001,742.795,90.100,-2205.075
2026-08-17 07:44:38.750,obj002,946.299,90.100,-2337.685
2026-08-17 07:44:38.750,obj003,697.100,90.100,-1759.484
2026-08-17 07:44:38.750,obj004,1209.616,90.100,-1779.873
2026-08-17 07:44:38.766,obj001,742.795,90.100,-2205.075
2026-08-17 07:44:38.766,obj002,946.299,90.100,-2337.685
2026-08-17 07:44:38.766,obj003,697.100,90.100,-1759.484
2026-08-17 07:44:38.766,obj004,1209.616,90.100,-1779.873
2026-08-17 07:44:38.783,obj001,744.812,90.100,-2201.116
2026-08-17 07:44:38.783,obj002,944.826,90.104,-2333.494
2026-08-17 07:44:38.783,obj003,697.561,90.100,-1763.903
2026-08-17 07:44:38.783,obj004,1213.549,90.100,-1777.805
2026-08-17 07:44:38.800,obj001,744.812,90.100,-2201.116
2026-08-17 07:44:38.800,obj002,944.826,90.104,-2333.494
2026-08-17 07:44:38.800,obj003,697.561,90.100,-1763.903
2026-08-17 07:44:38.800,obj004,1213.549,90.100,-1777.805
2026-08-17 07:44:38.816,obj001,746.829,90.100,-2197.157
2026-08-17 07:44:38.816,obj002,943.352,90.101,-2329.302
2026-08-17 07:44:38.816,obj003,698.021,90.100,-1768.322
2026-08-17 07:44:38.816,obj004,1217.481,90.100,-1775.737
2026-08-17 07:44:38.833,obj001,747.853,90.100,-2195.145
2026-08-17 07:44:38.833,obj002,942.603,90.100,-2327.172
2026-08-17 07:44:38.833,obj003,698.256,90.100,-1770.567
2026-08-17 07:44:38.833,obj004,1219.479,90.100,-1774.687
2026-08-17 07:44:38.850,obj001,748.845,90.100,-2193.198
2026-08-17 07:44:38.850,obj002,941.878,90.100,-2325.110
2026-08-17 07:44:38.850,obj003,698.482,90.100,-1772.741
2026-08-17 07:44:38.850,obj004,1221.414,90.100,-1773.670
2026-08-17 07:44:38.866,obj001,749.870,90.100,-2191.186
2026-08-17 07:44:38.866,obj002,941.130,90.100,-2322.980
2026-08-17 07:44:38.866,obj003,698.716,90.100,-1774.986
2026-08-17 07:44:38.866,obj004,1223.412,90.100,-1772.619
2026-08-17 07:44:38.883,obj001,750.862,90.100,-2189.239
2026-08-17 07:44:38.883,obj002,940.405,90.100,-2320.918
2026-08-17 07:44:38.883,obj003,698.943,90.100,-1777.160
2026-08-17 07:44:38.883,obj004,1225.347,90.100,-1771.602
2026-08-17 07:44:38.900,obj001,750.862,90.100,-2189.239
2026-08-17 07:44:38.900,obj002,940.405,90.100,-2320.918
2026-08-17 07:44:38.900,obj003,698.943,90.100,-1777.160
2026-08-17 07:44:38.900,obj004,1225.347,90.100,-1771.602
2026-08-17 07:44:38.916,obj001,752.879,90.100,-2185.280
2026-08-17 07:44:38.916,obj002,938.931,90.100,-2316.726
2026-08-17 07:44:38.916,obj003,699.404,90.100,-1781.579
2026-08-17 07:44:38.916,obj004,1229.279,90.100,-1769.534
2026-08-17 07:44:38.933,obj001,753.904,90.100,-2183.268
2026-08-17 07:44:38.933,obj002,938.183,90.100,-2314.597
2026-08-17 07:44:38.933,obj003,699.638,90.100,-1783.825
2026-08-17 07:44:38.933,obj004,1231.277,90.100,-1768.483
2026-08-17 07:44:38.950,obj001,754.896,90.100,-2181.321
2026-08-17 07:44:38.950,obj002,937.458,90.100,-2312.534
2026-08-17 07:44:38.950,obj003,699.865,90.100,-1785.999
2026-08-17 07:44:38.950,obj004,1233.212,90.100,-1767.466
2026-08-17 07:44:38.966,obj001,755.920,90.100,-2179.309
2026-08-17 07:44:38.966,obj002,936.709,90.100,-2310.405
2026-08-17 07:44:38.966,obj003,700.099,90.100,-1788.244
2026-08-17 07:44:38.966,obj004,1235.210,90.100,-1766.415
2026-08-17 07:44:38.983,obj001,756.913,90.100,-2177.362
2026-08-17 07:44:38.983,obj002,935.985,90.099,-2308.342
2026-08-17 07:44:38.983,obj003,700.325,90.100,-1790.418
2026-08-17 07:44:38.983,obj004,1237.144,90.100,-1765.398
2026-08-17 07:44:39.000,obj001,757.937,90.100,-2175.350
2026-08-17 07:44:39.000,obj002,935.236,90.099,-2306.213
2026-08-17 07:44:39.000,obj003,700.560,90.100,-1792.663
2026-08-17 07:44:39.000,obj004,1239.143,90.100,-1764.347
2026-08-17 07:44:39.016,obj001,758.929,90.100,-2173.403
2026-08-17 07:44:39.016,obj002,934.511,90.100,-2304.151
2026-08-17 07:44:39.016,obj003,700.786,90.100,-1794.837
2026-08-17 07:44:39.016,obj004,1241.077,90.100,-1763.330
2026-08-17 07:44:39.033,obj001,758.929,90.100,-2173.403
2026-08-17 07:44:39.033,obj002,934.511,90.100,-2304.151
2026-08-17 07:44:39.033,obj003,700.786,90.100,-1794.837
2026-08-17 07:44:39.033,obj004,1241.077,90.100,-1763.330
2026-08-17 07:44:39.050,obj001,760.946,90.100,-2169.444
2026-08-17 07:44:39.050,obj002,933.037,90.099,-2299.958
2026-08-17 07:44:39.050,obj003,701.247,90.100,-1799.256
2026-08-17 07:44:39.050,obj004,1245.010,90.100,-1761.262
2026-08-17 07:44:39.066,obj001,761.971,90.100,-2167.432
2026-08-17 07:44:39.066,obj002,932.289,90.099,-2297.830
2026-08-17 07:44:39.066,obj003,701.481,90.100,-1801.501
2026-08-17 07:44:39.066,obj004,1247.008,90.100,-1760.212
2026-08-17 07:44:39.083,obj001,762.963,90.100,-2165.485
2026-08-17 07:44:39.083,obj002,931.565,90.100,-2295.769
2026-08-17 07:44:39.083,obj003,701.708,90.100,-1803.675
2026-08-17 07:44:39.083,obj004,1248.942,90.100,-1759.195
2026-08-17 07:44:39.100,obj001,763.988,90.100,-2163.473
2026-08-17 07:44:39.100,obj002,930.816,90.100,-2293.639
2026-08-17 07:44:39.100,obj003,701.942,90.100,-1805.921
2026-08-17 07:44:39.100,obj004,1250.940,90.100,-1758.144
2026-08-17 07:44:39.116,obj001,764.980,90.100,-2161.526
2026-08-17 07:44:39.116,obj002,930.091,90.100,-2291.576
2026-08-17 07:44:39.116,obj003,702.169,90.100,-1808.095
2026-08-17 07:44:39.116,obj004,1252.875,90.100,-1757.127
2026-08-17 07:44:39.133,obj001,764.980,90.100,-2161.526
2026-08-17 07:44:39.133,obj002,930.091,90.100,-2291.576
2026-08-17 07:44:39.133,obj003,702.169,90.100,-1808.095
2026-08-17 07:44:39.133,obj004,1252.875,90.100,-1757.127
2026-08-17 07:44:39.150,obj001,766.996,90.100,-2157.567
2026-08-17 07:44:39.150,obj002,928.617,90.099,-2287.385
2026-08-17 07:44:39.150,obj003,702.630,90.100,-1812.514
2026-08-17 07:44:39.150,obj004,1256.808,90.100,-1755.059
2026-08-17 07:44:39.166,obj001,768.021,90.100,-2155.555
2026-08-17 07:44:39.166,obj002,927.869,90.099,-2285.255
2026-08-17 07:44:39.166,obj003,702.864,90.100,-1814.759
2026-08-17 07:44:39.166,obj004,1258.806,90.100,-1754.008
2026-08-17 07:44:39.183,obj001,769.013,90.100,-2153.608
2026-08-17 07:44:39.183,obj002,927.144,90.100,-2283.193
2026-08-17 07:44:39.183,obj003,703.090,90.100,-1816.933
2026-08-17 07:44:39.183,obj004,1260.740,90.100,-1752.991
2026-08-17 07:44:39.200,obj001,769.013,90.100,-2153.608
2026-08-17 07:44:39.200,obj002,927.144,90.100,-2283.193
2026-08-17 07:44:39.200,obj003,703.090,90.100,-1816.933
2026-08-17 07:44:39.200,obj004,1260.740,90.100,-1752.991
2026-08-17 07:44:39.216,obj001,771.030,90.100,-2149.649
2026-08-17 07:44:39.216,obj002,925.671,90.099,-2279.001
2026-08-17 07:44:39.216,obj003,703.551,90.100,-1821.352
2026-08-17 07:44:39.216,obj004,1264.673,90.100,-1750.923
2026-08-17 07:44:39.233,obj001,772.055,90.100,-2147.637
2026-08-17 07:44:39.233,obj002,924.922,90.100,-2276.872
2026-08-17 07:44:39.233,obj003,703.785,90.100,-1823.597
2026-08-17 07:44:39.233,obj004,1266.671,90.100,-1749.872
2026-08-17 07:44:39.250,obj001,773.047,90.100,-2145.690
2026-08-17 07:44:39.250,obj002,924.197,90.096,-2274.809
2026-08-17 07:44:39.250,obj003,704.012,90.100,-1825.771
2026-08-17 07:44:39.250,obj004,1268.605,90.100,-1748.855
2026-08-17 07:44:39.266,obj001,773.047,90.100,-2145.690
2026-08-17 07:44:39.266,obj002,924.197,90.096,-2274.809
2026-08-17 07:44:39.266,obj003,704.012,90.100,-1825.771
2026-08-17 07:44:39.266,obj004,1268.605,90.100,-1748.855
2026-08-17 07:44:39.283,obj001,775.062,90.111,-2141.734
2026-08-17 07:44:39.283,obj002,922.724,90.099,-2270.617
2026-08-17 07:44:39.283,obj003,704.473,90.100,-1830.191
2026-08-17 07:44:39.283,obj004,1272.538,90.100,-1746.787
2026-08-17 07:44:39.300,obj001,776.087,90.110,-2139.723
2026-08-17 07:44:39.300,obj002,921.975,90.099,-2268.488
2026-08-17 07:44:39.300,obj003,704.707,90.100,-1832.436
2026-08-17 07:44:39.300,obj004,1274.536,90.100,-1745.737
2026-08-17 07:44:39.316,obj001,777.077,90.121,-2137.780
2026-08-17 07:44:39.316,obj002,921.250,90.100,-2266.426
2026-08-17 07:44:39.316,obj003,704.934,90.100,-1834.610
2026-08-17 07:44:39.316,obj004,1276.471,90.100,-1744.719
2026-08-17 07:44:39.333,obj001,777.077,90.121,-2137.780
2026-08-17 07:44:39.333,obj002,921.250,90.100,-2266.426
2026-08-17 07:44:39.333,obj003,704.934,90.100,-1834.610
2026-08-17 07:44:39.333,obj004,1276.471,90.100,-1744.719
2026-08-17 07:44:39.350,obj001,779.094,90.117,-2133.817
2026-08-17 07:44:39.350,obj002,919.777,90.100,-2262.234
2026-08-17 07:44:39.350,obj003,705.394,90.100,-1839.029
2026-08-17 07:44:39.350,obj004,1280.403,90.100,-1742.652
2026-08-17 07:44:39.366,obj001,780.121,90.100,-2131.802
2026-08-17 07:44:39.366,obj002,919.028,90.100,-2260.104
2026-08-17 07:44:39.366,obj003,705.629,90.100,-1841.274
2026-08-17 07:44:39.366,obj004,1282.401,90.100,-1741.601
2026-08-17 07:44:39.383,obj001,781.113,90.100,-2129.854
2026-08-17 07:44:39.383,obj002,918.303,90.100,-2258.042
2026-08-17 07:44:39.383,obj003,705.855,90.100,-1843.448
2026-08-17 07:44:39.383,obj004,1284.336,90.100,-1740.584
2026-08-17 07:44:39.400,obj001,782.136,90.100,-2127.845
2026-08-17 07:44:39.400,obj002,917.554,90.100,-2255.913
2026-08-17 07:44:39.400,obj003,706.089,90.100,-1845.693
2026-08-17 07:44:39.400,obj004,1286.334,90.100,-1739.533
2026-08-17 07:44:39.416,obj001,783.127,90.100,-2125.900
2026-08-17 07:44:39.416,obj002,916.830,90.100,-2253.851
2026-08-17 07:44:39.416,obj003,706.316,90.100,-1847.867
2026-08-17 07:44:39.416,obj004,1288.268,90.100,-1738.516
2026-08-17 07:44:39.433,obj001,784.152,90.100,-2123.888
2026-08-17 07:44:39.433,obj002,916.081,90.100,-2251.721
2026-08-17 07:44:39.433,obj003,706.550,90.100,-1850.113
2026-08-17 07:44:39.433,obj004,1290.266,90.100,-1737.465
2026-08-17 07:44:39.450,obj001,785.146,90.096,-2121.938
2026-08-17 07:44:39.450,obj002,915.356,90.100,-2249.659
2026-08-17 07:44:39.450,obj003,706.777,90.100,-1852.287
2026-08-17 07:44:39.450,obj004,1292.201,90.100,-1736.448
2026-08-17 07:44:39.466,obj001,786.170,90.098,-2119.927
2026-08-17 07:44:39.466,obj002,914.607,90.100,-2247.529
2026-08-17 07:44:39.466,obj003,707.011,90.100,-1854.532
2026-08-17 07:44:39.466,obj004,1294.199,90.100,-1735.397
2026-08-17 07:44:39.483,obj001,787.162,90.099,-2117.980
2026-08-17 07:44:39.483,obj002,913.883,90.100,-2245.467
2026-08-17 07:44:39.483,obj003,707.238,90.100,-1856.706
2026-08-17 07:44:39.483,obj004,1296.134,90.100,-1734.380
2026-08-17 07:44:39.500,obj001,788.187,90.099,-2115.969
2026-08-17 07:44:39.500,obj002,913.134,90.101,-2243.338
2026-08-17 07:44:39.500,obj003,707.472,90.100,-1858.951
2026-08-17 07:44:39.500,obj004,1298.132,90.100,-1733.329
2026-08-17 07:44:39.516,obj001,789.179,90.100,-2114.021
2026-08-17 07:44:39.516,obj002,912.409,90.100,-2241.276
2026-08-17 07:44:39.516,obj003,707.698,90.100,-1861.125
2026-08-17 07:44:39.516,obj004,1300.066,90.100,-1732.312
2026-08-17 07:44:39.533,obj001,790.203,90.100,-2112.010
2026-08-17 07:44:39.533,obj002,911.661,90.100,-2239.146
2026-08-17 07:44:39.533,obj003,707.933,90.100,-1863.370
2026-08-17 07:44:39.533,obj004,1302.064,90.100,-1731.262
2026-08-17 07:44:39.550,obj001,791.196,90.100,-2110.062
2026-08-17 07:44:39.550,obj002,910.936,90.100,-2237.083
2026-08-17 07:44:39.550,obj003,708.159,90.100,-1865.544
2026-08-17 07:44:39.550,obj004,1303.999,90.100,-1730.244
2026-08-17 07:44:39.566,obj001,792.220,90.100,-2108.051
2026-08-17 07:44:39.566,obj002,910.187,90.100,-2234.954
2026-08-17 07:44:39.566,obj003,708.393,90.100,-1867.789
2026-08-17 07:44:39.566,obj004,1305.997,90.100,-1729.194
2026-08-17 07:44:39.583,obj001,793.214,90.092,-2106.101
2026-08-17 07:44:39.583,obj002,909.462,90.100,-2232.892
2026-08-17 07:44:39.583,obj003,708.620,90.100,-1869.963
2026-08-17 07:44:39.583,obj004,1307.931,90.100,-1728.176
2026-08-17 07:44:39.600,obj001,793.214,90.092,-2106.101
2026-08-17 07:44:39.600,obj002,909.462,90.100,-2232.892
2026-08-17 07:44:39.600,obj003,708.620,90.100,-1869.963
2026-08-17 07:44:39.600,obj004,1307.931,90.100,-1728.176
2026-08-17 07:44:39.616,obj001,795.230,90.098,-2102.144
2026-08-17 07:44:39.616,obj002,907.989,90.100,-2228.700
2026-08-17 07:44:39.616,obj003,709.081,90.100,-1874.382
2026-08-17 07:44:39.616,obj004,1311.864,90.100,-1726.109
2026-08-17 07:44:39.633,obj001,796.255,90.099,-2100.133
2026-08-17 07:44:39.633,obj002,907.240,90.100,-2226.570
2026-08-17 07:44:39.633,obj003,709.315,90.100,-1876.628
2026-08-17 07:44:39.633,obj004,1313.862,90.100,-1725.058
2026-08-17 07:44:39.650,obj001,797.247,90.099,-2098.185
2026-08-17 07:44:39.650,obj002,906.515,90.100,-2224.508
2026-08-17 07:44:39.650,obj003,709.541,90.100,-1878.802
2026-08-17 07:44:39.650,obj004,1315.797,90.100,-1724.041
2026-08-17 07:44:39.666,obj001,798.271,90.100,-2096.174
2026-08-17 07:44:39.666,obj002,905.766,90.100,-2222.379
2026-08-17 07:44:39.666,obj003,709.775,90.100,-1881.047
2026-08-17 07:44:39.666,obj004,1317.795,90.100,-1722.990
2026-08-17 07:44:39.683,obj001,799.264,90.100,-2094.226
2026-08-17 07:44:39.683,obj002,905.042,90.100,-2220.317
2026-08-17 07:44:39.683,obj003,710.002,90.100,-1883.221
2026-08-17 07:44:39.683,obj004,1319.729,90.100,-1721.973
2026-08-17 07:44:39.700,obj001,800.288,90.100,-2092.215
2026-08-17 07:44:39.700,obj002,904.293,90.100,-2218.187
2026-08-17 07:44:39.700,obj003,710.236,90.100,-1885.466
2026-08-17 07:44:39.700,obj004,1321.727,90.100,-1720.922
2026-08-17 07:44:39.716,obj001,801.280,90.100,-2090.267
2026-08-17 07:44:39.716,obj002,903.568,90.100,-2216.125
2026-08-17 07:44:39.716,obj003,710.463,90.100,-1887.640
2026-08-17 07:44:39.716,obj004,1323.662,90.100,-1719.905
2026-08-17 07:44:39.733,obj001,802.306,90.096,-2088.255
2026-08-17 07:44:39.733,obj002,902.819,90.100,-2213.996
2026-08-17 07:44:39.733,obj003,710.697,90.100,-1889.885
2026-08-17 07:44:39.733,obj004,1325.660,90.100,-1718.854
2026-08-17 07:44:39.750,obj001,803.298,90.098,-2086.307
2026-08-17 07:44:39.750,obj002,902.094,90.100,-2211.934
2026-08-17 07:44:39.750,obj003,710.923,90.100,-1892.059
2026-08-17 07:44:39.750,obj004,1327.595,90.100,-1717.837
2026-08-17 07:44:39.766,obj001,804.322,90.099,-2084.297
2026-08-17 07:44:39.766,obj002,901.346,90.100,-2209.804
2026-08-17 07:44:39.766,obj003,711.157,90.100,-1894.304
2026-08-17 07:44:39.766,obj004,1329.593,90.100,-1716.786
2026-08-17 07:44:39.783,obj001,805.313,90.100,-2082.351
2026-08-17 07:44:39.783,obj002,900.621,90.100,-2207.742
2026-08-17 07:44:39.783,obj003,711.384,90.100,-1896.478
2026-08-17 07:44:39.783,obj004,1331.527,90.100,-1715.769
2026-08-17 07:44:39.800,obj001,806.338,90.100,-2080.339
2026-08-17 07:44:39.800,obj002,899.872,90.100,-2205.612
2026-08-17 07:44:39.800,obj003,711.618,90.100,-1898.724
2026-08-17 07:44:39.800,obj004,1333.525,90.100,-1714.719
2026-08-17 07:44:39.816,obj001,807.331,90.097,-2078.390
2026-08-17 07:44:39.816,obj002,899.147,90.100,-2203.550
2026-08-17 07:44:39.816,obj003,711.845,90.100,-1900.898
2026-08-17 07:44:39.816,obj004,1335.460,90.100,-1713.701
2026-08-17 07:44:39.833,obj001,808.355,90.099,-2076.379
2026-08-17 07:44:39.833,obj002,898.399,90.100,-2201.421
2026-08-17 07:44:39.833,obj003,712.079,90.100,-1903.143
2026-08-17 07:44:39.833,obj004,1337.458,90.100,-1712.651
2026-08-17 07:44:39.850,obj001,809.347,90.099,-2074.432
2026-08-17 07:44:39.850,obj002,897.674,90.100,-2199.359
2026-08-17 07:44:39.850,obj003,712.305,90.100,-1905.317
2026-08-17 07:44:39.850,obj004,1339.392,90.100,-1711.633
2026-08-17 07:44:39.866,obj001,810.372,90.100,-2072.421
2026-08-17 07:44:39.866,obj002,896.925,90.100,-2197.229
2026-08-17 07:44:39.866,obj003,712.540,90.100,-1907.562
2026-08-17 07:44:39.866,obj004,1341.390,90.100,-1710.583
2026-08-17 07:44:39.883,obj001,811.364,90.100,-2070.473
2026-08-17 07:44:39.883,obj002,896.200,90.100,-2195.167
2026-08-17 07:44:39.883,obj003,712.766,90.100,-1909.736
2026-08-17 07:44:39.883,obj004,1343.325,90.100,-1709.566
2026-08-17 07:44:39.900,obj001,812.389,90.096,-2068.460
2026-08-17 07:44:39.900,obj002,895.452,90.100,-2193.037
2026-08-17 07:44:39.900,obj003,713.000,90.100,-1911.981
2026-08-17 07:44:39.900,obj004,1345.323,90.100,-1708.515
2026-08-17 07:44:39.916,obj001,813.382,90.098,-2066.513
2026-08-17 07:44:39.916,obj002,894.727,90.100,-2190.975
2026-08-17 07:44:39.916,obj003,713.227,90.100,-1914.155
2026-08-17 07:44:39.916,obj004,1347.258,90.100,-1707.498
2026-08-17 07:44:39.933,obj001,814.406,90.099,-2064.503
2026-08-17 07:44:39.933,obj002,893.978,90.100,-2188.846
2026-08-17 07:44:39.933,obj003,713.461,90.100,-1916.400
2026-08-17 07:44:39.933,obj004,1349.256,90.100,-1706.447
2026-08-17 07:44:39.950,obj001,815.397,90.100,-2062.556
2026-08-17 07:44:39.950,obj002,893.253,90.100,-2186.784
2026-08-17 07:44:39.950,obj003,713.688,90.100,-1918.574
2026-08-17 07:44:39.950,obj004,1351.190,90.100,-1705.430
2026-08-17 07:44:39.966,obj001,815.397,90.100,-2062.556
2026-08-17 07:44:39.966,obj002,893.253,90.100,-2186.784
2026-08-17 07:44:39.966,obj003,713.688,90.100,-1918.574
2026-08-17 07:44:39.966,obj004,1351.190,90.100,-1705.430
2026-08-17 07:44:39.983,obj001,817.415,90.100,-2058.596
2026-08-17 07:44:39.983,obj002,891.780,90.100,-2182.592
2026-08-17 07:44:39.983,obj003,714.148,90.100,-1922.994
2026-08-17 07:44:39.983,obj004,1355.123,90.100,-1703.362
2026-08-17 07:44:40.000,obj001,817.415,90.100,-2058.596
2026-08-17 07:44:40.000,obj002,891.780,90.100,-2182.592
2026-08-17 07:44:40.000,obj003,714.148,90.100,-1922.994
2026-08-17 07:44:40.000,obj004,1355.123,90.100,-1703.362
2026-08-17 07:44:40.016,obj001,819.432,90.100,-2054.638
2026-08-17 07:44:40.016,obj002,890.306,90.100,-2178.400
2026-08-17 07:44:40.016,obj003,714.609,90.100,-1927.413
2026-08-17 07:44:40.016,obj004,1359.055,90.100,-1701.294
2026-08-17 07:44:40.033,obj001,819.432,90.100,-2054.638
2026-08-17 07:44:40.033,obj002,890.306,90.100,-2178.400
2026-08-17 07:44:40.033,obj003,714.609,90.100,-1927.413
2026-08-17 07:44:40.033,obj004,1359.055,90.100,-1701.294
2026-08-17 07:44:40.050,obj001,821.449,90.096,-2050.678
2026-08-17 07:44:40.050,obj002,888.833,90.100,-2174.209
2026-08-17 07:44:40.050,obj003,715.070,90.100,-1931.832
2026-08-17 07:44:40.050,obj004,1362.988,90.100,-1699.226
2026-08-17 07:44:40.066,obj001,822.474,90.098,-2048.667
2026-08-17 07:44:40.066,obj002,888.084,90.100,-2172.079
2026-08-17 07:44:40.066,obj003,715.304,90.100,-1934.077
2026-08-17 07:44:40.066,obj004,1364.986,90.100,-1698.176
2026-08-17 07:44:40.083,obj001,823.465,90.099,-2046.720
2026-08-17 07:44:40.083,obj002,887.359,90.100,-2170.017
2026-08-17 07:44:40.083,obj003,715.530,90.100,-1936.251
2026-08-17 07:44:40.083,obj004,1366.921,90.100,-1697.158
2026-08-17 07:44:40.100,obj001,824.490,90.099,-2044.708
2026-08-17 07:44:40.100,obj002,886.611,90.100,-2167.887
2026-08-17 07:44:40.100,obj003,715.764,90.100,-1938.496
2026-08-17 07:44:40.100,obj004,1368.919,90.100,-1696.108
2026-08-17 07:44:40.116,obj001,825.482,90.100,-2042.761
2026-08-17 07:44:40.116,obj002,885.886,90.100,-2165.825
2026-08-17 07:44:40.116,obj003,715.991,90.100,-1940.670
2026-08-17 07:44:40.116,obj004,1370.853,90.100,-1695.091
2026-08-17 07:44:40.133,obj001,826.507,90.100,-2040.749
2026-08-17 07:44:40.133,obj002,885.137,90.100,-2163.695
2026-08-17 07:44:40.133,obj003,716.225,90.100,-1942.916
2026-08-17 07:44:40.133,obj004,1372.851,90.100,-1694.040
2026-08-17 07:44:40.150,obj001,827.499,90.100,-2038.802
2026-08-17 07:44:40.150,obj002,884.412,90.100,-2161.633
2026-08-17 07:44:40.150,obj003,716.452,90.100,-1945.090
2026-08-17 07:44:40.150,obj004,1374.786,90.100,-1693.023
2026-08-17 07:44:40.166,obj001,827.499,90.100,-2038.802
2026-08-17 07:44:40.166,obj002,884.412,90.100,-2161.633
2026-08-17 07:44:40.166,obj003,716.452,90.100,-1945.090
2026-08-17 07:44:40.166,obj004,1374.786,90.100,-1693.023
2026-08-17 07:44:40.183,obj001,829.516,90.100,-2034.843
2026-08-17 07:44:40.183,obj002,882.939,90.100,-2157.442
2026-08-17 07:44:40.183,obj003,716.912,90.100,-1949.509
2026-08-17 07:44:40.183,obj004,1378.719,90.100,-1690.955
2026-08-17 07:44:40.200,obj001,830.540,90.100,-2032.832
2026-08-17 07:44:40.200,obj002,882.190,90.100,-2155.312
2026-08-17 07:44:40.200,obj003,717.146,90.100,-1951.754
2026-08-17 07:44:40.200,obj004,1380.717,90.100,-1689.904
2026-08-17 07:44:40.216,obj001,831.532,90.100,-2030.884
2026-08-17 07:44:40.216,obj002,881.465,90.100,-2153.250
2026-08-17 07:44:40.216,obj003,717.373,90.100,-1953.928
2026-08-17 07:44:40.216,obj004,1382.651,90.100,-1688.887
2026-08-17 07:44:40.233,obj001,832.557,90.100,-2028.873
2026-08-17 07:44:40.233,obj002,880.716,90.100,-2151.121
2026-08-17 07:44:40.233,obj003,717.607,90.100,-1956.173
2026-08-17 07:44:40.233,obj004,1384.649,90.100,-1687.836
2026-08-17 07:44:40.250,obj001,833.550,90.097,-2026.924
2026-08-17 07:44:40.250,obj002,879.992,90.100,-2149.059
2026-08-17 07:44:40.250,obj003,717.834,90.100,-1958.347
2026-08-17 07:44:40.250,obj004,1386.584,90.100,-1686.819
2026-08-17 07:44:40.266,obj001,834.574,90.099,-2024.913
2026-08-17 07:44:40.266,obj002,879.243,90.100,-2146.929
2026-08-17 07:44:40.266,obj003,718.068,90.100,-1960.592
2026-08-17 07:44:40.266,obj004,1388.582,90.100,-1685.768
2026-08-17 07:44:40.283,obj001,835.566,90.099,-2022.966
2026-08-17 07:44:40.283,obj002,878.518,90.100,-2144.867
2026-08-17 07:44:40.283,obj003,718.294,90.100,-1962.766
2026-08-17 07:44:40.283,obj004,1390.516,90.100,-1684.751
2026-08-17 07:44:40.300,obj001,836.591,90.100,-2020.954
2026-08-17 07:44:40.300,obj002,877.769,90.100,-2142.737
2026-08-17 07:44:40.300,obj003,718.529,90.100,-1965.011
2026-08-17 07:44:40.300,obj004,1392.514,90.100,-1683.700
2026-08-17 07:44:40.316,obj001,837.583,90.100,-2019.007
2026-08-17 07:44:40.316,obj002,877.044,90.100,-2140.675
2026-08-17 07:44:40.316,obj003,718.755,90.100,-1967.185
2026-08-17 07:44:40.316,obj004,1394.449,90.100,-1682.683
2026-08-17 07:44:40.333,obj001,838.607,90.100,-2016.995
2026-08-17 07:44:40.333,obj002,876.296,90.100,-2138.546
2026-08-17 07:44:40.333,obj003,718.989,90.100,-1969.431
2026-08-17 07:44:40.333,obj004,1396.447,90.100,-1681.633
2026-08-17 07:44:40.350,obj001,839.601,90.094,-2015.046
2026-08-17 07:44:40.350,obj002,875.571,90.100,-2136.484
2026-08-17 07:44:40.350,obj003,719.216,90.100,-1971.605
2026-08-17 07:44:40.350,obj004,1398.382,90.100,-1680.615
2026-08-17 07:44:40.366,obj001,840.625,90.097,-2013.035
2026-08-17 07:44:40.366,obj002,874.822,90.100,-2134.354
2026-08-17 07:44:40.366,obj003,719.450,90.100,-1973.850
2026-08-17 07:44:40.366,obj004,1400.380,90.100,-1679.565
2026-08-17 07:44:40.383,obj001,841.617,90.099,-2011.088
2026-08-17 07:44:40.383,obj002,874.097,90.100,-2132.292
2026-08-17 07:44:40.383,obj003,719.677,90.100,-1976.024
2026-08-17 07:44:40.383,obj004,1402.314,90.100,-1678.548
2026-08-17 07:44:40.400,obj001,842.641,90.101,-2009.077
2026-08-17 07:44:40.400,obj002,873.349,90.100,-2130.162
2026-08-17 07:44:40.400,obj003,719.911,90.100,-1978.269
2026-08-17 07:44:40.400,obj004,1404.312,90.100,-1677.497
2026-08-17 07:44:40.416,obj001,843.633,90.101,-2007.130
2026-08-17 07:44:40.416,obj002,872.624,90.100,-2128.100
2026-08-17 07:44:40.416,obj003,720.137,90.100,-1980.443
2026-08-17 07:44:40.416,obj004,1406.247,90.100,-1676.480
2026-08-17 07:44:40.433,obj001,843.633,90.101,-2007.130
2026-08-17 07:44:40.433,obj002,872.624,90.100,-2128.100
2026-08-17 07:44:40.433,obj003,720.137,90.100,-1980.443
2026-08-17 07:44:40.433,obj004,1406.247,90.100,-1676.480
2026-08-17 07:44:40.450,obj001,845.650,90.100,-2003.169
2026-08-17 07:44:40.450,obj002,871.150,90.100,-2123.909
2026-08-17 07:44:40.450,obj003,720.598,90.100,-1984.862
2026-08-17 07:44:40.450,obj004,1410.180,90.100,-1674.412
2026-08-17 07:44:40.466,obj001,846.675,90.100,-2001.158
2026-08-17 07:44:40.466,obj002,870.402,90.100,-2121.779
2026-08-17 07:44:40.466,obj003,720.832,90.100,-1987.107
2026-08-17 07:44:40.466,obj004,1412.178,90.100,-1673.361
2026-08-17 07:44:40.483,obj001,847.667,90.100,-1999.211
2026-08-17 07:44:40.483,obj002,869.677,90.100,-2119.717
2026-08-17 07:44:40.483,obj003,721.059,90.100,-1989.281
2026-08-17 07:44:40.483,obj004,1414.112,90.100,-1672.344
2026-08-17 07:44:40.500,obj001,847.667,90.100,-1999.211
2026-08-17 07:44:40.500,obj002,869.677,90.100,-2119.717
2026-08-17 07:44:40.500,obj003,721.059,90.100,-1989.281
2026-08-17 07:44:40.500,obj004,1414.112,90.100,-1672.344
2026-08-17 07:44:40.516,obj001,849.684,90.100,-1995.251
2026-08-17 07:44:40.516,obj002,868.203,90.100,-2115.525
2026-08-17 07:44:40.516,obj003,721.519,90.100,-1993.701
2026-08-17 07:44:40.516,obj004,1418.045,90.100,-1670.276
2026-08-17 07:44:40.533,obj001,850.708,90.099,-1993.240
2026-08-17 07:44:40.533,obj002,867.455,90.100,-2113.396
2026-08-17 07:44:40.533,obj003,721.753,90.100,-1995.946
2026-08-17 07:44:40.533,obj004,1420.043,90.100,-1669.225
2026-08-17 07:44:40.550,obj001,851.700,90.100,-1991.292
2026-08-17 07:44:40.550,obj002,866.730,90.100,-2111.334
2026-08-17 07:44:40.550,obj003,721.980,90.100,-1998.120
2026-08-17 07:44:40.550,obj004,1421.977,90.100,-1668.208
2026-08-17 07:44:40.566,obj001,852.724,90.101,-1989.281
2026-08-17 07:44:40.566,obj002,865.981,90.100,-2109.204
2026-08-17 07:44:40.566,obj003,722.214,90.100,-2000.365
2026-08-17 07:44:40.566,obj004,1423.975,90.100,-1667.158
2026-08-17 07:44:40.583,obj001,853.716,90.101,-1987.334
2026-08-17 07:44:40.583,obj002,865.256,90.100,-2107.142
2026-08-17 07:44:40.583,obj003,722.441,90.100,-2002.539
2026-08-17 07:44:40.583,obj004,1422.607,90.100,-1668.953
2026-08-17 07:44:40.600,obj001,854.741,90.100,-1985.322
2026-08-17 07:44:40.600,obj002,864.508,90.100,-2105.012
2026-08-17 07:44:40.600,obj003,722.675,90.100,-2004.784
2026-08-17 07:44:40.600,obj004,1421.282,90.100,-1670.692
2026-08-17 07:44:40.616,obj001,855.734,90.100,-1983.374
2026-08-17 07:44:40.616,obj002,863.783,90.100,-2102.950
2026-08-17 07:44:40.616,obj003,722.901,90.100,-2006.958
2026-08-17 07:44:40.616,obj004,1419.914,90.100,-1672.487
2026-08-17 07:44:40.633,obj001,856.758,90.100,-1981.362
2026-08-17 07:44:40.633,obj002,863.034,90.100,-2100.821
2026-08-17 07:44:40.633,obj003,723.136,90.100,-2009.203
2026-08-17 07:44:40.633,obj004,1418.589,90.100,-1674.226
2026-08-17 07:44:40.650,obj001,857.750,90.100,-1979.415
2026-08-17 07:44:40.650,obj002,862.309,90.100,-2098.759
2026-08-17 07:44:40.650,obj003,723.362,90.100,-2011.377
2026-08-17 07:44:40.650,obj004,1417.221,90.100,-1676.021
2026-08-17 07:44:40.666,obj001,857.750,90.100,-1979.415
2026-08-17 07:44:40.666,obj002,862.309,90.100,-2098.759
2026-08-17 07:44:40.666,obj003,723.362,90.100,-2011.377
2026-08-17 07:44:40.666,obj004,1417.221,90.100,-1676.021
2026-08-17 07:44:40.683,obj001,859.767,90.099,-1975.454
2026-08-17 07:44:40.683,obj002,860.836,90.100,-2094.567
2026-08-17 07:44:40.683,obj003,723.823,90.100,-2015.797
2026-08-17 07:44:40.683,obj004,1414.528,90.100,-1679.555
2026-08-17 07:44:40.700,obj001,859.767,90.099,-1975.454
2026-08-17 07:44:40.700,obj002,860.836,90.100,-2094.567
2026-08-17 07:44:40.700,obj003,723.823,90.100,-2015.797
2026-08-17 07:44:40.700,obj004,1414.528,90.100,-1679.555
2026-08-17 07:44:40.716,obj001,861.784,90.090,-1971.495
2026-08-17 07:44:40.716,obj002,859.362,90.100,-2090.375
2026-08-17 07:44:40.716,obj003,724.284,90.100,-2020.216
2026-08-17 07:44:40.716,obj004,1411.835,90.100,-1683.089
2026-08-17 07:44:40.733,obj001,862.808,90.095,-1969.484
2026-08-17 07:44:40.733,obj002,858.614,90.100,-2088.246
2026-08-17 07:44:40.733,obj003,724.518,90.100,-2022.461
2026-08-17 07:44:40.733,obj004,1410.510,90.100,-1684.827
2026-08-17 07:44:40.750,obj001,863.800,90.098,-1967.536
2026-08-17 07:44:40.750,obj002,857.889,90.100,-2086.184
2026-08-17 07:44:40.750,obj003,724.744,90.100,-2024.635
2026-08-17 07:44:40.750,obj004,1409.141,90.100,-1686.623
2026-08-17 07:44:40.766,obj001,864.825,90.099,-1965.525
2026-08-17 07:44:40.766,obj002,857.140,90.100,-2084.054
2026-08-17 07:44:40.766,obj003,724.979,90.100,-2026.880
2026-08-17 07:44:40.766,obj004,1407.817,90.100,-1688.361
2026-08-17 07:44:40.783,obj001,865.817,90.099,-1963.578
2026-08-17 07:44:40.783,obj002,856.415,90.100,-2081.992
2026-08-17 07:44:40.783,obj003,725.205,90.100,-2029.054
2026-08-17 07:44:40.783,obj004,1406.448,90.100,-1690.157
2026-08-17 07:44:40.800,obj001,866.841,90.099,-1961.567
2026-08-17 07:44:40.800,obj002,855.667,90.100,-2079.862
2026-08-17 07:44:40.800,obj003,725.439,90.100,-2031.299
2026-08-17 07:44:40.800,obj004,1405.123,90.100,-1691.895
2026-08-17 07:44:40.816,obj001,867.833,90.099,-1959.619
2026-08-17 07:44:40.816,obj002,854.942,90.100,-2077.800
2026-08-17 07:44:40.816,obj003,725.666,90.100,-2033.473
2026-08-17 07:44:40.816,obj004,1403.755,90.100,-1693.691
2026-08-17 07:44:40.833,obj001,868.858,90.100,-1957.608
2026-08-17 07:44:40.833,obj002,854.193,90.100,-2075.671
2026-08-17 07:44:40.833,obj003,725.900,90.100,-2035.719
2026-08-17 07:44:40.833,obj004,1402.430,90.100,-1695.429
2026-08-17 07:44:40.850,obj001,869.850,90.100,-1955.660
2026-08-17 07:44:40.850,obj002,853.468,90.100,-2073.609
2026-08-17 07:44:40.850,obj003,726.127,90.100,-2037.892
2026-08-17 07:44:40.850,obj004,1401.062,90.100,-1697.225
2026-08-17 07:44:40.866,obj001,870.875,90.100,-1953.649
2026-08-17 07:44:40.866,obj002,852.720,90.100,-2071.479
2026-08-17 07:44:40.866,obj003,726.361,90.100,-2040.138
2026-08-17 07:44:40.866,obj004,1399.737,90.100,-1698.963
2026-08-17 07:44:40.883,obj001,871.867,90.100,-1951.701
2026-08-17 07:44:40.883,obj002,851.995,90.100,-2069.417
2026-08-17 07:44:40.883,obj003,726.588,90.100,-2042.312
2026-08-17 07:44:40.883,obj004,1398.369,90.100,-1700.759
2026-08-17 07:44:40.900,obj001,872.891,90.100,-1949.689
2026-08-17 07:44:40.900,obj002,851.246,90.100,-2067.288
2026-08-17 07:44:40.900,obj003,726.822,90.100,-2044.557
2026-08-17 07:44:40.900,obj004,1397.044,90.100,-1702.497
2026-08-17 07:44:40.916,obj001,873.884,90.100,-1947.742
2026-08-17 07:44:40.916,obj002,850.521,90.100,-2065.226
2026-08-17 07:44:40.916,obj003,727.048,90.100,-2046.731
2026-08-17 07:44:40.916,obj004,1395.676,90.100,-1704.293
2026-08-17 07:44:40.933,obj001,874.907,90.105,-1945.732
2026-08-17 07:44:40.933,obj002,849.773,90.100,-2063.096
2026-08-17 07:44:40.933,obj003,727.283,90.100,-2048.976
2026-08-17 07:44:40.933,obj004,1394.351,90.100,-1706.031
2026-08-17 07:44:40.950,obj001,875.899,90.102,-1943.784
2026-08-17 07:44:40.950,obj002,849.048,90.100,-2061.034
2026-08-17 07:44:40.950,obj003,727.509,90.100,-2051.150
2026-08-17 07:44:40.950,obj004,1392.983,90.100,-1707.827
2026-08-17 07:44:40.966,obj001,876.925,90.101,-1941.770
2026-08-17 07:44:40.966,obj002,848.299,90.100,-2058.904
2026-08-17 07:44:40.966,obj003,727.743,90.100,-2053.395
2026-08-17 07:44:40.966,obj004,1391.658,90.100,-1709.565
2026-08-17 07:44:40.983,obj001,877.918,90.101,-1939.821
2026-08-17 07:44:40.983,obj002,847.574,90.100,-2056.842
2026-08-17 07:44:40.983,obj003,727.970,90.100,-2055.569
2026-08-17 07:44:40.983,obj004,1390.290,90.100,-1711.361
2026-08-17 07:44:41.000,obj001,877.918,90.101,-1939.821
2026-08-17 07:44:41.000,obj002,847.574,90.100,-2056.842
2026-08-17 07:44:41.000,obj003,727.970,90.100,-2055.569
2026-08-17 07:44:41.000,obj004,1390.290,90.100,-1711.361
2026-08-17 07:44:41.016,obj001,879.934,90.100,-1935.864
2026-08-17 07:44:41.016,obj002,846.101,90.100,-2052.651
2026-08-17 07:44:41.016,obj003,728.431,90.100,-2059.988
2026-08-17 07:44:41.016,obj004,1387.597,90.100,-1714.894
2026-08-17 07:44:41.033,obj001,880.959,90.100,-1933.852
2026-08-17 07:44:41.033,obj002,845.352,90.100,-2050.521
2026-08-17 07:44:41.033,obj003,728.665,90.100,-2062.234
2026-08-17 07:44:41.033,obj004,1386.272,90.100,-1716.633
2026-08-17 07:44:41.050,obj001,881.951,90.100,-1931.904
2026-08-17 07:44:41.050,obj002,844.627,90.100,-2048.459
2026-08-17 07:44:41.050,obj003,728.892,90.100,-2064.407
2026-08-17 07:44:41.050,obj004,1384.903,90.100,-1718.428
2026-08-17 07:44:41.066,obj001,881.951,90.100,-1931.904
2026-08-17 07:44:41.066,obj002,844.627,90.100,-2048.459
2026-08-17 07:44:41.066,obj003,728.892,90.100,-2064.407
2026-08-17 07:44:41.066,obj004,1384.903,90.100,-1718.428
2026-08-17 07:44:41.083,obj001,883.966,90.101,-1927.946
2026-08-17 07:44:41.083,obj002,843.154,90.100,-2044.267
2026-08-17 07:44:41.083,obj003,729.353,90.100,-2068.827
2026-08-17 07:44:41.083,obj004,1382.210,90.100,-1721.962
2026-08-17 07:44:41.100,obj001,883.966,90.101,-1927.946
2026-08-17 07:44:41.100,obj002,843.154,90.100,-2044.267
2026-08-17 07:44:41.100,obj003,729.353,90.100,-2068.827
2026-08-17 07:44:41.100,obj004,1382.210,90.100,-1721.962
2026-08-17 07:44:41.116,obj001,885.985,90.100,-1923.984
2026-08-17 07:44:41.116,obj002,841.680,90.100,-2040.076
2026-08-17 07:44:41.116,obj003,729.813,90.100,-2073.246
2026-08-17 07:44:41.116,obj004,1379.517,90.100,-1725.496
2026-08-17 07:44:41.133,obj001,885.985,90.100,-1923.984
2026-08-17 07:44:41.133,obj002,841.680,90.100,-2040.076
2026-08-17 07:44:41.133,obj003,729.813,90.100,-2073.246
2026-08-17 07:44:41.133,obj004,1379.517,90.100,-1725.496
2026-08-17 07:44:41.150,obj001,888.001,90.100,-1920.026
2026-08-17 07:44:41.150,obj002,840.207,90.100,-2035.884
2026-08-17 07:44:41.150,obj003,730.274,90.100,-2077.665
2026-08-17 07:44:41.150,obj004,1376.824,90.100,-1729.030
2026-08-17 07:44:41.166,obj001,889.026,90.100,-1918.014
2026-08-17 07:44:41.166,obj002,839.458,90.100,-2033.754
2026-08-17 07:44:41.166,obj003,730.508,90.100,-2079.910
2026-08-17 07:44:41.166,obj004,1375.499,90.100,-1730.769
2026-08-17 07:44:41.183,obj001,890.018,90.099,-1916.066
2026-08-17 07:44:41.183,obj002,838.733,90.100,-2031.692
2026-08-17 07:44:41.183,obj003,730.735,90.100,-2082.084
2026-08-17 07:44:41.183,obj004,1374.131,90.100,-1732.564
2026-08-17 07:44:41.200,obj001,890.018,90.099,-1916.066
2026-08-17 07:44:41.200,obj002,838.733,90.100,-2031.692
2026-08-17 07:44:41.200,obj003,730.735,90.100,-2082.084
2026-08-17 07:44:41.200,obj004,1374.131,90.100,-1732.564
2026-08-17 07:44:41.216,obj001,892.035,90.100,-1912.107
2026-08-17 07:44:41.216,obj002,837.260,90.100,-2027.501
2026-08-17 07:44:41.216,obj003,731.196,90.100,-2086.503
2026-08-17 07:44:41.216,obj004,1371.435,90.086,-1736.102
2026-08-17 07:44:41.233,obj001,893.060,90.097,-1910.095
2026-08-17 07:44:41.233,obj002,836.511,90.100,-2025.371
2026-08-17 07:44:41.233,obj003,731.430,90.100,-2088.749
2026-08-17 07:44:41.233,obj004,1370.110,90.093,-1737.840
2026-08-17 07:44:41.250,obj001,894.052,90.098,-1908.148
2026-08-17 07:44:41.250,obj002,835.786,90.100,-2023.309
2026-08-17 07:44:41.250,obj003,731.657,90.100,-2090.923
2026-08-17 07:44:41.250,obj004,1368.745,90.096,-1739.630
2026-08-17 07:44:41.266,obj001,895.076,90.099,-1906.137
2026-08-17 07:44:41.266,obj002,835.037,90.100,-2021.179
2026-08-17 07:44:41.266,obj003,731.891,90.100,-2093.168
2026-08-17 07:44:41.266,obj004,1367.424,90.098,-1741.364
2026-08-17 07:44:41.283,obj001,896.069,90.093,-1904.189
2026-08-17 07:44:41.283,obj002,834.313,90.100,-2019.117
2026-08-17 07:44:41.283,obj003,732.117,90.100,-2095.342
2026-08-17 07:44:41.283,obj004,1366.054,90.099,-1743.162
2026-08-17 07:44:41.300,obj001,897.094,90.097,-1902.178
2026-08-17 07:44:41.300,obj002,833.564,90.100,-2016.988
2026-08-17 07:44:41.300,obj003,732.352,90.100,-2097.587
2026-08-17 07:44:41.300,obj004,1364.728,90.099,-1744.902
2026-08-17 07:44:41.316,obj001,898.086,90.098,-1900.230
2026-08-17 07:44:41.316,obj002,832.839,90.100,-2014.926
2026-08-17 07:44:41.316,obj003,732.578,90.100,-2099.761
2026-08-17 07:44:41.316,obj004,1363.361,90.099,-1746.696
2026-08-17 07:44:41.333,obj001,898.086,90.098,-1900.230
2026-08-17 07:44:41.333,obj002,832.839,90.100,-2014.926
2026-08-17 07:44:41.333,obj003,732.578,90.100,-2099.761
2026-08-17 07:44:41.333,obj004,1363.361,90.099,-1746.696
2026-08-17 07:44:41.350,obj001,900.100,90.109,-1896.275
2026-08-17 07:44:41.350,obj002,831.366,90.100,-2010.734
2026-08-17 07:44:41.350,obj003,733.039,90.100,-2104.180
2026-08-17 07:44:41.350,obj004,1360.657,90.044,-1750.243
2026-08-17 07:44:41.366,obj001,901.126,90.105,-1894.262
2026-08-17 07:44:41.366,obj002,830.617,90.100,-2008.604
2026-08-17 07:44:41.366,obj003,733.273,90.100,-2106.425
2026-08-17 07:44:41.366,obj004,1359.333,90.072,-1751.980
2026-08-17 07:44:41.383,obj001,902.118,90.102,-1892.314
2026-08-17 07:44:41.383,obj002,829.892,90.100,-2006.542
2026-08-17 07:44:41.383,obj003,733.500,90.100,-2108.599
2026-08-17 07:44:41.383,obj004,1357.979,90.086,-1753.756
2026-08-17 07:44:41.400,obj001,903.143,90.101,-1890.302
2026-08-17 07:44:41.400,obj002,829.143,90.100,-2004.413
2026-08-17 07:44:41.400,obj003,733.734,90.100,-2110.845
2026-08-17 07:44:41.400,obj004,1356.668,90.093,-1755.476
2026-08-17 07:44:41.416,obj001,904.135,90.101,-1888.354
2026-08-17 07:44:41.416,obj002,828.419,90.100,-2002.351
2026-08-17 07:44:41.416,obj003,733.961,90.100,-2113.018
2026-08-17 07:44:41.416,obj004,1355.294,90.096,-1757.279
2026-08-17 07:44:41.433,obj001,904.135,90.101,-1888.354
2026-08-17 07:44:41.433,obj002,828.419,90.100,-2002.351
2026-08-17 07:44:41.433,obj003,733.961,90.100,-2113.018
2026-08-17 07:44:41.433,obj004,1355.294,90.096,-1757.279
2026-08-17 07:44:41.450,obj001,906.152,90.100,-1884.395
2026-08-17 07:44:41.450,obj002,826.945,90.100,-1998.159
2026-08-17 07:44:41.450,obj003,734.421,90.100,-2117.438
2026-08-17 07:44:41.450,obj004,1352.598,90.099,-1760.817
2026-08-17 07:44:41.466,obj001,907.177,90.100,-1882.384
2026-08-17 07:44:41.466,obj002,826.196,90.100,-1996.029
2026-08-17 07:44:41.466,obj003,734.656,90.100,-2119.683
2026-08-17 07:44:41.466,obj004,1351.275,90.091,-1762.553
2026-08-17 07:44:41.483,obj001,908.169,90.100,-1880.436
2026-08-17 07:44:41.483,obj002,825.472,90.100,-1993.967
2026-08-17 07:44:41.483,obj003,734.882,90.100,-2121.857
2026-08-17 07:44:41.483,obj004,1349.906,90.095,-1764.350
2026-08-17 07:44:41.500,obj001,908.169,90.100,-1880.436
2026-08-17 07:44:41.500,obj002,825.472,90.100,-1993.967
2026-08-17 07:44:41.500,obj003,734.882,90.100,-2121.857
2026-08-17 07:44:41.500,obj004,1349.906,90.095,-1764.350
2026-08-17 07:44:41.516,obj001,910.185,90.100,-1876.477
2026-08-17 07:44:41.516,obj002,823.998,90.100,-1989.776
2026-08-17 07:44:41.516,obj003,735.343,90.100,-2126.276
2026-08-17 07:44:41.516,obj004,1347.213,90.099,-1767.884
2026-08-17 07:44:41.533,obj001,911.210,90.100,-1874.465
2026-08-17 07:44:41.533,obj002,823.249,90.100,-1987.646
2026-08-17 07:44:41.533,obj003,735.577,90.100,-2128.521
2026-08-17 07:44:41.533,obj004,1345.889,90.099,-1769.622
2026-08-17 07:44:41.550,obj001,912.203,90.100,-1872.518
2026-08-17 07:44:41.550,obj002,822.525,90.100,-1985.584
2026-08-17 07:44:41.550,obj003,735.804,90.100,-2130.695
2026-08-17 07:44:41.550,obj004,1344.520,90.100,-1771.418
2026-08-17 07:44:41.566,obj001,912.203,90.100,-1872.518
2026-08-17 07:44:41.566,obj002,822.525,90.100,-1985.584
2026-08-17 07:44:41.566,obj003,735.804,90.100,-2130.695
2026-08-17 07:44:41.566,obj004,1344.520,90.100,-1771.418
2026-08-17 07:44:41.583,obj001,914.219,90.100,-1868.559
2026-08-17 07:44:41.583,obj002,821.051,90.100,-1981.393
2026-08-17 07:44:41.583,obj003,736.265,90.100,-2135.114
2026-08-17 07:44:41.583,obj004,1341.821,90.077,-1774.959
2026-08-17 07:44:41.600,obj001,915.244,90.100,-1866.547
2026-08-17 07:44:41.600,obj002,820.302,90.100,-1979.263
2026-08-17 07:44:41.600,obj003,736.499,90.100,-2137.360
2026-08-17 07:44:41.600,obj004,1340.498,90.089,-1776.695
2026-08-17 07:44:41.616,obj001,916.236,90.100,-1864.600
2026-08-17 07:44:41.616,obj002,819.578,90.100,-1977.201
2026-08-17 07:44:41.616,obj003,736.726,90.100,-2139.534
2026-08-17 07:44:41.616,obj004,1339.131,90.094,-1778.489
2026-08-17 07:44:41.633,obj001,917.261,90.098,-1862.587
2026-08-17 07:44:41.633,obj002,818.829,90.100,-1975.071
2026-08-17 07:44:41.633,obj003,736.960,90.100,-2141.779
2026-08-17 07:44:41.633,obj004,1337.806,90.097,-1780.227
2026-08-17 07:44:41.650,obj001,918.252,90.099,-1860.640
2026-08-17 07:44:41.650,obj002,818.104,90.100,-1973.009
2026-08-17 07:44:41.650,obj003,737.186,90.100,-2143.953
2026-08-17 07:44:41.650,obj004,1336.438,90.098,-1782.022
2026-08-17 07:44:41.666,obj001,919.277,90.099,-1858.629
2026-08-17 07:44:41.666,obj002,817.355,90.100,-1970.880
2026-08-17 07:44:41.666,obj003,737.421,90.100,-2146.198
2026-08-17 07:44:41.666,obj004,1335.114,90.099,-1783.761
2026-08-17 07:44:41.683,obj001,920.268,90.100,-1856.682
2026-08-17 07:44:41.683,obj002,816.630,90.100,-1968.818
2026-08-17 07:44:41.683,obj003,737.647,90.100,-2148.372
2026-08-17 07:44:41.683,obj004,1333.745,90.100,-1785.556
2026-08-17 07:44:41.700,obj001,921.292,90.099,-1854.670
2026-08-17 07:44:41.700,obj002,815.882,90.100,-1966.688
2026-08-17 07:44:41.700,obj003,737.881,90.100,-2150.617
2026-08-17 07:44:41.700,obj004,1332.421,90.100,-1787.294
2026-08-17 07:44:41.716,obj001,922.284,90.101,-1852.722
2026-08-17 07:44:41.716,obj002,815.157,90.100,-1964.626
2026-08-17 07:44:41.716,obj003,738.108,90.100,-2152.791
2026-08-17 07:44:41.716,obj004,1331.052,90.100,-1789.090
2026-08-17 07:44:41.733,obj001,923.308,90.101,-1850.711
2026-08-17 07:44:41.733,obj002,814.408,90.100,-1962.496
2026-08-17 07:44:41.733,obj003,738.342,90.100,-2155.037
2026-08-17 07:44:41.733,obj004,1329.728,90.100,-1790.828
2026-08-17 07:44:41.750,obj001,924.300,90.100,-1848.763
2026-08-17 07:44:41.750,obj002,813.683,90.100,-1960.434
2026-08-17 07:44:41.750,obj003,738.569,90.100,-2157.210
2026-08-17 07:44:41.750,obj004,1328.359,90.100,-1792.624
2026-08-17 07:44:41.766,obj001,924.300,90.100,-1848.763
2026-08-17 07:44:41.766,obj002,813.683,90.100,-1960.434
2026-08-17 07:44:41.766,obj003,738.569,90.100,-2157.210
2026-08-17 07:44:41.766,obj004,1328.359,90.100,-1792.624
2026-08-17 07:44:41.783,obj001,926.317,90.100,-1844.804
2026-08-17 07:44:41.783,obj002,812.210,90.100,-1956.243
2026-08-17 07:44:41.783,obj003,739.030,90.100,-2161.630
2026-08-17 07:44:41.783,obj004,1325.666,90.100,-1796.158
2026-08-17 07:44:41.800,obj001,927.342,90.100,-1842.793
2026-08-17 07:44:41.800,obj002,811.461,90.100,-1954.113
2026-08-17 07:44:41.800,obj003,739.264,90.100,-2163.875
2026-08-17 07:44:41.800,obj004,1324.342,90.100,-1797.896
2026-08-17 07:44:41.816,obj001,928.334,90.100,-1840.845
2026-08-17 07:44:41.816,obj002,810.736,90.100,-1952.051
2026-08-17 07:44:41.816,obj003,739.490,90.100,-2166.049
2026-08-17 07:44:41.816,obj004,1322.973,90.100,-1799.692
2026-08-17 07:44:41.833,obj001,929.358,90.105,-1838.835
2026-08-17 07:44:41.833,obj002,809.988,90.100,-1949.921
2026-08-17 07:44:41.833,obj003,739.724,90.100,-2168.294
2026-08-17 07:44:41.833,obj004,1321.649,90.100,-1801.430
2026-08-17 07:44:41.850,obj001,930.350,90.102,-1836.887
2026-08-17 07:44:41.850,obj002,809.263,90.100,-1947.859
2026-08-17 07:44:41.850,obj003,739.951,90.100,-2170.468
2026-08-17 07:44:41.850,obj004,1320.280,90.100,-1803.226
2026-08-17 07:44:41.866,obj001,931.375,90.101,-1834.874
2026-08-17 07:44:41.866,obj002,808.514,90.100,-1945.730
2026-08-17 07:44:41.866,obj003,740.185,90.100,-2172.713
2026-08-17 07:44:41.866,obj004,1318.956,90.100,-1804.964
2026-08-17 07:44:41.883,obj001,932.368,90.101,-1832.925
2026-08-17 07:44:41.883,obj002,807.789,90.100,-1943.668
2026-08-17 07:44:41.883,obj003,740.412,90.100,-2174.887
2026-08-17 07:44:41.883,obj004,1317.587,90.100,-1806.760
2026-08-17 07:44:41.900,obj001,932.368,90.101,-1832.925
2026-08-17 07:44:41.900,obj002,807.789,90.100,-1943.668
2026-08-17 07:44:41.900,obj003,740.412,90.100,-2174.887
2026-08-17 07:44:41.900,obj004,1317.587,90.100,-1806.760
2026-08-17 07:44:41.916,obj001,934.384,90.100,-1828.967
2026-08-17 07:44:41.916,obj002,806.316,90.100,-1939.476
2026-08-17 07:44:41.916,obj003,740.873,90.100,-2179.306
2026-08-17 07:44:41.916,obj004,1314.894,90.100,-1810.294
2026-08-17 07:44:41.933,obj001,935.409,90.100,-1826.955
2026-08-17 07:44:41.933,obj002,805.567,90.100,-1937.346
2026-08-17 07:44:41.933,obj003,741.107,90.100,-2181.552
2026-08-17 07:44:41.933,obj004,1313.570,90.100,-1812.032
2026-08-17 07:44:41.950,obj001,936.402,90.100,-1825.007
2026-08-17 07:44:41.950,obj002,804.842,90.100,-1935.284
2026-08-17 07:44:41.950,obj003,741.333,90.100,-2183.725
2026-08-17 07:44:41.950,obj004,1312.201,90.100,-1813.828
2026-08-17 07:44:41.966,obj001,937.426,90.100,-1822.996
2026-08-17 07:44:41.966,obj002,804.094,90.100,-1933.155
2026-08-17 07:44:41.966,obj003,741.567,90.100,-2185.971
2026-08-17 07:44:41.966,obj004,1310.877,90.100,-1815.566
2026-08-17 07:44:41.983,obj001,938.417,90.100,-1821.049
2026-08-17 07:44:41.983,obj002,803.369,90.100,-1931.093
2026-08-17 07:44:41.983,obj003,741.794,90.100,-2188.145
2026-08-17 07:44:41.983,obj004,1309.508,90.100,-1817.362
2026-08-17 07:44:42.000,obj001,939.442,90.100,-1819.037
2026-08-17 07:44:42.000,obj002,802.620,90.100,-1928.963
2026-08-17 07:44:42.000,obj003,742.028,90.100,-2190.390
2026-08-17 07:44:42.000,obj004,1308.183,90.100,-1819.100
2026-08-17 07:44:42.016,obj001,940.435,90.100,-1817.089
2026-08-17 07:44:42.016,obj002,801.895,90.100,-1926.901
2026-08-17 07:44:42.016,obj003,742.255,90.100,-2192.564
2026-08-17 07:44:42.016,obj004,1306.815,90.100,-1820.896
2026-08-17 07:44:42.033,obj001,940.435,90.100,-1817.089
2026-08-17 07:44:42.033,obj002,801.895,90.100,-1926.901
2026-08-17 07:44:42.033,obj003,742.255,90.100,-2192.564
2026-08-17 07:44:42.033,obj004,1306.815,90.100,-1820.896
2026-08-17 07:44:42.050,obj001,942.451,90.100,-1813.130
2026-08-17 07:44:42.050,obj002,800.422,90.100,-1922.709
2026-08-17 07:44:42.050,obj003,742.716,90.100,-2196.983
2026-08-17 07:44:42.050,obj004,1304.122,90.100,-1824.429
2026-08-17 07:44:42.066,obj001,943.472,90.120,-1811.125
2026-08-17 07:44:42.066,obj002,799.673,90.100,-1920.580
2026-08-17 07:44:42.066,obj003,742.950,90.100,-2199.228
2026-08-17 07:44:42.066,obj004,1302.797,90.100,-1826.168
2026-08-17 07:44:42.083,obj001,944.463,90.112,-1809.177
2026-08-17 07:44:42.083,obj002,798.948,90.100,-1918.518
2026-08-17 07:44:42.083,obj003,743.176,90.100,-2201.402
2026-08-17 07:44:42.083,obj004,1301.429,90.100,-1827.963
2026-08-17 07:44:42.100,obj001,944.463,90.112,-1809.177
2026-08-17 07:44:42.100,obj002,798.948,90.100,-1918.518
2026-08-17 07:44:42.100,obj003,743.176,90.100,-2201.402
2026-08-17 07:44:42.100,obj004,1301.429,90.100,-1827.963
2026-08-17 07:44:42.116,obj001,946.487,90.110,-1805.206
2026-08-17 07:44:42.116,obj002,797.475,90.100,-1914.326
2026-08-17 07:44:42.116,obj003,743.637,90.100,-2205.821
2026-08-17 07:44:42.116,obj004,1298.736,90.100,-1831.497
2026-08-17 07:44:42.133,obj001,947.510,90.111,-1803.197
2026-08-17 07:44:42.133,obj002,796.726,90.100,-1912.196
2026-08-17 07:44:42.133,obj003,743.871,90.100,-2208.067
2026-08-17 07:44:42.133,obj004,1297.411,90.100,-1833.236
2026-08-17 07:44:42.150,obj001,948.502,90.098,-1801.248
2026-08-17 07:44:42.150,obj002,796.001,90.100,-1910.134
2026-08-17 07:44:42.150,obj003,744.098,90.100,-2210.241
2026-08-17 07:44:42.150,obj004,1296.043,90.100,-1835.031
2026-08-17 07:44:42.166,obj001,949.528,90.099,-1799.234
2026-08-17 07:44:42.166,obj002,795.253,90.100,-1908.005
2026-08-17 07:44:42.166,obj003,744.332,90.100,-2212.486
2026-08-17 07:44:42.166,obj004,1294.718,90.100,-1836.770
2026-08-17 07:44:42.183,obj001,950.522,90.098,-1797.283
2026-08-17 07:44:42.183,obj002,794.528,90.100,-1905.943
2026-08-17 07:44:42.183,obj003,744.559,90.100,-2214.660
2026-08-17 07:44:42.183,obj004,1293.350,90.100,-1838.565
2026-08-17 07:44:42.200,obj001,951.545,90.099,-1795.273
2026-08-17 07:44:42.200,obj002,793.779,90.100,-1903.813
2026-08-17 07:44:42.200,obj003,744.793,90.100,-2216.905
2026-08-17 07:44:42.200,obj004,1292.025,90.100,-1840.304
2026-08-17 07:44:42.216,obj001,952.535,90.111,-1793.330
2026-08-17 07:44:42.216,obj002,793.054,90.100,-1901.751
2026-08-17 07:44:42.216,obj003,745.020,90.101,-2219.078
2026-08-17 07:44:42.216,obj004,1290.657,90.100,-1842.099
2026-08-17 07:44:42.233,obj001,953.556,90.128,-1791.324
2026-08-17 07:44:42.233,obj002,792.306,90.100,-1899.621
2026-08-17 07:44:42.233,obj003,745.254,90.101,-2221.324
2026-08-17 07:44:42.233,obj004,1289.332,90.100,-1843.838
2026-08-17 07:44:42.250,obj001,954.547,90.116,-1789.375
2026-08-17 07:44:42.250,obj002,791.581,90.100,-1897.559
2026-08-17 07:44:42.250,obj003,745.481,90.100,-2223.498
2026-08-17 07:44:42.250,obj004,1287.964,90.100,-1845.633
2026-08-17 07:44:42.266,obj001,955.576,90.109,-1787.354
2026-08-17 07:44:42.266,obj002,790.832,90.100,-1895.429
2026-08-17 07:44:42.266,obj003,745.715,90.100,-2225.743
2026-08-17 07:44:42.266,obj004,1286.639,90.100,-1847.372
2026-08-17 07:44:42.283,obj001,956.572,90.105,-1785.399
2026-08-17 07:44:42.283,obj002,790.107,90.100,-1893.367
2026-08-17 07:44:42.283,obj003,745.941,90.100,-2227.917
2026-08-17 07:44:42.283,obj004,1285.271,90.100,-1849.167
2026-08-17 07:44:42.300,obj001,956.572,90.105,-1785.399
2026-08-17 07:44:42.300,obj002,790.107,90.100,-1893.367
2026-08-17 07:44:42.300,obj003,745.941,90.100,-2227.917
2026-08-17 07:44:42.300,obj004,1285.271,90.100,-1849.167
2026-08-17 07:44:42.316,obj001,958.586,90.101,-1781.445
2026-08-17 07:44:42.316,obj002,788.634,90.100,-1889.176
2026-08-17 07:44:42.316,obj003,746.402,90.100,-2232.336
2026-08-17 07:44:42.316,obj004,1282.578,90.100,-1852.701
2026-08-17 07:44:42.333,obj001,959.612,90.101,-1779.432
2026-08-17 07:44:42.333,obj002,787.885,90.100,-1887.046
2026-08-17 07:44:42.333,obj003,746.636,90.100,-2234.581
2026-08-17 07:44:42.333,obj004,1281.253,90.100,-1854.440
2026-08-17 07:44:42.350,obj001,960.605,90.100,-1777.483
2026-08-17 07:44:42.350,obj002,787.160,90.100,-1884.984
2026-08-17 07:44:42.350,obj003,746.863,90.100,-2236.755
2026-08-17 07:44:42.350,obj004,1279.884,90.100,-1856.235
2026-08-17 07:44:42.366,obj001,961.629,90.100,-1775.472
2026-08-17 07:44:42.366,obj002,786.412,90.100,-1882.854
2026-08-17 07:44:42.366,obj003,747.097,90.100,-2239.001
2026-08-17 07:44:42.366,obj004,1278.560,90.100,-1857.974
2026-08-17 07:44:42.383,obj001,962.621,90.100,-1773.525
2026-08-17 07:44:42.383,obj002,785.687,90.100,-1880.792
2026-08-17 07:44:42.383,obj003,747.324,90.100,-2241.174
2026-08-17 07:44:42.383,obj004,1277.191,90.100,-1859.769
2026-08-17 07:44:42.400,obj001,963.646,90.100,-1771.513
2026-08-17 07:44:42.400,obj002,784.938,90.100,-1878.663
2026-08-17 07:44:42.400,obj003,747.558,90.100,-2243.420
2026-08-17 07:44:42.400,obj004,1275.867,90.100,-1861.508
2026-08-17 07:44:42.416,obj001,964.637,90.102,-1769.566
2026-08-17 07:44:42.416,obj002,784.213,90.100,-1876.601
2026-08-17 07:44:42.416,obj003,747.784,90.101,-2245.593
2026-08-17 07:44:42.416,obj004,1274.498,90.100,-1863.303
2026-08-17 07:44:42.433,obj001,965.662,90.101,-1767.554
2026-08-17 07:44:42.433,obj002,783.465,90.100,-1874.471
2026-08-17 07:44:42.433,obj003,748.018,90.100,-2247.839
2026-08-17 07:44:42.433,obj004,1273.174,90.100,-1865.042
2026-08-17 07:44:42.450,obj001,966.654,90.101,-1765.607
2026-08-17 07:44:42.450,obj002,782.740,90.100,-1872.409
2026-08-17 07:44:42.450,obj003,748.245,90.100,-2250.013
2026-08-17 07:44:42.450,obj004,1271.805,90.100,-1866.837
2026-08-17 07:44:42.466,obj001,967.679,90.100,-1763.595
2026-08-17 07:44:42.466,obj002,781.991,90.100,-1870.279
2026-08-17 07:44:42.466,obj003,748.479,90.100,-2252.258
2026-08-17 07:44:42.466,obj004,1270.480,90.100,-1868.576
2026-08-17 07:44:42.483,obj001,968.671,90.100,-1761.647
2026-08-17 07:44:42.483,obj002,781.266,90.100,-1868.217
2026-08-17 07:44:42.483,obj003,748.706,90.100,-2254.432
2026-08-17 07:44:42.483,obj004,1269.112,90.100,-1870.371
2026-08-17 07:44:42.500,obj001,969.696,90.100,-1759.636
2026-08-17 07:44:42.500,obj002,780.518,90.100,-1866.088
2026-08-17 07:44:42.500,obj003,748.940,90.100,-2256.677
2026-08-17 07:44:42.500,obj004,1267.787,90.100,-1872.110
2026-08-17 07:44:42.516,obj001,970.688,90.100,-1757.688
2026-08-17 07:44:42.516,obj002,779.793,90.100,-1864.026
2026-08-17 07:44:42.516,obj003,749.167,90.100,-2258.851
2026-08-17 07:44:42.516,obj004,1266.419,90.100,-1873.905
2026-08-17 07:44:42.533,obj001,970.688,90.100,-1757.688
2026-08-17 07:44:42.533,obj002,779.793,90.100,-1864.026
2026-08-17 07:44:42.533,obj003,749.167,90.100,-2258.851
2026-08-17 07:44:42.533,obj004,1266.419,90.100,-1873.905
2026-08-17 07:44:42.550,obj001,972.704,90.100,-1753.730
2026-08-17 07:44:42.550,obj002,778.319,90.100,-1859.834
2026-08-17 07:44:42.550,obj003,749.628,90.100,-2263.270
2026-08-17 07:44:42.550,obj004,1263.726,90.100,-1877.439
2026-08-17 07:44:42.566,obj001,973.729,90.100,-1751.718
2026-08-17 07:44:42.566,obj002,777.571,90.100,-1857.704
2026-08-17 07:44:42.566,obj003,749.862,90.100,-2265.516
2026-08-17 07:44:42.566,obj004,1262.401,90.100,-1879.178
2026-08-17 07:44:42.583,obj001,974.721,90.100,-1749.770
2026-08-17 07:44:42.583,obj002,776.846,90.100,-1855.642
2026-08-17 07:44:42.583,obj003,750.088,90.100,-2267.690
2026-08-17 07:44:42.583,obj004,1261.033,90.100,-1880.973
2026-08-17 07:44:42.600,obj001,974.721,90.100,-1749.770
2026-08-17 07:44:42.600,obj002,776.846,90.100,-1855.642
2026-08-17 07:44:42.600,obj003,750.088,90.100,-2267.690
2026-08-17 07:44:42.600,obj004,1261.033,90.100,-1880.973
2026-08-17 07:44:42.616,obj001,976.737,90.103,-1745.812
2026-08-17 07:44:42.616,obj002,775.372,90.100,-1851.451
2026-08-17 07:44:42.616,obj003,750.549,90.102,-2272.108
2026-08-17 07:44:42.616,obj004,1258.340,90.100,-1884.507
2026-08-17 07:44:42.633,obj001,977.762,90.101,-1743.800
2026-08-17 07:44:42.633,obj002,774.624,90.100,-1849.321
2026-08-17 07:44:42.633,obj003,750.783,90.101,-2274.354
2026-08-17 07:44:42.633,obj004,1257.015,90.100,-1886.246
2026-08-17 07:44:42.650,obj001,978.754,90.101,-1741.852
2026-08-17 07:44:42.650,obj002,773.899,90.100,-1847.259
2026-08-17 07:44:42.650,obj003,751.010,90.100,-2276.528
2026-08-17 07:44:42.650,obj004,1255.647,90.100,-1888.041
2026-08-17 07:44:42.666,obj001,978.754,90.101,-1741.852
2026-08-17 07:44:42.666,obj002,773.899,90.100,-1847.259
2026-08-17 07:44:42.666,obj003,751.010,90.100,-2276.528
2026-08-17 07:44:42.666,obj004,1255.647,90.100,-1888.041
2026-08-17 07:44:42.683,obj001,980.771,90.100,-1737.893
2026-08-17 07:44:42.683,obj002,772.425,90.100,-1843.067
2026-08-17 07:44:42.683,obj003,751.471,90.100,-2280.947
2026-08-17 07:44:42.683,obj004,1252.954,90.100,-1891.575
2026-08-17 07:44:42.700,obj001,981.796,90.100,-1735.881
2026-08-17 07:44:42.700,obj002,771.677,90.100,-1840.938
2026-08-17 07:44:42.700,obj003,751.705,90.100,-2283.193
2026-08-17 07:44:42.700,obj004,1251.629,90.100,-1893.314
2026-08-17 07:44:42.716,obj001,982.788,90.100,-1733.934
2026-08-17 07:44:42.716,obj002,770.952,90.100,-1838.876
2026-08-17 07:44:42.716,obj003,751.932,90.100,-2285.366
2026-08-17 07:44:42.716,obj004,1250.261,90.100,-1895.109
2026-08-17 07:44:42.733,obj001,983.812,90.098,-1731.922
2026-08-17 07:44:42.733,obj002,770.203,90.100,-1836.746
2026-08-17 07:44:42.733,obj003,752.166,90.100,-2287.612
2026-08-17 07:44:42.733,obj004,1248.936,90.100,-1896.848
2026-08-17 07:44:42.750,obj001,984.804,90.099,-1729.974
2026-08-17 07:44:42.750,obj002,769.478,90.100,-1834.684
2026-08-17 07:44:42.750,obj003,752.392,90.100,-2289.786
2026-08-17 07:44:42.750,obj004,1247.568,90.100,-1898.643
2026-08-17 07:44:42.766,obj001,984.804,90.099,-1729.974
2026-08-17 07:44:42.766,obj002,769.478,90.100,-1834.684
2026-08-17 07:44:42.766,obj003,752.392,90.100,-2289.786
2026-08-17 07:44:42.766,obj004,1247.568,90.100,-1898.643
2026-08-17 07:44:42.783,obj001,986.819,90.101,-1726.017
2026-08-17 07:44:42.783,obj002,768.005,90.100,-1830.492
2026-08-17 07:44:42.783,obj003,752.853,90.100,-2294.205
2026-08-17 07:44:42.783,obj004,1244.875,90.100,-1902.177
2026-08-17 07:44:42.800,obj001,986.819,90.101,-1726.017
2026-08-17 07:44:42.800,obj002,768.005,90.100,-1830.492
2026-08-17 07:44:42.800,obj003,752.853,90.100,-2294.205
2026-08-17 07:44:42.800,obj004,1244.875,90.100,-1902.177
2026-08-17 07:44:42.816,obj001,988.838,90.100,-1722.055
2026-08-17 07:44:42.816,obj002,766.531,90.100,-1826.301
2026-08-17 07:44:42.816,obj003,753.314,90.100,-2298.624
2026-08-17 07:44:42.816,obj004,1242.182,90.100,-1905.711
2026-08-17 07:44:42.833,obj001,989.862,90.100,-1720.045
2026-08-17 07:44:42.833,obj002,765.782,90.100,-1824.171
2026-08-17 07:44:42.833,obj003,753.548,90.100,-2300.869
2026-08-17 07:44:42.833,obj004,1240.857,90.100,-1907.450
2026-08-17 07:44:42.850,obj001,990.854,90.100,-1718.098
2026-08-17 07:44:42.850,obj002,765.058,90.100,-1822.109
2026-08-17 07:44:42.850,obj003,753.775,90.100,-2303.043
2026-08-17 07:44:42.850,obj004,1239.489,90.100,-1909.245
2026-08-17 07:44:42.866,obj001,991.879,90.100,-1716.086
2026-08-17 07:44:42.866,obj002,764.309,90.100,-1819.979
2026-08-17 07:44:42.866,obj003,754.009,90.101,-2305.288
2026-08-17 07:44:42.866,obj004,1238.164,90.100,-1910.984
2026-08-17 07:44:42.883,obj001,992.871,90.102,-1714.139
2026-08-17 07:44:42.883,obj002,763.584,90.100,-1817.917
2026-08-17 07:44:42.883,obj003,754.236,90.100,-2307.462
2026-08-17 07:44:42.883,obj004,1236.796,90.100,-1912.779
2026-08-17 07:44:42.900,obj001,993.895,90.101,-1712.127
2026-08-17 07:44:42.900,obj002,762.835,90.100,-1815.788
2026-08-17 07:44:42.900,obj003,754.470,90.100,-2309.708
2026-08-17 07:44:42.900,obj004,1235.471,90.100,-1914.518
2026-08-17 07:44:42.916,obj001,994.887,90.101,-1710.179
2026-08-17 07:44:42.916,obj002,762.111,90.100,-1813.726
2026-08-17 07:44:42.916,obj003,754.697,90.100,-2311.882
2026-08-17 07:44:42.916,obj004,1234.102,90.100,-1916.313
2026-08-17 07:44:42.933,obj001,995.912,90.100,-1708.168
2026-08-17 07:44:42.933,obj002,761.362,90.100,-1811.596
2026-08-17 07:44:42.933,obj003,754.931,90.100,-2314.127
2026-08-17 07:44:42.933,obj004,1232.778,90.100,-1918.051
2026-08-17 07:44:42.950,obj001,996.904,90.100,-1706.220
2026-08-17 07:44:42.950,obj002,760.637,90.100,-1809.534
2026-08-17 07:44:42.950,obj003,755.157,90.098,-2316.301
2026-08-17 07:44:42.950,obj004,1231.409,90.100,-1919.847
2026-08-17 07:44:42.966,obj001,997.929,90.100,-1704.209
2026-08-17 07:44:42.966,obj002,759.888,90.100,-1807.404
2026-08-17 07:44:42.966,obj003,755.392,90.099,-2318.546
2026-08-17 07:44:42.966,obj004,1230.085,90.100,-1921.585
2026-08-17 07:44:42.983,obj001,998.923,90.090,-1702.258
2026-08-17 07:44:42.983,obj002,759.164,90.100,-1805.342
2026-08-17 07:44:42.983,obj003,755.618,90.099,-2320.720
2026-08-17 07:44:42.983,obj004,1228.716,90.100,-1923.381
2026-08-17 07:44:43.000,obj001,999.947,90.095,-1700.248
2026-08-17 07:44:43.000,obj002,758.415,90.100,-1803.212
2026-08-17 07:44:43.000,obj003,755.852,90.100,-2322.965
2026-08-17 07:44:43.000,obj004,1227.392,90.100,-1925.119
2026-08-17 07:44:43.016,obj001,1000.939,90.097,-1698.301
2026-08-17 07:44:43.016,obj002,757.690,90.100,-1801.150
2026-08-17 07:44:43.016,obj003,756.079,90.095,-2325.141
2026-08-17 07:44:43.016,obj004,1226.023,90.100,-1926.915
2026-08-17 07:44:43.033,obj001,1001.964,90.099,-1696.290
2026-08-17 07:44:43.033,obj002,756.941,90.100,-1799.021
2026-08-17 07:44:43.033,obj003,756.313,90.097,-2327.385
2026-08-17 07:44:43.033,obj004,1224.699,90.100,-1928.653
2026-08-17 07:44:43.050,obj001,1002.956,90.099,-1694.342
2026-08-17 07:44:43.050,obj002,756.216,90.100,-1796.959
2026-08-17 07:44:43.050,obj003,756.540,90.099,-2329.559
2026-08-17 07:44:43.050,obj004,1223.330,90.100,-1930.449
2026-08-17 07:44:43.066,obj001,1003.980,90.096,-1692.330
2026-08-17 07:44:43.066,obj002,755.468,90.100,-1794.829
2026-08-17 07:44:43.066,obj003,756.774,90.099,-2331.804
2026-08-17 07:44:43.066,obj004,1222.006,90.100,-1932.187
2026-08-17 07:44:43.083,obj001,1004.971,90.098,-1690.381
2026-08-17 07:44:43.083,obj002,754.743,90.100,-1792.767
2026-08-17 07:44:43.083,obj003,757.001,90.100,-2333.978
2026-08-17 07:44:43.083,obj004,1220.637,90.100,-1933.983
2026-08-17 07:44:43.100,obj001,1005.995,90.099,-1688.371
2026-08-17 07:44:43.100,obj002,753.994,90.100,-1790.637
2026-08-17 07:44:43.100,obj003,757.235,90.100,-2336.223
2026-08-17 07:44:43.100,obj004,1219.313,90.100,-1935.721
2026-08-17 07:44:43.116,obj001,1006.985,90.106,-1686.427
2026-08-17 07:44:43.116,obj002,753.269,90.100,-1788.575
2026-08-17 07:44:43.116,obj003,757.462,90.095,-2338.398
2026-08-17 07:44:43.116,obj004,1217.944,90.100,-1937.517
2026-08-17 07:44:43.133,obj001,1006.985,90.106,-1686.427
2026-08-17 07:44:43.133,obj002,753.269,90.100,-1788.575
2026-08-17 07:44:43.133,obj003,757.462,90.095,-2338.398
2026-08-17 07:44:43.133,obj004,1217.944,90.100,-1937.517
2026-08-17 07:44:43.150,obj001,1009.003,90.102,-1682.465
2026-08-17 07:44:43.150,obj002,751.796,90.100,-1784.383
2026-08-17 07:44:43.150,obj003,757.923,90.099,-2342.817
2026-08-17 07:44:43.150,obj004,1215.251,90.100,-1941.051
2026-08-17 07:44:43.166,obj001,1009.003,90.102,-1682.465
2026-08-17 07:44:43.166,obj002,751.796,90.100,-1784.383
2026-08-17 07:44:43.166,obj003,757.923,90.099,-2342.817
2026-08-17 07:44:43.166,obj004,1215.251,90.100,-1941.051
2026-08-17 07:44:43.183,obj001,1011.019,90.100,-1678.507
2026-08-17 07:44:43.183,obj002,750.322,90.100,-1780.192
2026-08-17 07:44:43.183,obj003,758.383,90.100,-2347.235
2026-08-17 07:44:43.183,obj004,1212.558,90.100,-1944.585
2026-08-17 07:44:43.200,obj001,1011.019,90.100,-1678.507
2026-08-17 07:44:43.200,obj002,750.322,90.100,-1780.192
2026-08-17 07:44:43.200,obj003,758.383,90.100,-2347.235
2026-08-17 07:44:43.200,obj004,1212.558,90.100,-1944.585
2026-08-17 07:44:43.216,obj001,1013.036,90.100,-1674.547
2026-08-17 07:44:43.216,obj002,748.849,90.100,-1776.000
2026-08-17 07:44:43.216,obj003,758.844,90.101,-2351.654
2026-08-17 07:44:43.216,obj004,1209.865,90.100,-1948.118
2026-08-17 07:44:43.233,obj001,1014.061,90.100,-1672.536
2026-08-17 07:44:43.233,obj002,748.100,90.100,-1773.871
2026-08-17 07:44:43.233,obj003,759.079,90.100,-2353.900
2026-08-17 07:44:43.233,obj004,1208.540,90.100,-1949.857
2026-08-17 07:44:43.250,obj001,1015.053,90.100,-1670.588
2026-08-17 07:44:43.250,obj002,747.375,90.100,-1771.809
2026-08-17 07:44:43.250,obj003,759.305,90.100,-2356.074
2026-08-17 07:44:43.250,obj004,1207.172,90.100,-1951.652
2026-08-17 07:44:43.266,obj001,1016.076,90.107,-1668.578
2026-08-17 07:44:43.266,obj002,746.626,90.100,-1769.679
2026-08-17 07:44:43.266,obj003,759.539,90.100,-2358.319
2026-08-17 07:44:43.266,obj004,1205.847,90.100,-1953.391
2026-08-17 07:44:43.283,obj001,1017.067,90.103,-1666.630
2026-08-17 07:44:43.283,obj002,745.902,90.100,-1767.617
2026-08-17 07:44:43.283,obj003,759.766,90.100,-2360.493
2026-08-17 07:44:43.283,obj004,1204.479,90.100,-1955.186
2026-08-17 07:44:43.300,obj001,1017.067,90.103,-1666.630
2026-08-17 07:44:43.300,obj002,745.902,90.100,-1767.617
2026-08-17 07:44:43.300,obj003,759.766,90.100,-2360.493
2026-08-17 07:44:43.300,obj004,1204.479,90.100,-1955.186
2026-08-17 07:44:43.316,obj001,1019.087,90.101,-1662.666
2026-08-17 07:44:43.316,obj002,744.428,90.100,-1763.425
2026-08-17 07:44:43.316,obj003,760.227,90.102,-2364.911
2026-08-17 07:44:43.316,obj004,1201.786,90.100,-1958.720
2026-08-17 07:44:43.333,obj001,1019.087,90.101,-1662.666
2026-08-17 07:44:43.333,obj002,744.428,90.100,-1763.425
2026-08-17 07:44:43.333,obj003,760.227,90.102,-2364.911
2026-08-17 07:44:43.333,obj004,1201.786,90.100,-1958.720
2026-08-17 07:44:43.350,obj001,1021.102,90.100,-1658.709
2026-08-17 07:44:43.350,obj002,742.955,90.100,-1759.233
2026-08-17 07:44:43.350,obj003,760.688,90.100,-2369.331
2026-08-17 07:44:43.350,obj004,1199.092,90.100,-1962.254
2026-08-17 07:44:43.366,obj001,1022.127,90.100,-1656.697
2026-08-17 07:44:43.366,obj002,742.206,90.100,-1757.104
2026-08-17 07:44:43.366,obj003,760.922,90.100,-2371.576
2026-08-17 07:44:43.366,obj004,1197.768,90.100,-1963.993
2026-08-17 07:44:43.383,obj001,1023.120,90.100,-1654.749
2026-08-17 07:44:43.383,obj002,741.481,90.100,-1755.042
2026-08-17 07:44:43.383,obj003,761.149,90.100,-2373.750
2026-08-17 07:44:43.383,obj004,1196.399,90.100,-1965.788
2026-08-17 07:44:43.400,obj001,1024.143,90.105,-1652.739
2026-08-17 07:44:43.400,obj002,740.732,90.100,-1752.912
2026-08-17 07:44:43.400,obj003,761.383,90.100,-2375.996
2026-08-17 07:44:43.400,obj004,1195.075,90.100,-1967.527
2026-08-17 07:44:43.416,obj001,1025.134,90.102,-1650.791
2026-08-17 07:44:43.416,obj002,740.008,90.100,-1750.850
2026-08-17 07:44:43.416,obj003,761.609,90.100,-2378.169
2026-08-17 07:44:43.416,obj004,1193.706,90.100,-1969.322
2026-08-17 07:44:43.433,obj001,1026.160,90.101,-1648.778
2026-08-17 07:44:43.433,obj002,739.259,90.100,-1748.721
2026-08-17 07:44:43.433,obj003,761.844,90.100,-2380.415
2026-08-17 07:44:43.433,obj004,1192.382,90.100,-1971.060
2026-08-17 07:44:43.450,obj001,1027.153,90.101,-1646.829
2026-08-17 07:44:43.450,obj002,738.534,90.100,-1746.659
2026-08-17 07:44:43.450,obj003,762.070,90.100,-2382.589
2026-08-17 07:44:43.450,obj004,1191.013,90.100,-1972.856
2026-08-17 07:44:43.466,obj001,1028.177,90.100,-1644.818
2026-08-17 07:44:43.466,obj002,737.785,90.100,-1744.529
2026-08-17 07:44:43.466,obj003,762.304,90.100,-2384.834
2026-08-17 07:44:43.466,obj004,1189.688,90.100,-1974.594
2026-08-17 07:44:43.483,obj001,1029.169,90.100,-1642.871
2026-08-17 07:44:43.483,obj002,737.060,90.100,-1742.467
2026-08-17 07:44:43.483,obj003,762.531,90.102,-2387.007
2026-08-17 07:44:43.483,obj004,1188.320,90.100,-1976.390
2026-08-17 07:44:43.500,obj001,1029.169,90.100,-1642.871
2026-08-17 07:44:43.500,obj002,737.060,90.100,-1742.467
2026-08-17 07:44:43.500,obj003,762.531,90.102,-2387.007
2026-08-17 07:44:43.500,obj004,1188.320,90.100,-1976.390
2026-08-17 07:44:43.516,obj001,1031.186,90.100,-1638.911
2026-08-17 07:44:43.516,obj002,735.587,90.100,-1738.275
2026-08-17 07:44:43.516,obj003,762.992,90.100,-2391.427
2026-08-17 07:44:43.516,obj004,1185.627,90.100,-1979.924
2026-08-17 07:44:43.533,obj001,1032.211,90.100,-1636.900
2026-08-17 07:44:43.533,obj002,734.838,90.100,-1736.146
2026-08-17 07:44:43.533,obj003,763.226,90.100,-2393.672
2026-08-17 07:44:43.533,obj004,1184.302,90.100,-1981.662
2026-08-17 07:44:43.550,obj001,1033.201,90.107,-1634.954
2026-08-17 07:44:43.550,obj002,734.113,90.100,-1734.084
2026-08-17 07:44:43.550,obj003,763.453,90.100,-2395.846
2026-08-17 07:44:43.550,obj004,1182.934,90.100,-1983.458
2026-08-17 07:44:43.566,obj001,1034.226,90.104,-1632.942
2026-08-17 07:44:43.566,obj002,733.365,90.100,-1731.954
2026-08-17 07:44:43.566,obj003,763.687,90.100,-2398.091
2026-08-17 07:44:43.566,obj004,1181.609,90.100,-1985.196
2026-08-17 07:44:43.583,obj001,1035.218,90.102,-1630.994
2026-08-17 07:44:43.583,obj002,732.640,90.100,-1729.892
2026-08-17 07:44:43.583,obj003,763.914,90.100,-2400.265
2026-08-17 07:44:43.583,obj004,1180.241,90.100,-1986.992
2026-08-17 07:44:43.600,obj001,1035.218,90.102,-1630.994
2026-08-17 07:44:43.600,obj002,732.640,90.100,-1729.892
2026-08-17 07:44:43.600,obj003,763.914,90.100,-2400.265
2026-08-17 07:44:43.600,obj004,1180.241,90.100,-1986.992
2026-08-17 07:44:43.616,obj001,1037.235,90.100,-1627.035
2026-08-17 07:44:43.616,obj002,731.166,90.100,-1725.700
2026-08-17 07:44:43.616,obj003,764.375,90.100,-2404.684
2026-08-17 07:44:43.616,obj004,1177.548,90.100,-1990.526
2026-08-17 07:44:43.633,obj001,1038.260,90.100,-1625.023
2026-08-17 07:44:43.633,obj002,730.418,90.100,-1723.571
2026-08-17 07:44:43.633,obj003,764.610,90.098,-2406.930
2026-08-17 07:44:43.633,obj004,1176.223,90.100,-1992.264
2026-08-17 07:44:43.650,obj001,1039.252,90.100,-1623.075
2026-08-17 07:44:43.650,obj002,729.693,90.100,-1721.509
2026-08-17 07:44:43.650,obj003,764.836,90.099,-2409.104
2026-08-17 07:44:43.650,obj004,1174.855,90.100,-1994.060
2026-08-17 07:44:43.666,obj001,1039.252,90.100,-1623.075
2026-08-17 07:44:43.666,obj002,729.693,90.100,-1721.509
2026-08-17 07:44:43.666,obj003,764.836,90.099,-2409.104
2026-08-17 07:44:43.666,obj004,1174.855,90.100,-1994.060
2026-08-17 07:44:43.683,obj001,1041.266,90.109,-1619.118
2026-08-17 07:44:43.683,obj002,728.219,90.100,-1717.317
2026-08-17 07:44:43.683,obj003,765.297,90.100,-2413.522
2026-08-17 07:44:43.683,obj004,1172.162,90.100,-1997.594
2026-08-17 07:44:43.700,obj001,1042.292,90.104,-1617.106
2026-08-17 07:44:43.700,obj002,727.471,90.100,-1715.187
2026-08-17 07:44:43.700,obj003,765.531,90.100,-2415.767
2026-08-17 07:44:43.700,obj004,1170.837,90.100,-1999.332
2026-08-17 07:44:43.716,obj001,1043.284,90.102,-1615.158
2026-08-17 07:44:43.716,obj002,726.746,90.100,-1713.125
2026-08-17 07:44:43.716,obj003,765.758,90.096,-2417.943
2026-08-17 07:44:43.716,obj004,1169.469,90.100,-2001.127
2026-08-17 07:44:43.733,obj001,1044.309,90.101,-1613.146
2026-08-17 07:44:43.733,obj002,725.997,90.100,-1710.996
2026-08-17 07:44:43.733,obj003,765.992,90.098,-2420.187
2026-08-17 07:44:43.733,obj004,1168.144,90.100,-2002.866
2026-08-17 07:44:43.750,obj001,1045.301,90.101,-1611.199
2026-08-17 07:44:43.750,obj002,725.272,90.100,-1708.934
2026-08-17 07:44:43.750,obj003,766.219,90.099,-2422.361
2026-08-17 07:44:43.750,obj004,1166.776,90.100,-2004.661
2026-08-17 07:44:43.766,obj001,1046.326,90.100,-1609.187
2026-08-17 07:44:43.766,obj002,724.524,90.100,-1706.804
2026-08-17 07:44:43.766,obj003,766.453,90.099,-2424.606
2026-08-17 07:44:43.766,obj004,1165.451,90.100,-2006.400
2026-08-17 07:44:43.783,obj001,1047.318,90.100,-1607.239
2026-08-17 07:44:43.783,obj002,723.799,90.100,-1704.742
2026-08-17 07:44:43.783,obj003,766.680,90.100,-2426.780
2026-08-17 07:44:43.783,obj004,1164.083,90.100,-2008.195
2026-08-17 07:44:43.800,obj001,1048.342,90.100,-1605.228
2026-08-17 07:44:43.800,obj002,723.050,90.100,-1702.612
2026-08-17 07:44:43.800,obj003,766.914,90.100,-2429.025
2026-08-17 07:44:43.800,obj004,1162.758,90.100,-2009.934
2026-08-17 07:44:43.816,obj001,1049.335,90.100,-1603.280
2026-08-17 07:44:43.816,obj002,722.325,90.100,-1700.550
2026-08-17 07:44:43.816,obj003,767.140,90.100,-2431.199
2026-08-17 07:44:43.816,obj004,1161.390,90.100,-2011.729
2026-08-17 07:44:43.833,obj001,1050.359,90.100,-1601.269
2026-08-17 07:44:43.833,obj002,721.577,90.100,-1698.421
2026-08-17 07:44:43.833,obj003,767.374,90.100,-2433.444
2026-08-17 07:44:43.833,obj004,1160.065,90.100,-2013.468
2026-08-17 07:44:43.850,obj001,1051.351,90.100,-1599.321
2026-08-17 07:44:43.850,obj002,720.852,90.100,-1696.359
2026-08-17 07:44:43.850,obj003,767.601,90.100,-2435.618
2026-08-17 07:44:43.850,obj004,1158.697,90.100,-2015.263
2026-08-17 07:44:43.866,obj001,1051.351,90.100,-1599.321
2026-08-17 07:44:43.866,obj002,720.852,90.100,-1696.359
2026-08-17 07:44:43.866,obj003,767.601,90.100,-2435.618
2026-08-17 07:44:43.866,obj004,1158.697,90.100,-2015.263
2026-08-17 07:44:43.883,obj001,1053.368,90.100,-1595.362
2026-08-17 07:44:43.883,obj002,719.378,90.100,-1692.167
2026-08-17 07:44:43.883,obj003,768.064,90.104,-2440.034
2026-08-17 07:44:43.883,obj004,1156.004,90.100,-2018.797
2026-08-17 07:44:43.900,obj001,1053.368,90.100,-1595.362
2026-08-17 07:44:43.900,obj002,719.378,90.100,-1692.167
2026-08-17 07:44:43.900,obj003,768.064,90.104,-2440.034
2026-08-17 07:44:43.900,obj004,1156.004,90.100,-2018.797
2026-08-17 07:44:43.916,obj001,1055.385,90.100,-1591.403
2026-08-17 07:44:43.916,obj002,717.905,90.100,-1687.975
2026-08-17 07:44:43.916,obj003,768.525,90.101,-2444.461
2026-08-17 07:44:43.916,obj004,1153.311,90.100,-2022.331
2026-08-17 07:44:43.933,obj001,1055.385,90.100,-1591.403
2026-08-17 07:44:43.933,obj002,717.905,90.100,-1687.975
2026-08-17 07:44:43.933,obj003,768.525,90.101,-2444.461
2026-08-17 07:44:43.933,obj004,1153.311,90.100,-2022.331
2026-08-17 07:44:43.950,obj001,1057.401,90.100,-1587.444
2026-08-17 07:44:43.950,obj002,716.431,90.100,-1683.784
2026-08-17 07:44:43.950,obj003,768.986,90.100,-2448.877
2026-08-17 07:44:43.950,obj004,1150.618,90.100,-2025.865
2026-08-17 07:44:43.966,obj001,1058.426,90.100,-1585.433
2026-08-17 07:44:43.966,obj002,715.683,90.100,-1681.654
2026-08-17 07:44:43.966,obj003,769.220,90.100,-2451.123
2026-08-17 07:44:43.966,obj004,1149.293,90.100,-2027.603
2026-08-17 07:44:43.983,obj001,1059.418,90.100,-1583.485
2026-08-17 07:44:43.983,obj002,714.958,90.100,-1679.592
2026-08-17 07:44:43.983,obj003,769.447,90.100,-2453.298
2026-08-17 07:44:43.983,obj004,1147.925,90.100,-2029.399
2026-08-17 07:44:44.000,obj001,1060.443,90.100,-1581.474
2026-08-17 07:44:44.000,obj002,714.209,90.100,-1677.462
2026-08-17 07:44:44.000,obj003,769.681,90.100,-2455.543
2026-08-17 07:44:44.000,obj004,1146.600,90.100,-2031.137
2026-08-17 07:44:44.016,obj001,1061.435,90.100,-1579.526
2026-08-17 07:44:44.016,obj002,713.484,90.100,-1675.400
2026-08-17 07:44:44.016,obj003,769.908,90.100,-2457.716
2026-08-17 07:44:44.016,obj004,1145.232,90.100,-2032.933
2026-08-17 07:44:44.033,obj001,1061.435,90.100,-1579.526
2026-08-17 07:44:44.033,obj002,713.484,90.100,-1675.400
2026-08-17 07:44:44.033,obj003,769.908,90.100,-2457.716
2026-08-17 07:44:44.033,obj004,1145.232,90.100,-2032.933
2026-08-17 07:44:44.050,obj001,1063.452,90.100,-1575.568
2026-08-17 07:44:44.050,obj002,712.011,90.100,-1671.209
2026-08-17 07:44:44.050,obj003,770.369,90.101,-2462.135
2026-08-17 07:44:44.050,obj004,1142.538,90.100,-2036.467
2026-08-17 07:44:44.066,obj001,1064.476,90.100,-1573.556
2026-08-17 07:44:44.066,obj002,711.262,90.100,-1669.079
2026-08-17 07:44:44.066,obj003,770.603,90.101,-2464.381
2026-08-17 07:44:44.066,obj004,1141.214,90.100,-2038.205
2026-08-17 07:44:44.083,obj001,1065.468,90.100,-1571.609
2026-08-17 07:44:44.083,obj002,710.537,90.100,-1667.017
2026-08-17 07:44:44.083,obj003,770.830,90.100,-2466.556
2026-08-17 07:44:44.083,obj004,1139.845,90.100,-2040.001
2026-08-17 07:44:44.100,obj001,1066.493,90.100,-1569.597
2026-08-17 07:44:44.100,obj002,709.789,90.100,-1664.888
2026-08-17 07:44:44.100,obj003,771.064,90.100,-2468.801
2026-08-17 07:44:44.100,obj004,1138.521,90.100,-2041.739
2026-08-17 07:44:44.116,obj001,1067.485,90.100,-1567.650
2026-08-17 07:44:44.116,obj002,709.064,90.100,-1662.825
2026-08-17 07:44:44.116,obj003,771.291,90.100,-2470.975
2026-08-17 07:44:44.116,obj004,1137.152,90.100,-2043.535
2026-08-17 07:44:44.133,obj001,1068.510,90.100,-1565.638
2026-08-17 07:44:44.133,obj002,708.315,90.100,-1660.696
2026-08-17 07:44:44.133,obj003,771.525,90.100,-2473.220
2026-08-17 07:44:44.133,obj004,1135.827,90.100,-2045.273
2026-08-17 07:44:44.150,obj001,1069.502,90.100,-1563.691
2026-08-17 07:44:44.150,obj002,707.590,90.100,-1658.634
2026-08-17 07:44:44.150,obj003,771.752,90.100,-2475.394
2026-08-17 07:44:44.150,obj004,1134.459,90.100,-2047.069
2026-08-17 07:44:44.166,obj001,1069.502,90.100,-1563.691
2026-08-17 07:44:44.166,obj002,707.590,90.100,-1658.634
2026-08-17 07:44:44.166,obj003,771.752,90.100,-2475.394
2026-08-17 07:44:44.166,obj004,1134.459,90.100,-2047.069
2026-08-17 07:44:44.183,obj001,1071.518,90.100,-1559.732
2026-08-17 07:44:44.183,obj002,706.117,90.100,-1654.442
2026-08-17 07:44:44.183,obj003,772.212,90.100,-2479.813
2026-08-17 07:44:44.183,obj004,1131.766,90.100,-2050.603
2026-08-17 07:44:44.200,obj001,1071.518,90.100,-1559.732
2026-08-17 07:44:44.200,obj002,706.117,90.100,-1654.442
2026-08-17 07:44:44.200,obj003,772.212,90.100,-2479.813
2026-08-17 07:44:44.200,obj004,1131.766,90.100,-2050.603
2026-08-17 07:44:44.216,obj001,1073.535,90.100,-1555.773
2026-08-17 07:44:44.216,obj002,704.643,90.100,-1650.251
2026-08-17 07:44:44.216,obj003,772.674,90.101,-2484.232
2026-08-17 07:44:44.216,obj004,1129.073,90.100,-2054.137
2026-08-17 07:44:44.233,obj001,1073.535,90.100,-1555.773
2026-08-17 07:44:44.233,obj002,704.643,90.100,-1650.251
2026-08-17 07:44:44.233,obj003,772.674,90.101,-2484.232
2026-08-17 07:44:44.233,obj004,1129.073,90.100,-2054.137
2026-08-17 07:44:44.250,obj001,1075.552,90.100,-1551.814
2026-08-17 07:44:44.250,obj002,703.170,90.100,-1646.059
2026-08-17 07:44:44.250,obj003,773.135,90.100,-2488.652
2026-08-17 07:44:44.250,obj004,1126.380,90.100,-2057.671
2026-08-17 07:44:44.266,obj001,1076.577,90.100,-1549.802
2026-08-17 07:44:44.266,obj002,702.421,90.100,-1643.929
2026-08-17 07:44:44.266,obj003,773.369,90.100,-2490.897
2026-08-17 07:44:44.266,obj004,1125.055,90.100,-2059.409
2026-08-17 07:44:44.283,obj001,1077.569,90.100,-1547.855
2026-08-17 07:44:44.283,obj002,701.696,90.100,-1641.867
2026-08-17 07:44:44.283,obj003,773.595,90.100,-2493.071
2026-08-17 07:44:44.283,obj004,1123.687,90.100,-2061.205
2026-08-17 07:44:44.300,obj001,1078.594,90.100,-1545.843
2026-08-17 07:44:44.300,obj002,700.948,90.100,-1639.737
2026-08-17 07:44:44.300,obj003,773.830,90.100,-2495.316
2026-08-17 07:44:44.300,obj004,1122.362,90.100,-2062.943
2026-08-17 07:44:44.316,obj001,1079.586,90.100,-1543.896
2026-08-17 07:44:44.316,obj002,700.223,90.100,-1637.675
2026-08-17 07:44:44.316,obj003,774.057,90.100,-2497.490
2026-08-17 07:44:44.316,obj004,1120.994,90.100,-2064.739
2026-08-17 07:44:44.333,obj001,1080.610,90.100,-1541.884
2026-08-17 07:44:44.333,obj002,699.474,90.100,-1635.546
2026-08-17 07:44:44.333,obj003,774.291,90.100,-2499.735
2026-08-17 07:44:44.333,obj004,1119.669,90.100,-2066.477
2026-08-17 07:44:44.350,obj001,1079.313,90.100,-1543.732
2026-08-17 07:44:44.350,obj002,698.749,90.100,-1633.484
2026-08-17 07:44:44.350,obj003,774.517,90.100,-2501.909
2026-08-17 07:44:44.350,obj004,1118.301,90.100,-2068.273
2026-08-17 07:44:44.366,obj001,1079.313,90.100,-1543.732
2026-08-17 07:44:44.366,obj002,698.749,90.100,-1633.484
2026-08-17 07:44:44.366,obj003,774.517,90.100,-2501.909
2026-08-17 07:44:44.366,obj004,1118.301,90.100,-2068.273
2026-08-17 07:44:44.383,obj001,1076.760,90.100,-1547.368
2026-08-17 07:44:44.383,obj002,697.276,90.100,-1629.292
2026-08-17 07:44:44.383,obj003,774.978,90.098,-2506.330
2026-08-17 07:44:44.383,obj004,1115.608,90.100,-2071.807
2026-08-17 07:44:44.400,obj001,1075.504,90.100,-1549.157
2026-08-17 07:44:44.400,obj002,696.527,90.100,-1627.163
2026-08-17 07:44:44.400,obj003,775.212,90.099,-2508.573
2026-08-17 07:44:44.400,obj004,1114.283,90.100,-2073.545
2026-08-17 07:44:44.416,obj001,1074.207,90.100,-1551.004
2026-08-17 07:44:44.416,obj002,695.802,90.100,-1625.101
2026-08-17 07:44:44.416,obj003,775.439,90.099,-2510.746
2026-08-17 07:44:44.416,obj004,1112.915,90.100,-2075.341
2026-08-17 07:44:44.433,obj001,1072.951,90.100,-1552.793
2026-08-17 07:44:44.433,obj002,695.054,90.100,-1622.971
2026-08-17 07:44:44.433,obj003,775.673,90.100,-2512.992
2026-08-17 07:44:44.433,obj004,1111.590,90.100,-2077.079
2026-08-17 07:44:44.450,obj001,1071.653,90.100,-1554.641
2026-08-17 07:44:44.450,obj002,694.329,90.100,-1620.909
2026-08-17 07:44:44.450,obj003,775.899,90.100,-2515.166
2026-08-17 07:44:44.450,obj004,1110.222,90.100,-2078.875
2026-08-17 07:44:44.466,obj001,1070.397,90.100,-1556.430
2026-08-17 07:44:44.466,obj002,693.580,90.100,-1618.779
2026-08-17 07:44:44.466,obj003,776.134,90.095,-2517.413
2026-08-17 07:44:44.466,obj004,1108.897,90.100,-2080.614
2026-08-17 07:44:44.483,obj001,1069.100,90.100,-1558.277
2026-08-17 07:44:44.483,obj002,692.855,90.100,-1616.717
2026-08-17 07:44:44.483,obj003,776.361,90.097,-2519.586
2026-08-17 07:44:44.483,obj004,1107.529,90.100,-2082.409
2026-08-17 07:44:44.500,obj001,1067.844,90.100,-1560.066
2026-08-17 07:44:44.500,obj002,692.107,90.100,-1614.587
2026-08-17 07:44:44.500,obj003,776.595,90.099,-2521.829
2026-08-17 07:44:44.500,obj004,1106.204,90.100,-2084.148
2026-08-17 07:44:44.516,obj001,1066.547,90.100,-1561.913
2026-08-17 07:44:44.516,obj002,691.382,90.100,-1612.525
2026-08-17 07:44:44.516,obj003,776.822,90.099,-2524.002
2026-08-17 07:44:44.516,obj004,1104.836,90.100,-2085.943
2026-08-17 07:44:44.533,obj001,1065.291,90.100,-1563.702
2026-08-17 07:44:44.533,obj002,690.633,90.100,-1610.396
2026-08-17 07:44:44.533,obj003,777.056,90.099,-2526.248
2026-08-17 07:44:44.533,obj004,1103.511,90.100,-2087.682
2026-08-17 07:44:44.550,obj001,1063.994,90.100,-1565.550
2026-08-17 07:44:44.550,obj002,689.908,90.100,-1608.334
2026-08-17 07:44:44.550,obj003,777.283,90.100,-2528.423
2026-08-17 07:44:44.550,obj004,1102.143,90.100,-2089.477
2026-08-17 07:44:44.566,obj001,1063.994,90.100,-1565.550
2026-08-17 07:44:44.566,obj002,689.908,90.100,-1608.334
2026-08-17 07:44:44.566,obj003,777.283,90.100,-2528.423
2026-08-17 07:44:44.566,obj004,1102.143,90.100,-2089.477
2026-08-17 07:44:44.583,obj001,1061.440,90.100,-1569.186
2026-08-17 07:44:44.583,obj002,688.435,90.100,-1604.142
2026-08-17 07:44:44.583,obj003,777.743,90.100,-2532.841
2026-08-17 07:44:44.583,obj004,1099.450,90.100,-2093.011
2026-08-17 07:44:44.600,obj001,1061.440,90.100,-1569.186
2026-08-17 07:44:44.600,obj002,688.435,90.100,-1604.142
2026-08-17 07:44:44.600,obj003,777.743,90.100,-2532.841
2026-08-17 07:44:44.600,obj004,1099.450,90.100,-2093.011
2026-08-17 07:44:44.616,obj001,1058.887,90.100,-1572.823
2026-08-17 07:44:44.616,obj002,686.961,90.100,-1599.950
2026-08-17 07:44:44.616,obj003,778.204,90.103,-2537.259
2026-08-17 07:44:44.616,obj004,1096.757,90.100,-2096.545
2026-08-17 07:44:44.633,obj001,1058.887,90.100,-1572.823
2026-08-17 07:44:44.633,obj002,686.961,90.100,-1599.950
2026-08-17 07:44:44.633,obj003,778.204,90.103,-2537.259
2026-08-17 07:44:44.633,obj004,1096.757,90.100,-2096.545
2026-08-17 07:44:44.650,obj001,1056.334,90.100,-1576.459
2026-08-17 07:44:44.650,obj002,685.488,90.100,-1595.759
2026-08-17 07:44:44.650,obj003,778.665,90.101,-2541.679
2026-08-17 07:44:44.650,obj004,1094.064,90.100,-2100.080
2026-08-17 07:44:44.666,obj001,1056.334,90.100,-1576.459
2026-08-17 07:44:44.666,obj002,685.488,90.100,-1595.759
2026-08-17 07:44:44.666,obj003,778.665,90.101,-2541.679
2026-08-17 07:44:44.666,obj004,1094.064,90.100,-2100.080
2026-08-17 07:44:44.683,obj001,1053.781,90.100,-1580.095
2026-08-17 07:44:44.683,obj002,684.014,90.100,-1591.567
2026-08-17 07:44:44.683,obj003,779.126,90.100,-2546.099
2026-08-17 07:44:44.683,obj004,1091.370,90.100,-2103.614
2026-08-17 07:44:44.700,obj001,1052.525,90.100,-1581.884
2026-08-17 07:44:44.700,obj002,683.265,90.100,-1589.437
2026-08-17 07:44:44.700,obj003,779.360,90.100,-2548.344
2026-08-17 07:44:44.700,obj004,1090.046,90.100,-2105.352
2026-08-17 07:44:44.716,obj001,1051.228,90.100,-1583.732
2026-08-17 07:44:44.716,obj002,682.541,90.100,-1587.375
2026-08-17 07:44:44.716,obj003,779.587,90.100,-2550.518
2026-08-17 07:44:44.716,obj004,1088.677,90.100,-2107.148
2026-08-17 07:44:44.733,obj001,1051.228,90.100,-1583.732
2026-08-17 07:44:44.733,obj002,682.541,90.100,-1587.375
2026-08-17 07:44:44.733,obj003,779.587,90.100,-2550.518
2026-08-17 07:44:44.733,obj004,1088.677,90.100,-2107.148
2026-08-17 07:44:44.750,obj001,1048.674,90.100,-1587.368
2026-08-17 07:44:44.750,obj002,681.067,90.100,-1583.184
2026-08-17 07:44:44.750,obj003,780.048,90.100,-2554.937
2026-08-17 07:44:44.750,obj004,1085.984,90.100,-2110.682
2026-08-17 07:44:44.766,obj001,1048.674,90.100,-1587.368
2026-08-17 07:44:44.766,obj002,681.067,90.100,-1583.184
2026-08-17 07:44:44.766,obj003,780.048,90.100,-2554.937
2026-08-17 07:44:44.766,obj004,1085.984,90.100,-2110.682
2026-08-17 07:44:44.783,obj001,1046.121,90.100,-1591.004
2026-08-17 07:44:44.783,obj002,679.594,90.100,-1578.992
2026-08-17 07:44:44.783,obj003,780.510,90.095,-2559.359
2026-08-17 07:44:44.783,obj004,1083.291,90.100,-2114.216
2026-08-17 07:44:44.800,obj001,1046.121,90.100,-1591.004
2026-08-17 07:44:44.800,obj002,679.594,90.100,-1578.992
2026-08-17 07:44:44.800,obj003,780.510,90.095,-2559.359
2026-08-17 07:44:44.800,obj004,1083.291,90.100,-2114.216
2026-08-17 07:44:44.816,obj001,1043.568,90.100,-1594.641
2026-08-17 07:44:44.816,obj002,678.120,90.100,-1574.800
2026-08-17 07:44:44.816,obj003,780.970,90.099,-2563.771
2026-08-17 07:44:44.816,obj004,1080.598,90.100,-2117.750
2026-08-17 07:44:44.833,obj001,1042.312,90.100,-1596.429
2026-08-17 07:44:44.833,obj002,677.371,90.100,-1572.671
2026-08-17 07:44:44.833,obj003,781.204,90.099,-2566.017
2026-08-17 07:44:44.833,obj004,1079.273,90.100,-2119.488
2026-08-17 07:44:44.850,obj001,1041.015,90.100,-1598.277
2026-08-17 07:44:44.850,obj002,676.647,90.100,-1570.609
2026-08-17 07:44:44.850,obj003,781.431,90.100,-2568.193
2026-08-17 07:44:44.850,obj004,1077.905,90.100,-2121.284
2026-08-17 07:44:44.866,obj001,1041.015,90.100,-1598.277
2026-08-17 07:44:44.866,obj002,676.647,90.100,-1570.609
2026-08-17 07:44:44.866,obj003,781.431,90.100,-2568.193
2026-08-17 07:44:44.866,obj004,1077.905,90.100,-2121.284
2026-08-17 07:44:44.883,obj001,1038.461,90.100,-1601.913
2026-08-17 07:44:44.883,obj002,675.173,90.100,-1566.417
2026-08-17 07:44:44.883,obj003,781.892,90.095,-2572.612
2026-08-17 07:44:44.883,obj004,1075.212,90.100,-2124.818
2026-08-17 07:44:44.900,obj001,1038.461,90.100,-1601.913
2026-08-17 07:44:44.900,obj002,675.173,90.100,-1566.417
2026-08-17 07:44:44.900,obj003,781.892,90.095,-2572.612
2026-08-17 07:44:44.900,obj004,1075.212,90.100,-2124.818
2026-08-17 07:44:44.916,obj001,1035.908,90.100,-1605.550
2026-08-17 07:44:44.916,obj002,673.700,90.100,-1562.225
2026-08-17 07:44:44.916,obj003,782.353,90.099,-2577.031
2026-08-17 07:44:44.916,obj004,1072.519,90.100,-2128.352
2026-08-17 07:44:44.933,obj001,1034.652,90.100,-1607.339
2026-08-17 07:44:44.933,obj002,672.951,90.100,-1560.096
2026-08-17 07:44:44.933,obj003,782.587,90.099,-2579.276
2026-08-17 07:44:44.933,obj004,1071.194,90.100,-2130.090
2026-08-17 07:44:44.950,obj001,1033.355,90.100,-1609.186
2026-08-17 07:44:44.950,obj002,672.226,90.100,-1558.034
2026-08-17 07:44:44.950,obj003,782.813,90.100,-2581.450
2026-08-17 07:44:44.950,obj004,1069.826,90.100,-2131.886
2026-08-17 07:44:44.966,obj001,1033.355,90.100,-1609.186
2026-08-17 07:44:44.966,obj002,672.226,90.100,-1558.034
2026-08-17 07:44:44.966,obj003,782.813,90.100,-2581.450
2026-08-17 07:44:44.966,obj004,1069.826,90.100,-2131.886
2026-08-17 07:44:44.983,obj001,1030.800,90.093,-1612.824
2026-08-17 07:44:44.983,obj002,670.752,90.100,-1553.842
2026-08-17 07:44:44.983,obj003,783.274,90.100,-2585.869
2026-08-17 07:44:44.983,obj004,1067.133,90.100,-2135.420
2026-08-17 07:44:45.000,obj001,1029.543,90.096,-1614.612
2026-08-17 07:44:45.000,obj002,670.004,90.100,-1551.712
2026-08-17 07:44:45.000,obj003,783.508,90.099,-2588.114
2026-08-17 07:44:45.000,obj004,1065.808,90.100,-2137.158
2026-08-17 07:44:45.016,obj001,1028.248,90.098,-1616.457
2026-08-17 07:44:45.016,obj002,669.279,90.100,-1549.650
2026-08-17 07:44:45.016,obj003,783.735,90.100,-2590.288
2026-08-17 07:44:45.016,obj004,1064.440,90.100,-2138.954
2026-08-17 07:44:45.033,obj001,1028.248,90.098,-1616.457
2026-08-17 07:44:45.033,obj002,669.279,90.100,-1549.650
2026-08-17 07:44:45.033,obj003,783.735,90.100,-2590.288
2026-08-17 07:44:45.033,obj004,1064.440,90.100,-2138.954
2026-08-17 07:44:45.050,obj001,1025.696,90.100,-1620.092
2026-08-17 07:44:45.050,obj002,667.805,90.100,-1545.458
2026-08-17 07:44:45.050,obj003,784.196,90.096,-2594.708
2026-08-17 07:44:45.050,obj004,1061.747,90.100,-2142.488
2026-08-17 07:44:45.066,obj001,1024.439,90.100,-1621.882
2026-08-17 07:44:45.066,obj002,667.057,90.100,-1543.329
2026-08-17 07:44:45.066,obj003,784.431,90.098,-2596.953
2026-08-17 07:44:45.066,obj004,1060.422,90.100,-2144.227
2026-08-17 07:44:45.083,obj001,1023.142,90.100,-1623.729
2026-08-17 07:44:45.083,obj002,666.332,90.100,-1541.267
2026-08-17 07:44:45.083,obj003,784.657,90.099,-2599.127
2026-08-17 07:44:45.083,obj004,1059.054,90.100,-2146.023
2026-08-17 07:44:45.100,obj001,1021.887,90.100,-1625.517
2026-08-17 07:44:45.100,obj002,666.714,90.100,-1543.492
2026-08-17 07:44:45.100,obj003,784.891,90.099,-2601.372
2026-08-17 07:44:45.100,obj004,1057.729,90.100,-2147.761
2026-08-17 07:44:45.116,obj001,1020.589,90.101,-1627.365
2026-08-17 07:44:45.116,obj002,667.083,90.100,-1545.646
2026-08-17 07:44:45.116,obj003,785.118,90.100,-2603.546
2026-08-17 07:44:45.116,obj004,1056.361,90.100,-2149.557
2026-08-17 07:44:45.133,obj001,1019.333,90.100,-1629.154
2026-08-17 07:44:45.133,obj002,667.465,90.100,-1547.871
2026-08-17 07:44:45.133,obj003,785.352,90.100,-2605.791
2026-08-17 07:44:45.133,obj004,1055.036,90.100,-2151.295
2026-08-17 07:44:45.150,obj001,1018.036,90.100,-1631.001
2026-08-17 07:44:45.150,obj002,667.835,90.100,-1550.025
2026-08-17 07:44:45.150,obj003,785.579,90.100,-2607.965
2026-08-17 07:44:45.150,obj004,1053.668,90.100,-2153.091
2026-08-17 07:44:45.166,obj001,1016.780,90.100,-1632.790
2026-08-17 07:44:45.166,obj002,668.217,90.100,-1552.250
2026-08-17 07:44:45.166,obj003,785.813,90.099,-2610.210
2026-08-17 07:44:45.166,obj004,1052.343,90.100,-2154.829
2026-08-17 07:44:45.183,obj001,1015.489,90.134,-1634.628
2026-08-17 07:44:45.183,obj002,668.587,90.100,-1554.404
2026-08-17 07:44:45.183,obj003,786.039,90.100,-2612.384
2026-08-17 07:44:45.183,obj004,1050.975,90.100,-2156.625
2026-08-17 07:44:45.200,obj001,1014.233,90.114,-1636.416
2026-08-17 07:44:45.200,obj002,668.968,90.100,-1556.629
2026-08-17 07:44:45.200,obj003,786.273,90.100,-2614.629
2026-08-17 07:44:45.200,obj004,1049.650,90.100,-2158.364
2026-08-17 07:44:45.216,obj001,1012.925,90.099,-1638.277
2026-08-17 07:44:45.216,obj002,669.338,90.100,-1558.783
2026-08-17 07:44:45.216,obj003,786.501,90.101,-2616.803
2026-08-17 07:44:45.216,obj004,1048.282,90.100,-2160.159
2026-08-17 07:44:45.233,obj001,1012.925,90.099,-1638.277
2026-08-17 07:44:45.233,obj002,669.338,90.100,-1558.783
2026-08-17 07:44:45.233,obj003,786.501,90.101,-2616.803
2026-08-17 07:44:45.233,obj004,1048.282,90.100,-2160.159
2026-08-17 07:44:45.250,obj001,1010.371,90.108,-1641.914
2026-08-17 07:44:45.250,obj002,670.090,90.100,-1563.163
2026-08-17 07:44:45.250,obj003,786.961,90.100,-2621.222
2026-08-17 07:44:45.250,obj004,1045.589,90.100,-2163.693
2026-08-17 07:44:45.266,obj001,1010.371,90.108,-1641.914
2026-08-17 07:44:45.266,obj002,670.090,90.100,-1563.163
2026-08-17 07:44:45.266,obj003,786.961,90.100,-2621.222
2026-08-17 07:44:45.266,obj004,1045.589,90.100,-2163.693
2026-08-17 07:44:45.283,obj001,1007.819,90.102,-1645.549
2026-08-17 07:44:45.283,obj002,670.841,90.100,-1567.542
2026-08-17 07:44:45.283,obj003,787.422,90.100,-2625.642
2026-08-17 07:44:45.283,obj004,1042.896,90.100,-2167.228
2026-08-17 07:44:45.300,obj001,1007.819,90.102,-1645.549
2026-08-17 07:44:45.300,obj002,670.841,90.100,-1567.542
2026-08-17 07:44:45.300,obj003,787.422,90.100,-2625.642
2026-08-17 07:44:45.300,obj004,1042.896,90.100,-2167.228
2026-08-17 07:44:45.316,obj001,1005.263,90.100,-1649.189
2026-08-17 07:44:45.316,obj002,671.593,90.100,-1571.921
2026-08-17 07:44:45.316,obj003,787.884,90.094,-2630.063
2026-08-17 07:44:45.316,obj004,1040.203,90.100,-2170.762
2026-08-17 07:44:45.333,obj001,1005.263,90.100,-1649.189
2026-08-17 07:44:45.333,obj002,671.593,90.100,-1571.921
2026-08-17 07:44:45.333,obj003,787.884,90.094,-2630.063
2026-08-17 07:44:45.333,obj004,1040.203,90.100,-2170.762
2026-08-17 07:44:45.350,obj001,1002.711,90.100,-1652.823
2026-08-17 07:44:45.350,obj002,672.344,90.100,-1576.300
2026-08-17 07:44:45.350,obj003,788.345,90.098,-2634.481
2026-08-17 07:44:45.350,obj004,1037.510,90.100,-2174.296
2026-08-17 07:44:45.366,obj001,1002.711,90.100,-1652.823
2026-08-17 07:44:45.366,obj002,672.344,90.100,-1576.300
2026-08-17 07:44:45.366,obj003,788.345,90.098,-2634.481
2026-08-17 07:44:45.366,obj004,1037.510,90.100,-2174.296
2026-08-17 07:44:45.383,obj001,1000.156,90.093,-1656.462
2026-08-17 07:44:45.383,obj002,673.096,90.100,-1580.679
2026-08-17 07:44:45.383,obj003,788.805,90.099,-2638.900
2026-08-17 07:44:45.383,obj004,1034.817,90.100,-2177.830
2026-08-17 07:44:45.400,obj001,998.900,90.096,-1658.250
2026-08-17 07:44:45.400,obj002,673.478,90.100,-1582.904
2026-08-17 07:44:45.400,obj003,789.039,90.100,-2641.145
2026-08-17 07:44:45.400,obj004,1033.492,90.100,-2179.569
2026-08-17 07:44:45.416,obj001,997.605,90.098,-1660.096
2026-08-17 07:44:45.416,obj002,673.847,90.100,-1585.058
2026-08-17 07:44:45.416,obj003,789.266,90.100,-2643.319
2026-08-17 07:44:45.416,obj004,1032.124,90.100,-2181.364
2026-08-17 07:44:45.433,obj001,997.605,90.098,-1660.096
2026-08-17 07:44:45.433,obj002,673.847,90.100,-1585.058
2026-08-17 07:44:45.433,obj003,789.266,90.100,-2643.319
2026-08-17 07:44:45.433,obj004,1032.124,90.100,-2181.364
2026-08-17 07:44:45.450,obj001,995.052,90.100,-1663.731
2026-08-17 07:44:45.450,obj002,674.599,90.100,-1589.437
2026-08-17 07:44:45.450,obj003,789.727,90.100,-2647.738
2026-08-17 07:44:45.450,obj004,1029.431,90.100,-2184.898
2026-08-17 07:44:45.466,obj001,995.052,90.100,-1663.731
2026-08-17 07:44:45.466,obj002,674.599,90.100,-1589.437
2026-08-17 07:44:45.466,obj003,789.727,90.100,-2647.738
2026-08-17 07:44:45.466,obj004,1029.431,90.100,-2184.898
2026-08-17 07:44:45.483,obj001,992.499,90.100,-1667.368
2026-08-17 07:44:45.483,obj002,675.350,90.100,-1593.817
2026-08-17 07:44:45.483,obj003,790.189,90.100,-2652.157
2026-08-17 07:44:45.483,obj004,1026.737,90.100,-2188.433
2026-08-17 07:44:45.500,obj001,991.243,90.100,-1669.156
2026-08-17 07:44:45.500,obj002,675.732,90.100,-1596.042
2026-08-17 07:44:45.500,obj003,790.423,90.100,-2654.402
2026-08-17 07:44:45.500,obj004,1025.413,90.100,-2190.171
2026-08-17 07:44:45.516,obj001,989.944,90.091,-1671.006
2026-08-17 07:44:45.516,obj002,676.102,90.100,-1598.196
2026-08-17 07:44:45.516,obj003,790.650,90.100,-2656.576
2026-08-17 07:44:45.516,obj004,1024.044,90.100,-2191.967
2026-08-17 07:44:45.533,obj001,988.687,90.096,-1672.794
2026-08-17 07:44:45.533,obj002,676.484,90.100,-1600.421
2026-08-17 07:44:45.533,obj003,790.884,90.100,-2658.821
2026-08-17 07:44:45.533,obj004,1022.720,90.100,-2193.705
2026-08-17 07:44:45.550,obj001,987.392,90.098,-1674.638
2026-08-17 07:44:45.550,obj002,676.853,90.100,-1602.575
2026-08-17 07:44:45.550,obj003,791.111,90.100,-2660.995
2026-08-17 07:44:45.550,obj004,1021.351,90.100,-2195.501
2026-08-17 07:44:45.566,obj001,987.392,90.098,-1674.638
2026-08-17 07:44:45.566,obj002,676.853,90.100,-1602.575
2026-08-17 07:44:45.566,obj003,791.111,90.100,-2660.995
2026-08-17 07:44:45.566,obj004,1021.351,90.100,-2195.501
2026-08-17 07:44:45.583,obj001,984.842,90.109,-1678.270
2026-08-17 07:44:45.583,obj002,677.605,90.100,-1606.954
2026-08-17 07:44:45.583,obj003,791.571,90.100,-2665.414
2026-08-17 07:44:45.583,obj004,1018.658,90.100,-2199.035
2026-08-17 07:44:45.600,obj001,983.586,90.104,-1680.061
2026-08-17 07:44:45.600,obj002,677.987,90.100,-1609.179
2026-08-17 07:44:45.600,obj003,791.805,90.100,-2667.660
2026-08-17 07:44:45.600,obj004,1017.334,90.100,-2200.773
2026-08-17 07:44:45.616,obj001,982.286,90.102,-1681.911
2026-08-17 07:44:45.616,obj002,678.356,90.100,-1611.333
2026-08-17 07:44:45.616,obj003,792.033,90.099,-2669.834
2026-08-17 07:44:45.616,obj004,1015.965,90.100,-2202.569
2026-08-17 07:44:45.633,obj001,982.286,90.102,-1681.911
2026-08-17 07:44:45.633,obj002,678.356,90.100,-1611.333
2026-08-17 07:44:45.633,obj003,792.033,90.099,-2669.834
2026-08-17 07:44:45.633,obj004,1015.965,90.100,-2202.569
2026-08-17 07:44:45.650,obj001,979.732,90.101,-1685.549
2026-08-17 07:44:45.650,obj002,679.108,90.100,-1615.712
2026-08-17 07:44:45.650,obj003,792.494,90.100,-2674.253
2026-08-17 07:44:45.650,obj004,1013.272,90.100,-2206.103
2026-08-17 07:44:45.666,obj001,978.477,90.100,-1687.337
2026-08-17 07:44:45.666,obj002,679.490,90.100,-1617.937
2026-08-17 07:44:45.666,obj003,792.728,90.100,-2676.498
2026-08-17 07:44:45.666,obj004,1011.947,90.100,-2207.842
2026-08-17 07:44:45.683,obj001,977.179,90.100,-1689.185
2026-08-17 07:44:45.683,obj002,679.859,90.100,-1620.091
2026-08-17 07:44:45.683,obj003,792.954,90.100,-2678.672
2026-08-17 07:44:45.683,obj004,1010.579,90.100,-2209.637
2026-08-17 07:44:45.700,obj001,975.923,90.100,-1690.974
2026-08-17 07:44:45.700,obj002,680.241,90.100,-1622.316
2026-08-17 07:44:45.700,obj003,793.189,90.085,-2680.922
2026-08-17 07:44:45.700,obj004,1009.254,90.100,-2211.376
2026-08-17 07:44:45.716,obj001,974.626,90.100,-1692.821
2026-08-17 07:44:45.716,obj002,680.611,90.100,-1624.471
2026-08-17 07:44:45.716,obj003,793.414,90.093,-2683.096
2026-08-17 07:44:45.716,obj004,1007.886,90.100,-2213.171
2026-08-17 07:44:45.733,obj001,973.370,90.100,-1694.610
2026-08-17 07:44:45.733,obj002,680.993,90.100,-1626.696
2026-08-17 07:44:45.733,obj003,793.648,90.096,-2685.335
2026-08-17 07:44:45.733,obj004,1006.562,90.101,-2214.909
2026-08-17 07:44:45.750,obj001,972.070,90.086,-1696.461
2026-08-17 07:44:45.750,obj002,681.362,90.100,-1628.850
2026-08-17 07:44:45.750,obj003,793.874,90.098,-2687.503
2026-08-17 07:44:45.750,obj004,1005.193,90.101,-2216.705
2026-08-17 07:44:45.766,obj001,970.814,90.093,-1698.250
2026-08-17 07:44:45.766,obj002,681.744,90.100,-1631.075
2026-08-17 07:44:45.766,obj003,794.108,90.099,-2689.751
2026-08-17 07:44:45.766,obj004,1003.868,90.100,-2218.443
2026-08-17 07:44:45.783,obj001,969.521,90.096,-1700.093
2026-08-17 07:44:45.783,obj002,682.114,90.100,-1633.229
2026-08-17 07:44:45.783,obj003,794.335,90.099,-2691.927
2026-08-17 07:44:45.783,obj004,1002.500,90.100,-2220.239
2026-08-17 07:44:45.800,obj001,968.268,90.098,-1701.876
2026-08-17 07:44:45.800,obj002,682.496,90.100,-1635.454
2026-08-17 07:44:45.800,obj003,794.569,90.100,-2694.171
2026-08-17 07:44:45.800,obj004,1001.175,90.100,-2221.978
2026-08-17 07:44:45.816,obj001,966.969,90.099,-1703.726
2026-08-17 07:44:45.816,obj002,682.866,90.100,-1637.608
2026-08-17 07:44:45.816,obj003,794.796,90.100,-2696.344
2026-08-17 07:44:45.816,obj004,999.807,90.100,-2223.773
2026-08-17 07:44:45.833,obj001,966.969,90.099,-1703.726
2026-08-17 07:44:45.833,obj002,682.866,90.100,-1637.608
2026-08-17 07:44:45.833,obj003,794.796,90.100,-2696.344
2026-08-17 07:44:45.833,obj004,999.807,90.100,-2223.773
2026-08-17 07:44:45.850,obj001,964.416,90.101,-1707.363
2026-08-17 07:44:45.850,obj002,683.617,90.100,-1641.987
2026-08-17 07:44:45.850,obj003,795.257,90.100,-2700.764
2026-08-17 07:44:45.850,obj004,997.114,90.100,-2227.307
2026-08-17 07:44:45.866,obj001,963.161,90.101,-1709.151
2026-08-17 07:44:45.866,obj002,683.999,90.100,-1644.212
2026-08-17 07:44:45.866,obj003,795.491,90.100,-2703.009
2026-08-17 07:44:45.866,obj004,995.789,90.100,-2229.046
2026-08-17 07:44:45.883,obj001,961.863,90.100,-1710.999
2026-08-17 07:44:45.883,obj002,684.369,90.100,-1646.366
2026-08-17 07:44:45.883,obj003,795.717,90.100,-2705.183
2026-08-17 07:44:45.883,obj004,994.421,90.100,-2230.841
2026-08-17 07:44:45.900,obj001,960.607,90.100,-1712.788
2026-08-17 07:44:45.900,obj002,684.750,90.100,-1648.591
2026-08-17 07:44:45.900,obj003,795.952,90.100,-2707.428
2026-08-17 07:44:45.900,obj004,993.096,90.100,-2232.580
2026-08-17 07:44:45.916,obj001,959.310,90.100,-1714.636
2026-08-17 07:44:45.916,obj002,685.120,90.100,-1650.746
2026-08-17 07:44:45.916,obj003,796.178,90.097,-2709.603
2026-08-17 07:44:45.916,obj004,991.728,90.100,-2234.375
2026-08-17 07:44:45.933,obj001,958.054,90.100,-1716.424
2026-08-17 07:44:45.933,obj002,685.502,90.100,-1652.971
2026-08-17 07:44:45.933,obj003,796.412,90.098,-2711.848
2026-08-17 07:44:45.933,obj004,990.403,90.100,-2236.114
2026-08-17 07:44:45.950,obj001,956.755,90.095,-1718.273
2026-08-17 07:44:45.950,obj002,685.872,90.100,-1655.125
2026-08-17 07:44:45.950,obj003,796.639,90.099,-2714.021
2026-08-17 07:44:45.950,obj004,989.036,90.106,-2237.908
2026-08-17 07:44:45.966,obj001,956.755,90.095,-1718.273
2026-08-17 07:44:45.966,obj002,685.872,90.100,-1655.125
2026-08-17 07:44:45.966,obj003,796.639,90.099,-2714.021
2026-08-17 07:44:45.966,obj004,989.036,90.106,-2237.908
2026-08-17 07:44:45.983,obj001,954.203,90.099,-1721.907
2026-08-17 07:44:45.983,obj002,686.623,90.100,-1659.504
2026-08-17 07:44:45.983,obj003,797.099,90.100,-2718.440
2026-08-17 07:44:45.983,obj004,986.341,90.101,-2241.443
2026-08-17 07:44:46.000,obj001,952.948,90.099,-1723.694
2026-08-17 07:44:46.000,obj002,687.005,90.100,-1661.729
2026-08-17 07:44:46.000,obj003,797.334,90.100,-2720.686
2026-08-17 07:44:46.000,obj004,985.015,90.101,-2243.184
2026-08-17 07:44:46.016,obj001,951.653,90.110,-1725.540
2026-08-17 07:44:46.016,obj002,687.375,90.100,-1663.883
2026-08-17 07:44:46.016,obj003,797.560,90.100,-2722.860
2026-08-17 07:44:46.016,obj004,983.647,90.100,-2244.979
2026-08-17 07:44:46.033,obj001,951.653,90.110,-1725.540
2026-08-17 07:44:46.033,obj002,687.375,90.100,-1663.883
2026-08-17 07:44:46.033,obj003,797.560,90.100,-2722.860
2026-08-17 07:44:46.033,obj004,983.647,90.100,-2244.979
2026-08-17 07:44:46.050,obj001,949.103,90.125,-1729.175
2026-08-17 07:44:46.050,obj002,688.126,90.100,-1668.262
2026-08-17 07:44:46.050,obj003,798.021,90.099,-2727.279
2026-08-17 07:44:46.050,obj004,980.955,90.100,-2248.512
2026-08-17 07:44:46.066,obj001,947.844,90.111,-1730.967
2026-08-17 07:44:46.066,obj002,688.508,90.100,-1670.487
2026-08-17 07:44:46.066,obj003,798.255,90.099,-2729.524
2026-08-17 07:44:46.066,obj004,979.629,90.100,-2250.251
2026-08-17 07:44:46.083,obj001,946.545,90.111,-1732.819
2026-08-17 07:44:46.083,obj002,688.878,90.100,-1672.641
2026-08-17 07:44:46.083,obj003,798.482,90.100,-2731.696
2026-08-17 07:44:46.083,obj004,978.261,90.100,-2252.046
2026-08-17 07:44:46.100,obj001,946.545,90.111,-1732.819
2026-08-17 07:44:46.100,obj002,688.878,90.100,-1672.641
2026-08-17 07:44:46.100,obj003,798.482,90.100,-2731.696
2026-08-17 07:44:46.100,obj004,978.261,90.100,-2252.046
2026-08-17 07:44:46.116,obj001,943.989,90.102,-1736.462
2026-08-17 07:44:46.116,obj002,689.629,90.100,-1677.020
2026-08-17 07:44:46.116,obj003,798.943,90.100,-2736.116
2026-08-17 07:44:46.116,obj004,975.568,90.100,-2255.580
2026-08-17 07:44:46.133,obj001,942.734,90.101,-1738.250
2026-08-17 07:44:46.133,obj002,690.011,90.100,-1679.245
2026-08-17 07:44:46.133,obj003,799.177,90.093,-2738.363
2026-08-17 07:44:46.133,obj004,974.244,90.101,-2257.318
2026-08-17 07:44:46.150,obj001,941.436,90.101,-1740.098
2026-08-17 07:44:46.150,obj002,690.381,90.100,-1681.400
2026-08-17 07:44:46.150,obj003,799.405,90.097,-2740.537
2026-08-17 07:44:46.150,obj004,972.875,90.101,-2259.114
2026-08-17 07:44:46.166,obj001,941.436,90.101,-1740.098
2026-08-17 07:44:46.166,obj002,690.381,90.100,-1681.400
2026-08-17 07:44:46.166,obj003,799.405,90.097,-2740.537
2026-08-17 07:44:46.166,obj004,972.875,90.101,-2259.114
2026-08-17 07:44:46.183,obj001,938.883,90.100,-1743.735
2026-08-17 07:44:46.183,obj002,691.132,90.100,-1685.779
2026-08-17 07:44:46.183,obj003,799.865,90.099,-2744.951
2026-08-17 07:44:46.183,obj004,970.182,90.100,-2262.648
2026-08-17 07:44:46.200,obj001,937.627,90.100,-1745.523
2026-08-17 07:44:46.200,obj002,691.514,90.100,-1688.004
2026-08-17 07:44:46.200,obj003,800.099,90.099,-2747.197
2026-08-17 07:44:46.200,obj004,968.857,90.100,-2264.387
2026-08-17 07:44:46.216,obj001,936.330,90.100,-1747.371
2026-08-17 07:44:46.216,obj002,691.884,90.100,-1690.158
2026-08-17 07:44:46.216,obj003,800.326,90.100,-2749.372
2026-08-17 07:44:46.216,obj004,967.489,90.100,-2266.182
2026-08-17 07:44:46.233,obj001,935.074,90.100,-1749.160
2026-08-17 07:44:46.233,obj002,692.266,90.100,-1692.383
2026-08-17 07:44:46.233,obj003,800.560,90.100,-2751.617
2026-08-17 07:44:46.233,obj004,966.164,90.100,-2267.920
2026-08-17 07:44:46.250,obj001,933.779,90.109,-1751.005
2026-08-17 07:44:46.250,obj002,692.635,90.100,-1694.537
2026-08-17 07:44:46.250,obj003,800.787,90.100,-2753.790
2026-08-17 07:44:46.250,obj004,964.796,90.100,-2269.716
2026-08-17 07:44:46.266,obj001,932.523,90.104,-1752.794
2026-08-17 07:44:46.266,obj002,693.017,90.100,-1696.762
2026-08-17 07:44:46.266,obj003,801.021,90.101,-2756.036
2026-08-17 07:44:46.266,obj004,963.471,90.100,-2271.455
2026-08-17 07:44:46.283,obj001,931.224,90.102,-1754.645
2026-08-17 07:44:46.283,obj002,693.387,90.100,-1698.916
2026-08-17 07:44:46.283,obj003,801.249,90.101,-2758.210
2026-08-17 07:44:46.283,obj004,962.103,90.100,-2273.250
2026-08-17 07:44:46.300,obj001,929.966,90.101,-1756.437
2026-08-17 07:44:46.300,obj002,693.769,90.100,-1701.141
2026-08-17 07:44:46.300,obj003,801.483,90.100,-2760.455
2026-08-17 07:44:46.300,obj004,960.778,90.100,-2274.989
2026-08-17 07:44:46.316,obj001,928.670,90.100,-1758.283
2026-08-17 07:44:46.316,obj002,694.138,90.100,-1703.295
2026-08-17 07:44:46.316,obj003,801.710,90.100,-2762.630
2026-08-17 07:44:46.316,obj004,959.410,90.100,-2276.784
2026-08-17 07:44:46.333,obj001,927.415,90.100,-1760.070
2026-08-17 07:44:46.333,obj002,694.520,90.100,-1705.520
2026-08-17 07:44:46.333,obj003,801.944,90.100,-2764.875
2026-08-17 07:44:46.333,obj004,958.085,90.100,-2278.523
2026-08-17 07:44:46.350,obj001,926.117,90.100,-1761.919
2026-08-17 07:44:46.350,obj002,694.890,90.100,-1707.674
2026-08-17 07:44:46.350,obj003,802.170,90.100,-2767.048
2026-08-17 07:44:46.350,obj004,956.717,90.101,-2280.318
2026-08-17 07:44:46.366,obj001,924.861,90.100,-1763.708
2026-08-17 07:44:46.366,obj002,695.272,90.100,-1709.899
2026-08-17 07:44:46.366,obj003,802.405,90.100,-2769.294
2026-08-17 07:44:46.366,obj004,955.392,90.101,-2282.056
2026-08-17 07:44:46.383,obj001,923.564,90.100,-1765.555
2026-08-17 07:44:46.383,obj002,695.641,90.100,-1712.054
2026-08-17 07:44:46.383,obj003,802.631,90.100,-2771.468
2026-08-17 07:44:46.383,obj004,954.023,90.100,-2283.852
2026-08-17 07:44:46.400,obj001,922.308,90.100,-1767.344
2026-08-17 07:44:46.400,obj002,696.023,90.100,-1714.279
2026-08-17 07:44:46.400,obj003,802.865,90.100,-2773.713
2026-08-17 07:44:46.400,obj004,952.698,90.100,-2285.591
2026-08-17 07:44:46.416,obj001,921.010,90.100,-1769.191
2026-08-17 07:44:46.416,obj002,696.393,90.100,-1716.433
2026-08-17 07:44:46.416,obj003,803.092,90.100,-2775.887
2026-08-17 07:44:46.416,obj004,951.330,90.100,-2287.386
2026-08-17 07:44:46.433,obj001,919.754,90.096,-1770.981
2026-08-17 07:44:46.433,obj002,696.775,90.100,-1718.658
2026-08-17 07:44:46.433,obj003,803.326,90.100,-2778.132
2026-08-17 07:44:46.433,obj004,950.005,90.100,-2289.124
2026-08-17 07:44:46.450,obj001,918.457,90.098,-1772.828
2026-08-17 07:44:46.450,obj002,697.145,90.100,-1720.812
2026-08-17 07:44:46.450,obj003,803.553,90.100,-2780.306
2026-08-17 07:44:46.450,obj004,948.637,90.100,-2290.920
2026-08-17 07:44:46.466,obj001,917.201,90.099,-1774.617
2026-08-17 07:44:46.466,obj002,697.526,90.100,-1723.037
2026-08-17 07:44:46.466,obj003,803.787,90.100,-2782.551
2026-08-17 07:44:46.466,obj004,947.312,90.100,-2292.658
2026-08-17 07:44:46.483,obj001,915.904,90.100,-1776.464
2026-08-17 07:44:46.483,obj002,697.896,90.100,-1725.191
2026-08-17 07:44:46.483,obj003,804.014,90.100,-2784.725
2026-08-17 07:44:46.483,obj004,945.944,90.100,-2294.454
2026-08-17 07:44:46.500,obj001,914.646,90.091,-1778.255
2026-08-17 07:44:46.500,obj002,698.278,90.100,-1727.416
2026-08-17 07:44:46.500,obj003,804.248,90.100,-2786.971
2026-08-17 07:44:46.500,obj004,944.619,90.100,-2296.192
2026-08-17 07:44:46.516,obj001,913.349,90.096,-1780.102
2026-08-17 07:44:46.516,obj002,698.648,90.100,-1729.570
2026-08-17 07:44:46.516,obj003,804.474,90.100,-2789.144
2026-08-17 07:44:46.516,obj004,943.251,90.100,-2297.988
2026-08-17 07:44:46.533,obj001,912.094,90.098,-1781.890
2026-08-17 07:44:46.533,obj002,699.029,90.100,-1731.795
2026-08-17 07:44:46.533,obj003,804.710,90.096,-2791.391
2026-08-17 07:44:46.533,obj004,941.926,90.100,-2299.727
2026-08-17 07:44:46.550,obj001,910.796,90.099,-1783.737
2026-08-17 07:44:46.550,obj002,699.399,90.100,-1733.949
2026-08-17 07:44:46.550,obj003,804.937,90.098,-2793.565
2026-08-17 07:44:46.550,obj004,940.558,90.100,-2301.522
2026-08-17 07:44:46.566,obj001,910.796,90.099,-1783.737
2026-08-17 07:44:46.566,obj002,699.399,90.100,-1733.949
2026-08-17 07:44:46.566,obj003,804.937,90.098,-2793.565
2026-08-17 07:44:46.566,obj004,940.558,90.100,-2301.522
2026-08-17 07:44:46.583,obj001,908.243,90.100,-1787.374
2026-08-17 07:44:46.583,obj002,700.151,90.100,-1738.329
2026-08-17 07:44:46.583,obj003,805.398,90.099,-2797.981
2026-08-17 07:44:46.583,obj004,937.865,90.100,-2305.056
2026-08-17 07:44:46.600,obj001,906.987,90.100,-1789.162
2026-08-17 07:44:46.600,obj002,700.532,90.100,-1740.554
2026-08-17 07:44:46.600,obj003,805.632,90.100,-2800.227
2026-08-17 07:44:46.600,obj004,936.540,90.100,-2306.795
2026-08-17 07:44:46.616,obj001,905.690,90.100,-1791.010
2026-08-17 07:44:46.616,obj002,700.902,90.100,-1742.708
2026-08-17 07:44:46.616,obj003,805.859,90.100,-2802.401
2026-08-17 07:44:46.616,obj004,935.172,90.100,-2308.590
2026-08-17 07:44:46.633,obj001,905.690,90.100,-1791.010
2026-08-17 07:44:46.633,obj002,700.902,90.100,-1742.708
2026-08-17 07:44:46.633,obj003,805.859,90.100,-2802.401
2026-08-17 07:44:46.633,obj004,935.172,90.100,-2308.590
2026-08-17 07:44:46.650,obj001,903.137,90.098,-1794.646
2026-08-17 07:44:46.650,obj002,701.654,90.100,-1747.087
2026-08-17 07:44:46.650,obj003,806.319,90.100,-2806.820
2026-08-17 07:44:46.650,obj004,932.479,90.100,-2312.124
2026-08-17 07:44:46.666,obj001,901.881,90.099,-1796.435
2026-08-17 07:44:46.666,obj002,702.036,90.100,-1749.312
2026-08-17 07:44:46.666,obj003,806.554,90.100,-2809.065
2026-08-17 07:44:46.666,obj004,931.154,90.100,-2313.863
2026-08-17 07:44:46.683,obj001,900.586,90.108,-1798.280
2026-08-17 07:44:46.683,obj002,702.405,90.100,-1751.466
2026-08-17 07:44:46.683,obj003,806.780,90.100,-2811.239
2026-08-17 07:44:46.683,obj004,929.786,90.100,-2315.658
2026-08-17 07:44:46.700,obj001,899.331,90.104,-1800.068
2026-08-17 07:44:46.700,obj002,702.787,90.100,-1753.691
2026-08-17 07:44:46.700,obj003,807.014,90.100,-2813.484
2026-08-17 07:44:46.700,obj004,928.461,90.100,-2317.397
2026-08-17 07:44:46.716,obj001,898.031,90.102,-1801.919
2026-08-17 07:44:46.716,obj002,703.157,90.100,-1755.845
2026-08-17 07:44:46.716,obj003,807.241,90.100,-2815.658
2026-08-17 07:44:46.716,obj004,927.093,90.100,-2319.192
2026-08-17 07:44:46.733,obj001,896.773,90.101,-1803.711
2026-08-17 07:44:46.733,obj002,703.539,90.100,-1758.070
2026-08-17 07:44:46.733,obj003,807.475,90.100,-2817.903
2026-08-17 07:44:46.733,obj004,925.768,90.100,-2320.930
2026-08-17 07:44:46.750,obj001,895.477,90.100,-1805.557
2026-08-17 07:44:46.750,obj002,703.908,90.100,-1760.224
2026-08-17 07:44:46.750,obj003,807.702,90.100,-2820.077
2026-08-17 07:44:46.750,obj004,924.399,90.100,-2322.726
2026-08-17 07:44:46.766,obj001,895.477,90.100,-1805.557
2026-08-17 07:44:46.766,obj002,703.908,90.100,-1760.224
2026-08-17 07:44:46.766,obj003,807.702,90.100,-2820.077
2026-08-17 07:44:46.766,obj004,924.399,90.100,-2322.726
2026-08-17 07:44:46.783,obj001,892.924,90.100,-1809.193
2026-08-17 07:44:46.783,obj002,704.660,90.100,-1764.603
2026-08-17 07:44:46.783,obj003,808.163,90.100,-2824.496
2026-08-17 07:44:46.783,obj004,921.706,90.099,-2326.261
2026-08-17 07:44:46.800,obj001,891.668,90.100,-1810.983
2026-08-17 07:44:46.800,obj002,705.042,90.100,-1766.828
2026-08-17 07:44:46.800,obj003,808.397,90.100,-2826.742
2026-08-17 07:44:46.800,obj004,920.382,90.100,-2327.999
2026-08-17 07:44:46.816,obj001,890.371,90.100,-1812.830
2026-08-17 07:44:46.816,obj002,705.411,90.100,-1768.983
2026-08-17 07:44:46.816,obj003,808.624,90.100,-2828.916
2026-08-17 07:44:46.816,obj004,919.013,90.100,-2329.794
2026-08-17 07:44:46.833,obj001,889.115,90.102,-1814.617
2026-08-17 07:44:46.833,obj002,705.793,90.100,-1771.208
2026-08-17 07:44:46.833,obj003,808.858,90.100,-2831.161
2026-08-17 07:44:46.833,obj004,917.688,90.101,-2331.532
2026-08-17 07:44:46.850,obj001,887.818,90.101,-1816.465
2026-08-17 07:44:46.850,obj002,706.163,90.100,-1773.362
2026-08-17 07:44:46.850,obj003,809.085,90.100,-2833.335
2026-08-17 07:44:46.850,obj004,916.320,90.101,-2333.328
2026-08-17 07:44:46.866,obj001,887.818,90.101,-1816.465
2026-08-17 07:44:46.866,obj002,706.163,90.100,-1773.362
2026-08-17 07:44:46.866,obj003,809.085,90.100,-2833.335
2026-08-17 07:44:46.866,obj004,916.320,90.101,-2333.328
2026-08-17 07:44:46.883,obj001,885.264,90.100,-1820.102
2026-08-17 07:44:46.883,obj002,706.914,90.100,-1777.741
2026-08-17 07:44:46.883,obj003,809.546,90.100,-2837.754
2026-08-17 07:44:46.883,obj004,913.627,90.100,-2336.862
2026-08-17 07:44:46.900,obj001,885.264,90.100,-1820.102
2026-08-17 07:44:46.900,obj002,706.914,90.100,-1777.741
2026-08-17 07:44:46.900,obj003,809.546,90.100,-2837.754
2026-08-17 07:44:46.900,obj004,913.627,90.100,-2336.862
2026-08-17 07:44:46.916,obj001,882.711,90.100,-1823.738
2026-08-17 07:44:46.916,obj002,707.666,90.100,-1782.120
2026-08-17 07:44:46.916,obj003,810.006,90.100,-2842.173
2026-08-17 07:44:46.916,obj004,910.934,90.100,-2340.396
2026-08-17 07:44:46.933,obj001,882.711,90.100,-1823.738
2026-08-17 07:44:46.933,obj002,707.666,90.100,-1782.120
2026-08-17 07:44:46.933,obj003,810.006,90.100,-2842.173
2026-08-17 07:44:46.933,obj004,910.934,90.100,-2340.396
2026-08-17 07:44:46.950,obj001,880.158,90.100,-1827.375
2026-08-17 07:44:46.950,obj002,708.417,90.100,-1786.499
2026-08-17 07:44:46.950,obj003,810.467,90.100,-2846.592
2026-08-17 07:44:46.950,obj004,908.241,90.100,-2343.930
2026-08-17 07:44:46.966,obj001,880.158,90.100,-1827.375
2026-08-17 07:44:46.966,obj002,708.417,90.100,-1786.499
2026-08-17 07:44:46.966,obj003,810.467,90.100,-2846.592
2026-08-17 07:44:46.966,obj004,908.241,90.100,-2343.930
2026-08-17 07:44:46.983,obj001,877.604,90.096,-1831.012
2026-08-17 07:44:46.983,obj002,709.169,90.100,-1790.878
2026-08-17 07:44:46.983,obj003,810.928,90.100,-2851.012
2026-08-17 07:44:46.983,obj004,905.548,90.100,-2347.464
2026-08-17 07:44:47.000,obj001,876.348,90.098,-1832.801
2026-08-17 07:44:47.000,obj002,709.551,90.100,-1793.103
2026-08-17 07:44:47.000,obj003,811.162,90.100,-2853.257
2026-08-17 07:44:47.000,obj004,904.223,90.100,-2349.203
2026-08-17 07:44:47.016,obj001,875.052,90.099,-1834.647
2026-08-17 07:44:47.016,obj002,709.920,90.100,-1795.258
2026-08-17 07:44:47.016,obj003,811.389,90.100,-2855.431
2026-08-17 07:44:47.016,obj004,902.855,90.100,-2350.998
2026-08-17 07:44:47.033,obj001,875.052,90.099,-1834.647
2026-08-17 07:44:47.033,obj002,709.920,90.100,-1795.258
2026-08-17 07:44:47.033,obj003,811.389,90.100,-2855.431
2026-08-17 07:44:47.033,obj004,902.855,90.100,-2350.998
2026-08-17 07:44:47.050,obj001,872.500,90.101,-1838.282
2026-08-17 07:44:47.050,obj002,710.672,90.100,-1799.637
2026-08-17 07:44:47.050,obj003,811.850,90.100,-2859.850
2026-08-17 07:44:47.050,obj004,900.161,90.100,-2354.532
2026-08-17 07:44:47.066,obj001,871.243,90.100,-1840.072
2026-08-17 07:44:47.066,obj002,711.054,90.100,-1801.862
2026-08-17 07:44:47.066,obj003,812.084,90.100,-2862.095
2026-08-17 07:44:47.066,obj004,898.836,90.100,-2356.271
2026-08-17 07:44:47.083,obj001,869.946,90.100,-1841.919
2026-08-17 07:44:47.083,obj002,711.424,90.100,-1804.016
2026-08-17 07:44:47.083,obj003,812.310,90.100,-2864.269
2026-08-17 07:44:47.083,obj004,897.468,90.100,-2358.066
2026-08-17 07:44:47.100,obj001,868.690,90.100,-1843.708
2026-08-17 07:44:47.100,obj002,711.805,90.100,-1806.241
2026-08-17 07:44:47.100,obj003,812.544,90.100,-2866.515
2026-08-17 07:44:47.100,obj004,896.143,90.099,-2359.805
2026-08-17 07:44:47.116,obj001,867.393,90.100,-1845.555
2026-08-17 07:44:47.116,obj002,712.175,90.100,-1808.395
2026-08-17 07:44:47.116,obj003,812.771,90.100,-2868.688
2026-08-17 07:44:47.116,obj004,894.775,90.099,-2361.600
2026-08-17 07:44:47.133,obj001,866.136,90.096,-1847.345
2026-08-17 07:44:47.133,obj002,712.557,90.100,-1810.620
2026-08-17 07:44:47.133,obj003,813.005,90.100,-2870.934
2026-08-17 07:44:47.133,obj004,893.450,90.100,-2363.338
2026-08-17 07:44:47.150,obj001,864.839,90.098,-1849.192
2026-08-17 07:44:47.150,obj002,712.927,90.100,-1812.774
2026-08-17 07:44:47.150,obj003,813.232,90.100,-2873.108
2026-08-17 07:44:47.150,obj004,892.082,90.100,-2365.134
2026-08-17 07:44:47.166,obj001,863.584,90.099,-1850.981
2026-08-17 07:44:47.166,obj002,713.308,90.100,-1814.999
2026-08-17 07:44:47.166,obj003,813.466,90.100,-2875.353
2026-08-17 07:44:47.166,obj004,890.757,90.100,-2366.872
2026-08-17 07:44:47.183,obj001,862.289,90.112,-1852.825
2026-08-17 07:44:47.183,obj002,713.678,90.100,-1817.153
2026-08-17 07:44:47.183,obj003,813.693,90.100,-2877.527
2026-08-17 07:44:47.183,obj004,889.389,90.100,-2368.668
2026-08-17 07:44:47.200,obj001,861.032,90.103,-1854.614
2026-08-17 07:44:47.200,obj002,714.060,90.100,-1819.378
2026-08-17 07:44:47.200,obj003,813.927,90.100,-2879.772
2026-08-17 07:44:47.200,obj004,888.064,90.100,-2370.406
2026-08-17 07:44:47.216,obj001,859.732,90.101,-1856.466
2026-08-17 07:44:47.216,obj002,714.430,90.100,-1821.532
2026-08-17 07:44:47.216,obj003,814.154,90.100,-2881.946
2026-08-17 07:44:47.216,obj004,886.695,90.099,-2372.202
2026-08-17 07:44:47.233,obj001,858.474,90.101,-1858.258
2026-08-17 07:44:47.233,obj002,714.811,90.100,-1823.757
2026-08-17 07:44:47.233,obj003,814.388,90.100,-2884.191
2026-08-17 07:44:47.233,obj004,885.370,90.099,-2373.940
2026-08-17 07:44:47.250,obj001,857.178,90.100,-1860.104
2026-08-17 07:44:47.250,obj002,715.181,90.100,-1825.912
2026-08-17 07:44:47.250,obj003,813.970,90.100,-2881.973
2026-08-17 07:44:47.250,obj004,884.002,90.100,-2375.735
2026-08-17 07:44:47.266,obj001,855.923,90.100,-1861.891
2026-08-17 07:44:47.266,obj002,715.563,90.100,-1828.137
2026-08-17 07:44:47.266,obj003,813.566,90.100,-2879.825
2026-08-17 07:44:47.266,obj004,882.678,90.100,-2377.473
2026-08-17 07:44:47.283,obj001,854.625,90.100,-1863.740
2026-08-17 07:44:47.283,obj002,715.933,90.100,-1830.291
2026-08-17 07:44:47.283,obj003,813.148,90.100,-2877.606
2026-08-17 07:44:47.283,obj004,881.309,90.098,-2379.270
2026-08-17 07:44:47.300,obj001,854.625,90.100,-1863.740
2026-08-17 07:44:47.300,obj002,715.933,90.100,-1830.291
2026-08-17 07:44:47.300,obj003,813.148,90.100,-2877.606
2026-08-17 07:44:47.300,obj004,881.309,90.098,-2379.270
2026-08-17 07:44:47.316,obj001,852.071,90.101,-1867.376
2026-08-17 07:44:47.316,obj002,716.684,90.100,-1834.670
2026-08-17 07:44:47.316,obj003,812.325,90.100,-2873.240
2026-08-17 07:44:47.316,obj004,878.616,90.099,-2382.803
2026-08-17 07:44:47.333,obj001,850.815,90.100,-1869.164
2026-08-17 07:44:47.333,obj002,717.066,90.100,-1836.895
2026-08-17 07:44:47.333,obj003,811.921,90.100,-2871.092
2026-08-17 07:44:47.333,obj004,877.292,90.100,-2384.540
2026-08-17 07:44:47.350,obj001,849.518,90.100,-1871.012
2026-08-17 07:44:47.350,obj002,717.436,90.100,-1839.049
2026-08-17 07:44:47.350,obj003,811.503,90.100,-2868.873
2026-08-17 07:44:47.350,obj004,875.924,90.100,-2386.336
2026-08-17 07:44:47.366,obj001,849.518,90.100,-1871.012
2026-08-17 07:44:47.366,obj002,717.436,90.100,-1839.049
2026-08-17 07:44:47.366,obj003,811.503,90.100,-2868.873
2026-08-17 07:44:47.366,obj004,875.924,90.100,-2386.336
2026-08-17 07:44:47.383,obj001,846.964,90.100,-1874.648
2026-08-17 07:44:47.383,obj002,718.187,90.100,-1843.428
2026-08-17 07:44:47.383,obj003,810.681,90.100,-2864.507
2026-08-17 07:44:47.383,obj004,873.230,90.099,-2389.871
2026-08-17 07:44:47.400,obj001,846.964,90.100,-1874.648
2026-08-17 07:44:47.400,obj002,718.187,90.100,-1843.428
2026-08-17 07:44:47.400,obj003,810.681,90.100,-2864.507
2026-08-17 07:44:47.400,obj004,873.230,90.099,-2389.871
2026-08-17 07:44:47.416,obj001,844.410,90.095,-1878.286
2026-08-17 07:44:47.416,obj002,718.939,90.100,-1847.807
2026-08-17 07:44:47.416,obj003,809.859,90.100,-2860.141
2026-08-17 07:44:47.416,obj004,870.537,90.100,-2393.404
2026-08-17 07:44:47.433,obj001,843.154,90.097,-1880.074
2026-08-17 07:44:47.433,obj002,719.321,90.100,-1850.032
2026-08-17 07:44:47.433,obj003,809.454,90.100,-2857.993
2026-08-17 07:44:47.433,obj004,869.213,90.100,-2395.142
2026-08-17 07:44:47.450,obj001,841.857,90.099,-1881.922
2026-08-17 07:44:47.450,obj002,719.690,90.100,-1852.186
2026-08-17 07:44:47.450,obj003,809.036,90.100,-2855.774
2026-08-17 07:44:47.450,obj004,867.844,90.100,-2396.938
2026-08-17 07:44:47.466,obj001,840.601,90.099,-1883.710
2026-08-17 07:44:47.466,obj002,720.072,90.100,-1854.411
2026-08-17 07:44:47.466,obj003,808.632,90.100,-2853.626
2026-08-17 07:44:47.466,obj004,866.519,90.100,-2398.676
2026-08-17 07:44:47.483,obj001,839.304,90.100,-1885.558
2026-08-17 07:44:47.483,obj002,720.442,90.100,-1856.566
2026-08-17 07:44:47.483,obj003,808.214,90.100,-2851.408
2026-08-17 07:44:47.483,obj004,865.151,90.100,-2400.471
2026-08-17 07:44:47.500,obj001,839.304,90.100,-1885.558
2026-08-17 07:44:47.500,obj002,720.442,90.100,-1856.566
2026-08-17 07:44:47.500,obj003,808.214,90.100,-2851.408
2026-08-17 07:44:47.500,obj004,865.151,90.100,-2400.471
2026-08-17 07:44:47.516,obj001,836.751,90.100,-1889.194
2026-08-17 07:44:47.516,obj002,721.193,90.100,-1860.945
2026-08-17 07:44:47.516,obj003,807.392,90.100,-2847.041
2026-08-17 07:44:47.516,obj004,862.458,90.100,-2404.005
2026-08-17 07:44:47.533,obj001,835.495,90.100,-1890.983
2026-08-17 07:44:47.533,obj002,721.575,90.100,-1863.170
2026-08-17 07:44:47.533,obj003,806.987,90.100,-2844.893
2026-08-17 07:44:47.533,obj004,861.133,90.100,-2405.744
2026-08-17 07:44:47.550,obj001,834.198,90.100,-1892.830
2026-08-17 07:44:47.550,obj002,721.945,90.100,-1865.324
2026-08-17 07:44:47.550,obj003,806.570,90.100,-2842.675
2026-08-17 07:44:47.550,obj004,859.765,90.100,-2407.539
2026-08-17 07:44:47.566,obj001,832.942,90.100,-1894.619
2026-08-17 07:44:47.566,obj002,722.327,90.100,-1867.549
2026-08-17 07:44:47.566,obj003,806.165,90.100,-2840.527
2026-08-17 07:44:47.566,obj004,858.440,90.097,-2409.278
2026-08-17 07:44:47.583,obj001,831.645,90.100,-1896.467
2026-08-17 07:44:47.583,obj002,722.696,90.100,-1869.703
2026-08-17 07:44:47.583,obj003,805.747,90.100,-2838.308
2026-08-17 07:44:47.583,obj004,857.072,90.098,-2411.074
2026-08-17 07:44:47.600,obj001,831.645,90.100,-1896.467
2026-08-17 07:44:47.600,obj002,722.696,90.100,-1869.703
2026-08-17 07:44:47.600,obj003,805.747,90.100,-2838.308
2026-08-17 07:44:47.600,obj004,857.072,90.098,-2411.074
2026-08-17 07:44:47.616,obj001,829.092,90.100,-1900.103
2026-08-17 07:44:47.616,obj002,723.448,90.100,-1874.082
2026-08-17 07:44:47.616,obj003,804.925,90.100,-2833.942
2026-08-17 07:44:47.616,obj004,854.379,90.099,-2414.607
2026-08-17 07:44:47.633,obj001,827.836,90.100,-1901.892
2026-08-17 07:44:47.633,obj002,723.830,90.100,-1876.307
2026-08-17 07:44:47.633,obj003,804.521,90.100,-2831.794
2026-08-17 07:44:47.633,obj004,853.054,90.100,-2416.346
2026-08-17 07:44:47.650,obj001,826.539,90.100,-1903.740
2026-08-17 07:44:47.650,obj002,724.199,90.100,-1878.461
2026-08-17 07:44:47.650,obj003,804.103,90.100,-2829.575
2026-08-17 07:44:47.650,obj004,851.686,90.100,-2418.141
2026-08-17 07:44:47.666,obj001,825.283,90.100,-1905.528
2026-08-17 07:44:47.666,obj002,724.581,90.100,-1880.686
2026-08-17 07:44:47.666,obj003,803.698,90.100,-2827.427
2026-08-17 07:44:47.666,obj004,850.361,90.101,-2419.879
2026-08-17 07:44:47.683,obj001,823.985,90.100,-1907.376
2026-08-17 07:44:47.683,obj002,724.951,90.100,-1882.841
2026-08-17 07:44:47.683,obj003,803.281,90.100,-2825.209
2026-08-17 07:44:47.683,obj004,848.993,90.100,-2421.675
2026-08-17 07:44:47.700,obj001,822.729,90.100,-1909.165
2026-08-17 07:44:47.700,obj002,725.333,90.100,-1885.065
2026-08-17 07:44:47.700,obj003,802.876,90.100,-2823.061
2026-08-17 07:44:47.700,obj004,847.668,90.100,-2423.413
2026-08-17 07:44:47.716,obj001,821.432,90.100,-1911.012
2026-08-17 07:44:47.716,obj002,725.703,90.100,-1887.220
2026-08-17 07:44:47.716,obj003,802.458,90.100,-2820.842
2026-08-17 07:44:47.716,obj004,846.300,90.100,-2425.209
2026-08-17 07:44:47.733,obj001,820.176,90.100,-1912.801
2026-08-17 07:44:47.733,obj002,726.084,90.100,-1889.445
2026-08-17 07:44:47.733,obj003,802.054,90.100,-2818.694
2026-08-17 07:44:47.733,obj004,844.975,90.100,-2426.947
2026-08-17 07:44:47.750,obj001,818.879,90.100,-1914.649
2026-08-17 07:44:47.750,obj002,726.454,90.100,-1891.599
2026-08-17 07:44:47.750,obj003,801.636,90.100,-2816.476
2026-08-17 07:44:47.750,obj004,843.606,90.100,-2428.743
2026-08-17 07:44:47.766,obj001,817.623,90.100,-1916.437
2026-08-17 07:44:47.766,obj002,726.836,90.100,-1893.824
2026-08-17 07:44:47.766,obj003,801.232,90.100,-2814.328
2026-08-17 07:44:47.766,obj004,842.282,90.100,-2430.481
2026-08-17 07:44:47.783,obj001,816.326,90.100,-1918.285
2026-08-17 07:44:47.783,obj002,727.206,90.100,-1895.978
2026-08-17 07:44:47.783,obj003,800.814,90.100,-2812.110
2026-08-17 07:44:47.783,obj004,840.913,90.100,-2432.277
2026-08-17 07:44:47.800,obj001,815.070,90.100,-1920.074
2026-08-17 07:44:47.800,obj002,727.587,90.100,-1898.203
2026-08-17 07:44:47.800,obj003,800.409,90.100,-2809.962
2026-08-17 07:44:47.800,obj004,839.589,90.100,-2434.016
2026-08-17 07:44:47.816,obj001,813.773,90.100,-1921.921
2026-08-17 07:44:47.816,obj002,727.957,90.100,-1900.357
2026-08-17 07:44:47.816,obj003,799.991,90.100,-2807.743
2026-08-17 07:44:47.816,obj004,838.220,90.100,-2435.811
2026-08-17 07:44:47.833,obj001,812.517,90.100,-1923.710
2026-08-17 07:44:47.833,obj002,728.339,90.100,-1902.582
2026-08-17 07:44:47.833,obj003,799.587,90.100,-2805.595
2026-08-17 07:44:47.833,obj004,836.896,90.100,-2437.550
2026-08-17 07:44:47.850,obj001,811.220,90.100,-1925.558
2026-08-17 07:44:47.850,obj002,728.709,90.100,-1904.736
2026-08-17 07:44:47.850,obj003,799.169,90.100,-2803.377
2026-08-17 07:44:47.850,obj004,835.527,90.100,-2439.345
2026-08-17 07:44:47.866,obj001,811.220,90.100,-1925.558
2026-08-17 07:44:47.866,obj002,728.709,90.100,-1904.736
2026-08-17 07:44:47.866,obj003,799.169,90.100,-2803.377
2026-08-17 07:44:47.866,obj004,835.527,90.100,-2439.345
2026-08-17 07:44:47.883,obj001,808.667,90.100,-1929.194
2026-08-17 07:44:47.883,obj002,729.460,90.100,-1909.115
2026-08-17 07:44:47.883,obj003,798.347,90.100,-2799.010
2026-08-17 07:44:47.883,obj004,832.834,90.100,-2442.879
2026-08-17 07:44:47.900,obj001,807.411,90.100,-1930.983
2026-08-17 07:44:47.900,obj002,729.842,90.100,-1911.340
2026-08-17 07:44:47.900,obj003,797.942,90.100,-2796.862
2026-08-17 07:44:47.900,obj004,831.510,90.100,-2444.618
2026-08-17 07:44:47.916,obj001,806.113,90.100,-1932.830
2026-08-17 07:44:47.916,obj002,730.212,90.100,-1913.495
2026-08-17 07:44:47.916,obj003,797.525,90.100,-2794.644
2026-08-17 07:44:47.916,obj004,830.141,90.100,-2446.414
2026-08-17 07:44:47.933,obj001,806.113,90.100,-1932.830
2026-08-17 07:44:47.933,obj002,730.212,90.100,-1913.495
2026-08-17 07:44:47.933,obj003,797.525,90.100,-2794.644
2026-08-17 07:44:47.933,obj004,830.141,90.100,-2446.414
2026-08-17 07:44:47.950,obj001,803.560,90.100,-1936.467
2026-08-17 07:44:47.950,obj002,730.963,90.100,-1917.874
2026-08-17 07:44:47.950,obj003,796.702,90.100,-2790.277
2026-08-17 07:44:47.950,obj004,827.448,90.100,-2449.948
2026-08-17 07:44:47.966,obj001,802.304,90.100,-1938.255
2026-08-17 07:44:47.966,obj002,731.345,90.100,-1920.099
2026-08-17 07:44:47.966,obj003,796.298,90.100,-2788.129
2026-08-17 07:44:47.966,obj004,826.123,90.100,-2451.686
2026-08-17 07:44:47.983,obj001,801.007,90.100,-1940.103
2026-08-17 07:44:47.983,obj002,731.715,90.100,-1922.253
2026-08-17 07:44:47.983,obj003,795.880,90.100,-2785.911
2026-08-17 07:44:47.983,obj004,824.755,90.100,-2453.482
2026-08-17 07:44:48.000,obj001,801.007,90.100,-1940.103
2026-08-17 07:44:48.000,obj002,731.715,90.100,-1922.253
2026-08-17 07:44:48.000,obj003,795.880,90.100,-2785.911
2026-08-17 07:44:48.000,obj004,824.755,90.100,-2453.482
2026-08-17 07:44:48.033,obj001,798.454,90.100,-1943.739
2026-08-17 07:44:48.033,obj002,732.466,90.100,-1926.632
2026-08-17 07:44:48.033,obj003,795.058,90.100,-2781.544
2026-08-17 07:44:48.033,obj004,822.062,90.100,-2457.016
2026-08-17 07:44:48.050,obj001,795.901,90.100,-1947.376
2026-08-17 07:44:48.050,obj002,733.218,90.100,-1931.011
2026-08-17 07:44:48.050,obj003,794.236,90.100,-2777.178
2026-08-17 07:44:48.050,obj004,819.369,90.100,-2460.550
2026-08-17 07:44:48.066,obj001,795.901,90.100,-1947.376
2026-08-17 07:44:48.066,obj002,733.218,90.100,-1931.011
2026-08-17 07:44:48.066,obj003,794.236,90.100,-2777.178
2026-08-17 07:44:48.066,obj004,819.369,90.100,-2460.550
2026-08-17 07:44:48.083,obj001,793.348,90.100,-1951.012
2026-08-17 07:44:48.083,obj002,733.969,90.100,-1935.390
2026-08-17 07:44:48.083,obj003,793.413,90.100,-2772.811
2026-08-17 07:44:48.083,obj004,816.676,90.098,-2464.085
2026-08-17 07:44:48.100,obj001,792.501,90.308,-1952.858
2026-08-17 07:44:48.100,obj002,733.964,90.296,-1937.467
2026-08-17 07:44:48.100,obj003,793.009,90.100,-2770.663
2026-08-17 07:44:48.100,obj004,815.351,90.099,-2465.823
2026-08-17 07:44:48.116,obj001,792.080,90.543,-1954.742
2026-08-17 07:44:48.116,obj002,733.568,90.491,-1939.374
2026-08-17 07:44:48.116,obj003,792.591,90.100,-2768.445
2026-08-17 07:44:48.116,obj004,813.983,90.099,-2467.619
2026-08-17 07:44:48.133,obj001,792.080,90.543,-1954.742
2026-08-17 07:44:48.133,obj002,733.568,90.491,-1939.374
2026-08-17 07:44:48.133,obj003,792.591,90.100,-2768.445
2026-08-17 07:44:48.133,obj004,813.983,90.099,-2467.619
2026-08-17 07:44:48.150,obj001,791.241,90.197,-1958.499
2026-08-17 07:44:48.150,obj002,732.788,90.258,-1943.130
2026-08-17 07:44:48.150,obj003,791.769,90.100,-2764.079
2026-08-17 07:44:48.150,obj004,811.290,90.098,-2471.153
2026-08-17 07:44:48.166,obj001,791.241,90.197,-1958.499
2026-08-17 07:44:48.166,obj002,732.788,90.258,-1943.130
2026-08-17 07:44:48.166,obj003,791.769,90.100,-2764.079
2026-08-17 07:44:48.166,obj004,811.290,90.098,-2471.153
2026-08-17 07:44:48.183,obj001,790.482,90.171,-1961.899
2026-08-17 07:44:48.183,obj002,732.071,90.132,-1946.582
2026-08-17 07:44:48.183,obj003,790.947,90.100,-2759.712
2026-08-17 07:44:48.183,obj004,808.597,90.099,-2474.687
2026-08-17 07:44:48.200,obj001,790.482,90.171,-1961.899
2026-08-17 07:44:48.200,obj002,732.071,90.132,-1946.582
2026-08-17 07:44:48.200,obj003,790.947,90.100,-2759.712
2026-08-17 07:44:48.200,obj004,808.597,90.099,-2474.687
2026-08-17 07:44:48.216,obj001,789.784,90.118,-1965.028
2026-08-17 07:44:48.216,obj002,731.419,90.118,-1949.726
2026-08-17 07:44:48.216,obj003,790.124,90.100,-2755.346
2026-08-17 07:44:48.216,obj004,805.905,90.100,-2478.220
2026-08-17 07:44:48.233,obj001,789.460,90.113,-1966.484
2026-08-17 07:44:48.233,obj002,731.115,90.113,-1951.191
2026-08-17 07:44:48.233,obj003,789.720,90.100,-2753.198
2026-08-17 07:44:48.233,obj004,804.581,90.104,-2479.958
2026-08-17 07:44:48.250,obj001,789.151,90.105,-1967.872
2026-08-17 07:44:48.250,obj002,730.824,90.104,-1952.589
2026-08-17 07:44:48.250,obj003,789.302,90.100,-2750.979
2026-08-17 07:44:48.250,obj004,803.212,90.102,-2481.754
2026-08-17 07:44:48.266,obj001,789.151,90.105,-1967.872
2026-08-17 07:44:48.266,obj002,730.824,90.104,-1952.589
2026-08-17 07:44:48.266,obj003,789.302,90.100,-2750.979
2026-08-17 07:44:48.266,obj004,803.212,90.102,-2481.754
2026-08-17 07:44:48.283,obj001,788.580,90.101,-1970.438
2026-08-17 07:44:48.283,obj002,730.286,90.101,-1955.174
2026-08-17 07:44:48.283,obj003,788.480,90.100,-2746.613
2026-08-17 07:44:48.283,obj004,800.519,90.100,-2485.288
2026-08-17 07:44:48.300,obj001,788.580,90.101,-1970.438
2026-08-17 07:44:48.300,obj002,730.286,90.101,-1955.174
2026-08-17 07:44:48.300,obj003,788.480,90.100,-2746.613
2026-08-17 07:44:48.300,obj004,800.519,90.100,-2485.288
2026-08-17 07:44:48.316,obj001,788.580,90.100,-1970.438
2026-08-17 07:44:48.316,obj002,730.286,90.100,-1955.174
2026-08-17 07:44:48.316,obj003,787.658,90.100,-2742.246
2026-08-17 07:44:48.316,obj004,797.826,90.100,-2488.822
2026-08-17 07:44:48.333,obj001,788.580,90.100,-1970.438
2026-08-17 07:44:48.333,obj002,730.286,90.100,-1955.174
2026-08-17 07:44:48.333,obj003,787.253,90.100,-2740.098
2026-08-17 07:44:48.333,obj004,796.501,90.100,-2490.560
2026-08-17 07:44:48.350,obj001,788.580,90.100,-1970.438
2026-08-17 07:44:48.350,obj002,730.286,90.100,-1955.174
2026-08-17 07:44:48.350,obj003,786.835,90.100,-2737.880
2026-08-17 07:44:48.350,obj004,795.133,90.100,-2492.356
2026-08-17 07:44:48.366,obj001,788.580,90.100,-1970.438
2026-08-17 07:44:48.366,obj002,730.286,90.100,-1955.174
2026-08-17 07:44:48.366,obj003,786.835,90.100,-2737.880
2026-08-17 07:44:48.366,obj004,795.133,90.100,-2492.356
2026-08-17 07:44:48.383,obj001,788.580,90.100,-1970.438
2026-08-17 07:44:48.383,obj002,730.286,90.100,-1955.174
2026-08-17 07:44:48.383,obj003,786.013,90.100,-2733.513
2026-08-17 07:44:48.383,obj004,792.440,90.100,-2495.890
2026-08-17 07:44:48.400,obj001,788.580,90.100,-1970.438
2026-08-17 07:44:48.400,obj002,730.286,90.100,-1955.174
2026-08-17 07:44:48.400,obj003,786.013,90.100,-2733.513
2026-08-17 07:44:48.400,obj004,792.440,90.100,-2495.890
2026-08-17 07:44:48.416,obj001,788.580,90.100,-1970.438
2026-08-17 07:44:48.416,obj002,730.286,90.100,-1955.175
2026-08-17 07:44:48.416,obj003,785.191,90.100,-2729.147
2026-08-17 07:44:48.416,obj004,789.747,90.100,-2499.424
2026-08-17 07:44:48.433,obj001,788.580,90.100,-1970.438
2026-08-17 07:44:48.433,obj002,730.286,90.100,-1955.175
2026-08-17 07:44:48.433,obj003,785.191,90.100,-2729.147
2026-08-17 07:44:48.433,obj004,789.747,90.100,-2499.424
2026-08-17 07:44:48.450,obj001,788.579,90.100,-1970.438
2026-08-17 07:44:48.450,obj002,730.286,90.100,-1955.174
2026-08-17 07:44:48.450,obj003,784.368,90.100,-2724.780
2026-08-17 07:44:48.450,obj004,787.054,90.100,-2502.958
2026-08-17 07:44:48.466,obj001,788.579,90.100,-1970.438
2026-08-17 07:44:48.466,obj002,730.286,90.100,-1955.174
2026-08-17 07:44:48.466,obj003,784.368,90.100,-2724.780
2026-08-17 07:44:48.466,obj004,787.054,90.100,-2502.958
2026-08-17 07:44:48.483,obj001,788.580,90.100,-1970.438
2026-08-17 07:44:48.483,obj002,730.286,90.100,-1955.175
2026-08-17 07:44:48.483,obj003,783.546,90.100,-2720.414
2026-08-17 07:44:48.483,obj004,784.361,90.100,-2506.492
2026-08-17 07:44:48.500,obj001,788.580,90.100,-1970.438
2026-08-17 07:44:48.500,obj002,730.286,90.100,-1955.175
2026-08-17 07:44:48.500,obj003,783.546,90.100,-2720.414
2026-08-17 07:44:48.500,obj004,784.361,90.100,-2506.492
2026-08-17 07:44:48.516,obj001,788.579,90.100,-1970.438
2026-08-17 07:44:48.516,obj002,730.285,90.100,-1955.174
2026-08-17 07:44:48.516,obj003,782.724,90.100,-2716.048
2026-08-17 07:44:48.516,obj004,781.667,90.100,-2510.026
2026-08-17 07:44:48.533,obj001,788.579,90.100,-1970.438
2026-08-17 07:44:48.533,obj002,730.285,90.100,-1955.174
2026-08-17 07:44:48.533,obj003,782.724,90.100,-2716.048
2026-08-17 07:44:48.533,obj004,781.667,90.100,-2510.026
2026-08-17 07:44:48.550,obj001,788.579,90.100,-1970.438
2026-08-17 07:44:48.550,obj002,730.286,90.100,-1955.174
2026-08-17 07:44:48.550,obj003,781.902,90.100,-2711.681
2026-08-17 07:44:48.550,obj004,778.974,90.100,-2513.560
2026-08-17 07:44:48.566,obj001,788.579,90.100,-1970.438
2026-08-17 07:44:48.566,obj002,730.286,90.100,-1955.174
2026-08-17 07:44:48.566,obj003,781.902,90.100,-2711.681
2026-08-17 07:44:48.566,obj004,778.974,90.100,-2513.560
2026-08-17 07:44:48.583,obj001,788.580,90.100,-1970.438
2026-08-17 07:44:48.583,obj002,730.286,90.100,-1955.175
2026-08-17 07:44:48.583,obj003,781.079,90.100,-2707.315
2026-08-17 07:44:48.583,obj004,776.281,90.100,-2517.094
2026-08-17 07:44:48.600,obj001,788.580,90.100,-1970.438
2026-08-17 07:44:48.600,obj002,730.286,90.100,-1955.175
2026-08-17 07:44:48.600,obj003,781.079,90.100,-2707.315
2026-08-17 07:44:48.600,obj004,776.281,90.100,-2517.094
2026-08-17 07:44:48.616,obj001,788.580,90.100,-1970.438
2026-08-17 07:44:48.616,obj002,730.286,90.100,-1955.175
2026-08-17 07:44:48.616,obj003,780.257,90.100,-2702.948
2026-08-17 07:44:48.616,obj004,773.588,90.100,-2520.628
2026-08-17 07:44:48.633,obj001,788.580,90.100,-1970.437
2026-08-17 07:44:48.633,obj002,730.286,90.100,-1955.175
2026-08-17 07:44:48.633,obj003,779.853,90.100,-2700.800
2026-08-17 07:44:48.633,obj004,772.263,90.100,-2522.367
2026-08-17 07:44:48.650,obj001,788.579,90.100,-1970.438
2026-08-17 07:44:48.650,obj002,730.286,90.100,-1955.174
2026-08-17 07:44:48.650,obj003,779.435,90.100,-2698.582
2026-08-17 07:44:48.650,obj004,770.895,90.100,-2524.162
2026-08-17 07:44:48.666,obj001,788.579,90.100,-1970.438
2026-08-17 07:44:48.666,obj002,730.286,90.100,-1955.174
2026-08-17 07:44:48.666,obj003,779.435,90.100,-2698.582
2026-08-17 07:44:48.666,obj004,770.895,90.100,-2524.162
2026-08-17 07:44:48.683,obj001,788.579,90.100,-1970.438
2026-08-17 07:44:48.683,obj002,730.286,90.100,-1955.174
2026-08-17 07:44:48.683,obj003,778.613,90.100,-2694.215
2026-08-17 07:44:48.683,obj004,768.202,90.100,-2527.697
2026-08-17 07:44:48.700,obj001,788.579,90.100,-1970.438
2026-08-17 07:44:48.700,obj002,730.286,90.100,-1955.174
2026-08-17 07:44:48.700,obj003,778.613,90.100,-2694.215
2026-08-17 07:44:48.700,obj004,768.202,90.100,-2527.697
2026-08-17 07:44:48.716,obj001,788.580,90.100,-1970.438
2026-08-17 07:44:48.716,obj002,730.286,90.100,-1955.175
2026-08-17 07:44:48.716,obj003,777.790,90.100,-2689.849
2026-08-17 07:44:48.716,obj004,765.509,90.100,-2531.231
2026-08-17 07:44:48.733,obj001,788.580,90.100,-1970.438
2026-08-17 07:44:48.733,obj002,730.286,90.100,-1955.175
2026-08-17 07:44:48.733,obj003,777.790,90.100,-2689.849
2026-08-17 07:44:48.733,obj004,765.509,90.100,-2531.231
2026-08-17 07:44:48.750,obj001,788.579,90.100,-1970.438
2026-08-17 07:44:48.750,obj002,730.286,90.100,-1955.174
2026-08-17 07:44:48.750,obj003,776.968,90.100,-2685.482
2026-08-17 07:44:48.750,obj004,762.816,90.100,-2534.765
2026-08-17 07:44:48.766,obj001,788.581,90.100,-1970.437
2026-08-17 07:44:48.766,obj002,730.286,90.100,-1955.174
2026-08-17 07:44:48.766,obj003,776.564,90.100,-2683.334
2026-08-17 07:44:48.766,obj004,761.491,90.100,-2536.503
2026-08-17 07:44:48.783,obj001,788.579,90.100,-1970.438
2026-08-17 07:44:48.783,obj002,730.286,90.100,-1955.175
2026-08-17 07:44:48.783,obj003,776.146,90.100,-2681.116
2026-08-17 07:44:48.783,obj004,760.123,90.100,-2538.299
2026-08-17 07:44:48.800,obj001,788.581,90.100,-1970.437
2026-08-17 07:44:48.800,obj002,730.286,90.100,-1955.175
2026-08-17 07:44:48.800,obj003,775.741,90.100,-2678.968
2026-08-17 07:44:48.800,obj004,758.798,90.100,-2540.037
2026-08-17 07:44:48.816,obj001,788.579,90.100,-1970.438
2026-08-17 07:44:48.816,obj002,730.286,90.100,-1955.174
2026-08-17 07:44:48.816,obj003,775.324,90.100,-2676.749
2026-08-17 07:44:48.816,obj004,757.430,90.100,-2541.833
2026-08-17 07:44:48.833,obj001,788.580,90.100,-1970.437
2026-08-17 07:44:48.833,obj002,730.286,90.100,-1955.175
2026-08-17 07:44:48.833,obj003,774.919,90.100,-2674.601
2026-08-17 07:44:48.833,obj004,756.105,90.100,-2543.572
2026-08-17 07:44:48.850,obj001,788.580,90.100,-1970.438
2026-08-17 07:44:48.850,obj002,730.286,90.100,-1955.174
2026-08-17 07:44:48.850,obj003,774.501,90.100,-2672.383
2026-08-17 07:44:48.850,obj004,754.737,90.100,-2545.367
2026-08-17 07:44:48.866,obj001,788.580,90.100,-1970.438
2026-08-17 07:44:48.866,obj002,730.286,90.100,-1955.174
2026-08-17 07:44:48.866,obj003,774.501,90.100,-2672.383
2026-08-17 07:44:48.866,obj004,754.737,90.100,-2545.367
2026-08-17 07:44:48.883,obj001,788.579,90.100,-1970.438
2026-08-17 07:44:48.883,obj002,730.286,90.100,-1955.174
2026-08-17 07:44:48.883,obj003,773.679,90.100,-2668.017
2026-08-17 07:44:48.883,obj004,752.044,90.100,-2548.901
2026-08-17 07:44:48.900,obj001,788.580,90.100,-1970.437
2026-08-17 07:44:48.900,obj002,730.286,90.100,-1955.175
2026-08-17 07:44:48.900,obj003,773.275,90.100,-2665.869
2026-08-17 07:44:48.900,obj004,750.719,90.100,-2550.640
2026-08-17 07:44:48.916,obj001,788.580,90.100,-1970.438
2026-08-17 07:44:48.916,obj002,730.286,90.100,-1955.174
2026-08-17 07:44:48.916,obj003,772.857,90.100,-2663.650
2026-08-17 07:44:48.916,obj004,749.351,90.100,-2552.435
2026-08-17 07:44:48.933,obj001,788.580,90.100,-1970.437
2026-08-17 07:44:48.933,obj002,730.286,90.100,-1955.175
2026-08-17 07:44:48.933,obj003,772.452,90.100,-2661.502
2026-08-17 07:44:48.933,obj004,748.026,90.100,-2554.174
2026-08-17 07:44:48.950,obj001,788.579,90.100,-1970.438
2026-08-17 07:44:48.950,obj002,730.286,90.100,-1955.175
2026-08-17 07:44:48.950,obj003,772.034,90.100,-2659.284
2026-08-17 07:44:48.950,obj004,746.658,90.100,-2555.969
2026-08-17 07:44:48.966,obj001,788.579,90.100,-1970.438
2026-08-17 07:44:48.966,obj002,730.286,90.100,-1955.175
2026-08-17 07:44:48.966,obj003,772.034,90.100,-2659.284
2026-08-17 07:44:48.966,obj004,746.658,90.100,-2555.969
2026-08-17 07:44:48.983,obj001,788.580,90.100,-1970.438
2026-08-17 07:44:48.983,obj002,730.286,90.100,-1955.174
2026-08-17 07:44:48.983,obj003,771.212,90.100,-2654.917
2026-08-17 07:44:48.983,obj004,743.965,90.100,-2559.503
2026-08-17 07:44:49.000,obj001,788.580,90.100,-1970.437
2026-08-17 07:44:49.000,obj002,730.286,90.100,-1955.174
2026-08-17 07:44:49.000,obj003,770.808,90.100,-2652.769
2026-08-17 07:44:49.000,obj004,742.640,90.101,-2561.241
2026-08-17 07:44:49.016,obj001,788.579,90.100,-1970.438
2026-08-17 07:44:49.016,obj002,730.286,90.100,-1955.175
2026-08-17 07:44:49.016,obj003,770.390,90.100,-2650.551
2026-08-17 07:44:49.016,obj004,741.272,90.101,-2563.037
2026-08-17 07:44:49.033,obj001,788.581,90.100,-1970.437
2026-08-17 07:44:49.033,obj002,730.286,90.100,-1955.175
2026-08-17 07:44:49.033,obj003,769.985,90.100,-2648.403
2026-08-17 07:44:49.033,obj004,739.947,90.100,-2564.775
2026-08-17 07:44:49.050,obj001,788.579,90.100,-1970.438
2026-08-17 07:44:49.050,obj002,730.286,90.100,-1955.174
2026-08-17 07:44:49.050,obj003,769.568,90.100,-2646.184
2026-08-17 07:44:49.050,obj004,738.579,90.100,-2566.571
2026-08-17 07:44:49.066,obj001,788.579,90.100,-1970.438
2026-08-17 07:44:49.066,obj002,730.286,90.100,-1955.174
2026-08-17 07:44:49.066,obj003,769.568,90.100,-2646.184
2026-08-17 07:44:49.066,obj004,738.579,90.100,-2566.571
2026-08-17 07:44:49.083,obj001,788.580,90.100,-1970.438
2026-08-17 07:44:49.083,obj002,730.286,90.100,-1955.174
2026-08-17 07:44:49.083,obj003,768.745,90.100,-2641.818
2026-08-17 07:44:49.083,obj004,735.886,90.100,-2570.105
2026-08-17 07:44:49.100,obj001,788.580,90.100,-1970.438
2026-08-17 07:44:49.100,obj002,730.286,90.100,-1955.175
2026-08-17 07:44:49.100,obj003,768.341,90.100,-2639.670
2026-08-17 07:44:49.100,obj004,734.561,90.100,-2571.844
2026-08-17 07:44:49.116,obj001,788.580,90.100,-1970.437
2026-08-17 07:44:49.116,obj002,730.286,90.100,-1955.174
2026-08-17 07:44:49.116,obj003,767.923,90.100,-2637.451
2026-08-17 07:44:49.116,obj004,733.193,90.100,-2573.639
2026-08-17 07:44:49.133,obj001,788.580,90.100,-1970.437
2026-08-17 07:44:49.133,obj002,730.286,90.100,-1955.175
2026-08-17 07:44:49.133,obj003,767.519,90.100,-2635.303
2026-08-17 07:44:49.133,obj004,731.868,90.100,-2575.378
2026-08-17 07:44:49.150,obj001,788.579,90.100,-1970.438
2026-08-17 07:44:49.150,obj002,730.286,90.100,-1955.174
2026-08-17 07:44:49.150,obj003,767.101,90.100,-2633.085
2026-08-17 07:44:49.150,obj004,730.500,90.100,-2577.173
2026-08-17 07:44:49.166,obj001,788.579,90.100,-1970.438
2026-08-17 07:44:49.166,obj002,730.286,90.100,-1955.174
2026-08-17 07:44:49.166,obj003,767.101,90.100,-2633.085
2026-08-17 07:44:49.166,obj004,730.500,90.100,-2577.173
2026-08-17 07:44:49.183,obj001,788.580,90.100,-1970.438
2026-08-17 07:44:49.183,obj002,730.286,90.100,-1955.175
2026-08-17 07:44:49.183,obj003,766.279,90.100,-2628.718
2026-08-17 07:44:49.183,obj004,727.807,90.100,-2580.707
2026-08-17 07:44:49.200,obj001,788.580,90.100,-1970.438
2026-08-17 07:44:49.200,obj002,730.286,90.100,-1955.175
2026-08-17 07:44:49.200,obj003,766.279,90.100,-2628.718
2026-08-17 07:44:49.200,obj004,727.807,90.100,-2580.707
2026-08-17 07:44:49.216,obj001,788.579,90.100,-1970.438
2026-08-17 07:44:49.216,obj002,730.286,90.100,-1955.174
2026-08-17 07:44:49.216,obj003,767.728,90.100,-2627.362
2026-08-17 07:44:49.216,obj004,722.915,90.100,-2581.289
2026-08-17 07:44:49.233,obj001,788.579,90.100,-1970.438
2026-08-17 07:44:49.233,obj002,730.286,90.100,-1955.174
2026-08-17 07:44:49.233,obj003,767.728,90.100,-2627.362
2026-08-17 07:44:49.233,obj004,722.915,90.100,-2581.289
2026-08-17 07:44:49.250,obj001,788.579,90.100,-1970.438
2026-08-17 07:44:49.250,obj002,730.286,90.100,-1955.175
2026-08-17 07:44:49.250,obj003,769.697,90.101,-2627.049
2026-08-17 07:44:49.250,obj004,717.530,90.100,-2580.906
2026-08-17 07:44:49.266,obj001,788.580,90.100,-1970.437
2026-08-17 07:44:49.266,obj002,730.286,90.100,-1955.175
2026-08-17 07:44:49.266,obj003,770.578,90.101,-2626.909
2026-08-17 07:44:49.266,obj004,714.946,90.100,-2580.722
2026-08-17 07:44:49.283,obj001,788.579,90.100,-1970.438
2026-08-17 07:44:49.283,obj002,730.286,90.100,-1955.174
2026-08-17 07:44:49.283,obj003,771.391,90.100,-2626.780
2026-08-17 07:44:49.283,obj004,712.435,90.100,-2580.544
2026-08-17 07:44:49.300,obj001,790.602,90.100,-1971.467
2026-08-17 07:44:49.300,obj002,728.038,90.100,-1954.861
2026-08-17 07:44:49.300,obj003,772.135,90.100,-2626.662
2026-08-17 07:44:49.300,obj004,709.995,90.100,-2580.370
2026-08-17 07:44:49.316,obj001,792.560,90.100,-1972.464
2026-08-17 07:44:49.316,obj002,725.862,90.100,-1954.558
2026-08-17 07:44:49.316,obj003,772.811,90.100,-2626.554
2026-08-17 07:44:49.316,obj004,707.627,90.100,-2580.202
2026-08-17 07:44:49.333,obj001,794.567,90.100,-1973.485
2026-08-17 07:44:49.333,obj002,723.632,90.100,-1954.247
2026-08-17 07:44:49.333,obj003,773.418,90.100,-2626.458
2026-08-17 07:44:49.333,obj004,705.331,90.100,-2580.038
2026-08-17 07:44:49.350,obj001,796.509,90.100,-1974.473
2026-08-17 07:44:49.350,obj002,721.473,90.100,-1953.946
2026-08-17 07:44:49.350,obj003,773.957,90.099,-2626.372
2026-08-17 07:44:49.350,obj004,703.107,90.100,-2579.880
2026-08-17 07:44:49.366,obj001,798.524,90.100,-1975.499
2026-08-17 07:44:49.366,obj002,719.234,90.100,-1953.634
2026-08-17 07:44:49.366,obj003,774.429,90.100,-2626.297
2026-08-17 07:44:49.366,obj004,700.954,90.100,-2579.727
2026-08-17 07:44:49.383,obj001,800.475,90.100,-1976.492
2026-08-17 07:44:49.383,obj002,717.067,90.100,-1953.331
2026-08-17 07:44:49.383,obj003,774.832,90.100,-2626.233
2026-08-17 07:44:49.383,obj004,698.873,90.100,-2579.579
2026-08-17 07:44:49.400,obj001,802.485,90.101,-1977.515
2026-08-17 07:44:49.400,obj002,714.832,90.100,-1953.020
2026-08-17 07:44:49.400,obj003,774.832,90.100,-2626.233
2026-08-17 07:44:49.400,obj004,698.873,90.100,-2579.579
2026-08-17 07:44:49.416,obj001,804.432,90.100,-1978.505
2026-08-17 07:44:49.416,obj002,712.669,90.100,-1952.718
2026-08-17 07:44:49.416,obj003,774.832,90.100,-2626.233
2026-08-17 07:44:49.416,obj004,698.873,90.100,-2579.579
2026-08-17 07:44:49.433,obj001,804.432,90.100,-1978.505
2026-08-17 07:44:49.433,obj002,712.669,90.100,-1952.718
2026-08-17 07:44:49.433,obj003,774.832,90.100,-2626.233
2026-08-17 07:44:49.433,obj004,698.873,90.100,-2579.579
2026-08-17 07:44:49.450,obj001,808.393,90.100,-1980.522
2026-08-17 07:44:49.450,obj002,708.267,90.100,-1952.105
2026-08-17 07:44:49.450,obj003,774.832,90.100,-2626.233
2026-08-17 07:44:49.450,obj004,698.873,90.100,-2579.579
2026-08-17 07:44:49.466,obj001,810.404,90.100,-1981.546
2026-08-17 07:44:49.466,obj002,706.032,90.100,-1951.793
2026-08-17 07:44:49.466,obj003,774.832,90.100,-2626.233
2026-08-17 07:44:49.466,obj004,698.873,90.100,-2579.579
2026-08-17 07:44:49.483,obj001,812.353,90.096,-1982.537
2026-08-17 07:44:49.483,obj002,703.867,90.100,-1951.491
2026-08-17 07:44:49.483,obj003,774.832,90.100,-2626.233
2026-08-17 07:44:49.483,obj004,698.873,90.100,-2579.579
2026-08-17 07:44:49.500,obj001,812.353,90.096,-1982.537
2026-08-17 07:44:49.500,obj002,703.867,90.100,-1951.491
2026-08-17 07:44:49.500,obj003,774.832,90.100,-2626.233
2026-08-17 07:44:49.500,obj004,698.873,90.100,-2579.579
2026-08-17 07:44:49.516,obj001,816.313,90.099,-1984.553
2026-08-17 07:44:49.516,obj002,699.466,90.100,-1950.878
2026-08-17 07:44:49.516,obj003,774.832,90.100,-2626.233
2026-08-17 07:44:49.516,obj004,698.873,90.100,-2579.579
2026-08-17 07:44:49.533,obj001,818.324,90.099,-1985.577
2026-08-17 07:44:49.533,obj002,697.231,90.100,-1950.566
2026-08-17 07:44:49.533,obj003,774.832,90.100,-2626.233
2026-08-17 07:44:49.533,obj004,698.873,90.100,-2579.579
2026-08-17 07:44:49.550,obj001,820.272,90.100,-1986.568
2026-08-17 07:44:49.550,obj002,695.066,90.100,-1950.264
2026-08-17 07:44:49.550,obj003,774.832,90.100,-2626.233
2026-08-17 07:44:49.550,obj004,698.873,90.100,-2579.579
2026-08-17 07:44:49.566,obj001,822.284,90.100,-1987.592
2026-08-17 07:44:49.566,obj002,692.830,90.100,-1949.953
2026-08-17 07:44:49.566,obj003,774.832,90.100,-2626.233
2026-08-17 07:44:49.566,obj004,698.873,90.100,-2579.579
2026-08-17 07:44:49.583,obj001,824.232,90.100,-1988.584
2026-08-17 07:44:49.583,obj002,690.665,90.100,-1949.651
2026-08-17 07:44:49.583,obj003,774.832,90.100,-2626.233
2026-08-17 07:44:49.583,obj004,698.873,90.100,-2579.579
2026-08-17 07:44:49.600,obj001,826.243,90.100,-1989.608
2026-08-17 07:44:49.600,obj002,688.429,90.100,-1949.339
2026-08-17 07:44:49.600,obj003,774.832,90.100,-2626.233
2026-08-17 07:44:49.600,obj004,698.873,90.100,-2579.579
2026-08-17 07:44:49.616,obj001,828.191,90.100,-1990.599
2026-08-17 07:44:49.616,obj002,686.265,90.100,-1949.038
2026-08-17 07:44:49.616,obj003,774.832,90.100,-2626.233
2026-08-17 07:44:49.616,obj004,698.873,90.100,-2579.579
2026-08-17 07:44:49.633,obj001,830.204,90.097,-1991.624
2026-08-17 07:44:49.633,obj002,684.029,90.100,-1948.726
2026-08-17 07:44:49.633,obj003,774.832,90.100,-2626.234
2026-08-17 07:44:49.633,obj004,698.873,90.100,-2579.579
2026-08-17 07:44:49.650,obj001,832.152,90.099,-1992.615
2026-08-17 07:44:49.650,obj002,681.864,90.100,-1948.424
2026-08-17 07:44:49.650,obj003,774.832,90.100,-2626.233
2026-08-17 07:44:49.650,obj004,698.873,90.100,-2579.579
2026-08-17 07:44:49.666,obj001,834.163,90.099,-1993.639
2026-08-17 07:44:49.666,obj002,679.628,90.100,-1948.113
2026-08-17 07:44:49.666,obj003,774.832,90.100,-2626.233
2026-08-17 07:44:49.666,obj004,698.873,90.100,-2579.579
2026-08-17 07:44:49.683,obj001,836.110,90.100,-1994.630
2026-08-17 07:44:49.683,obj002,677.463,90.100,-1947.811
2026-08-17 07:44:49.683,obj003,774.832,90.100,-2626.233
2026-08-17 07:44:49.683,obj004,698.873,90.100,-2579.579
2026-08-17 07:44:49.700,obj001,838.122,90.100,-1995.654
2026-08-17 07:44:49.700,obj002,675.228,90.100,-1947.499
2026-08-17 07:44:49.700,obj003,774.832,90.100,-2626.233
2026-08-17 07:44:49.700,obj004,698.873,90.100,-2579.579
2026-08-17 07:44:49.716,obj001,840.070,90.100,-1996.646
2026-08-17 07:44:49.716,obj002,673.063,90.100,-1947.197
2026-08-17 07:44:49.716,obj003,774.832,90.100,-2626.233
2026-08-17 07:44:49.716,obj004,698.873,90.100,-2579.579
2026-08-17 07:44:49.733,obj001,842.081,90.101,-1997.669
2026-08-17 07:44:49.733,obj002,670.827,90.100,-1946.886
2026-08-17 07:44:49.733,obj003,774.832,90.100,-2626.233
2026-08-17 07:44:49.733,obj004,698.873,90.100,-2579.579
2026-08-17 07:44:49.750,obj001,844.029,90.101,-1998.661
2026-08-17 07:44:49.750,obj002,668.662,90.100,-1946.584
2026-08-17 07:44:49.750,obj003,774.832,90.100,-2626.233
2026-08-17 07:44:49.750,obj004,698.873,90.100,-2579.579
2026-08-17 07:44:49.766,obj001,846.041,90.101,-1999.685
2026-08-17 07:44:49.766,obj002,666.427,90.100,-1946.272
2026-08-17 07:44:49.766,obj003,774.832,90.100,-2626.233
2026-08-17 07:44:49.766,obj004,698.873,90.100,-2579.579
2026-08-17 07:44:49.783,obj001,847.990,90.100,-2000.677
2026-08-17 07:44:49.783,obj002,664.262,90.100,-1945.971
2026-08-17 07:44:49.783,obj003,774.832,90.100,-2626.233
2026-08-17 07:44:49.783,obj004,698.873,90.100,-2579.579
2026-08-17 07:44:49.800,obj001,850.002,90.100,-2001.701
2026-08-17 07:44:49.800,obj002,662.026,90.100,-1945.659
2026-08-17 07:44:49.800,obj003,774.832,90.100,-2626.233
2026-08-17 07:44:49.800,obj004,698.873,90.100,-2579.579
2026-08-17 07:44:49.816,obj001,851.949,90.100,-2002.692
2026-08-17 07:44:49.816,obj002,659.861,90.100,-1945.357
2026-08-17 07:44:49.816,obj003,774.832,90.100,-2626.233
2026-08-17 07:44:49.816,obj004,698.873,90.100,-2579.579
2026-08-17 07:44:49.833,obj001,851.949,90.100,-2002.692
2026-08-17 07:44:49.833,obj002,659.861,90.100,-1945.357
2026-08-17 07:44:49.833,obj003,774.832,90.100,-2626.233
2026-08-17 07:44:49.833,obj004,698.873,90.100,-2579.579
2026-08-17 07:44:49.850,obj001,855.909,90.100,-2004.708
2026-08-17 07:44:49.850,obj002,655.461,90.100,-1944.744
2026-08-17 07:44:49.850,obj003,774.832,90.100,-2626.233
2026-08-17 07:44:49.850,obj004,698.873,90.100,-2579.579
2026-08-17 07:44:49.866,obj001,857.920,90.104,-2005.731
2026-08-17 07:44:49.866,obj002,653.225,90.100,-1944.432
2026-08-17 07:44:49.866,obj003,774.832,90.100,-2626.234
2026-08-17 07:44:49.866,obj004,698.873,90.100,-2579.579
2026-08-17 07:44:49.883,obj001,859.868,90.102,-2006.722
2026-08-17 07:44:49.883,obj002,651.060,90.100,-1944.130
2026-08-17 07:44:49.883,obj003,774.832,90.100,-2626.233
2026-08-17 07:44:49.883,obj004,698.873,90.100,-2579.579
2026-08-17 07:44:49.900,obj001,861.881,90.101,-2007.747
2026-08-17 07:44:49.900,obj002,648.824,90.100,-1943.819
2026-08-17 07:44:49.900,obj003,774.832,90.100,-2626.233
2026-08-17 07:44:49.900,obj004,698.873,90.100,-2579.579
2026-08-17 07:44:49.916,obj001,863.831,90.100,-2008.739
2026-08-17 07:44:49.916,obj002,646.659,90.100,-1943.517
2026-08-17 07:44:49.916,obj003,774.832,90.100,-2626.233
2026-08-17 07:44:49.916,obj004,698.873,90.100,-2579.579
2026-08-17 07:44:49.933,obj001,865.842,90.100,-2009.763
2026-08-17 07:44:49.933,obj002,644.424,90.100,-1943.205
2026-08-17 07:44:49.933,obj003,774.832,90.100,-2626.233
2026-08-17 07:44:49.933,obj004,698.873,90.100,-2579.579
2026-08-17 07:44:49.950,obj001,867.789,90.100,-2010.754
2026-08-17 07:44:49.950,obj002,642.259,90.100,-1942.903
2026-08-17 07:44:49.950,obj003,774.832,90.100,-2626.233
2026-08-17 07:44:49.950,obj004,698.873,90.100,-2579.579
2026-08-17 07:44:49.966,obj001,869.801,90.100,-2011.778
2026-08-17 07:44:49.966,obj002,640.023,90.100,-1942.592
2026-08-17 07:44:49.966,obj003,774.832,90.100,-2626.233
2026-08-17 07:44:49.966,obj004,698.873,90.100,-2579.579
2026-08-17 07:44:49.983,obj001,871.749,90.100,-2012.770
2026-08-17 07:44:49.983,obj002,637.858,90.100,-1942.290
2026-08-17 07:44:49.983,obj003,774.832,90.100,-2626.233
2026-08-17 07:44:49.983,obj004,698.873,90.100,-2579.579
2026-08-17 07:44:50.000,obj001,871.749,90.100,-2012.770
2026-08-17 07:44:50.000,obj002,637.858,90.100,-1942.290
2026-08-17 07:44:50.000,obj003,774.832,90.100,-2626.233
2026-08-17 07:44:50.000,obj004,698.873,90.100,-2579.579
2026-08-17 07:44:50.016,obj001,875.709,90.100,-2014.785
2026-08-17 07:44:50.016,obj002,633.458,90.100,-1941.677
2026-08-17 07:44:50.016,obj003,774.832,90.100,-2626.233
2026-08-17 07:44:50.016,obj004,698.873,90.100,-2579.579
2026-08-17 07:44:50.033,obj001,875.709,90.100,-2014.785
2026-08-17 07:44:50.033,obj002,633.458,90.100,-1941.677
2026-08-17 07:44:50.033,obj003,774.832,90.100,-2626.233
2026-08-17 07:44:50.033,obj004,698.873,90.100,-2579.579
2026-08-17 07:44:50.050,obj001,879.668,90.103,-2016.800
2026-08-17 07:44:50.050,obj002,629.057,90.100,-1941.063
2026-08-17 07:44:50.050,obj003,774.832,90.100,-2626.233
2026-08-17 07:44:50.050,obj004,698.873,90.100,-2579.579
2026-08-17 07:44:50.066,obj001,881.680,90.102,-2017.824
2026-08-17 07:44:50.066,obj002,626.821,90.100,-1940.752
2026-08-17 07:44:50.066,obj003,774.832,90.100,-2626.233
2026-08-17 07:44:50.066,obj004,698.873,90.100,-2579.579
2026-08-17 07:44:50.083,obj001,883.628,90.101,-2018.816
2026-08-17 07:44:50.083,obj002,624.657,90.100,-1940.450
2026-08-17 07:44:50.083,obj003,774.832,90.100,-2626.233
2026-08-17 07:44:50.083,obj004,698.873,90.100,-2579.579
2026-08-17 07:44:50.100,obj001,885.640,90.100,-2019.840
2026-08-17 07:44:50.100,obj002,622.421,90.100,-1940.138
2026-08-17 07:44:50.100,obj003,774.832,90.100,-2626.234
2026-08-17 07:44:50.100,obj004,698.873,90.100,-2579.579
2026-08-17 07:44:50.116,obj001,887.588,90.100,-2020.831
2026-08-17 07:44:50.116,obj002,620.256,90.100,-1939.836
2026-08-17 07:44:50.116,obj003,774.832,90.100,-2626.233
2026-08-17 07:44:50.116,obj004,698.873,90.100,-2579.579
2026-08-17 07:44:50.133,obj001,887.588,90.100,-2020.831
2026-08-17 07:44:50.133,obj002,620.256,90.100,-1939.836
2026-08-17 07:44:50.133,obj003,774.832,90.100,-2626.233
2026-08-17 07:44:50.133,obj004,698.873,90.100,-2579.579
2026-08-17 07:44:50.150,obj001,891.547,90.100,-2022.847
2026-08-17 07:44:50.150,obj002,615.855,90.100,-1939.223
2026-08-17 07:44:50.150,obj003,774.832,90.100,-2626.233
2026-08-17 07:44:50.150,obj004,698.873,90.100,-2579.579
2026-08-17 07:44:50.166,obj001,891.547,90.100,-2022.847
2026-08-17 07:44:50.166,obj002,615.855,90.100,-1939.223
2026-08-17 07:44:50.166,obj003,774.832,90.100,-2626.233
2026-08-17 07:44:50.166,obj004,698.873,90.100,-2579.579
2026-08-17 07:44:50.183,obj001,895.506,90.102,-2024.862
2026-08-17 07:44:50.183,obj002,611.455,90.100,-1938.610
2026-08-17 07:44:50.183,obj003,774.832,90.100,-2626.233
2026-08-17 07:44:50.183,obj004,698.873,90.100,-2579.579
2026-08-17 07:44:50.200,obj001,897.519,90.101,-2025.887
2026-08-17 07:44:50.200,obj002,609.219,90.100,-1938.298
2026-08-17 07:44:50.200,obj003,774.832,90.100,-2626.233
2026-08-17 07:44:50.200,obj004,698.873,90.100,-2579.579
2026-08-17 07:44:50.216,obj001,899.468,90.100,-2026.879
2026-08-17 07:44:50.216,obj002,607.054,90.100,-1937.996
2026-08-17 07:44:50.216,obj003,774.832,90.100,-2626.233
2026-08-17 07:44:50.216,obj004,698.873,90.100,-2579.579
2026-08-17 07:44:50.233,obj001,901.479,90.100,-2027.903
2026-08-17 07:44:50.233,obj002,604.818,90.100,-1937.685
2026-08-17 07:44:50.233,obj003,774.832,90.100,-2626.233
2026-08-17 07:44:50.233,obj004,698.873,90.100,-2579.579
2026-08-17 07:44:50.250,obj001,903.427,90.100,-2028.894
2026-08-17 07:44:50.250,obj002,602.654,90.100,-1937.383
2026-08-17 07:44:50.250,obj003,774.832,90.100,-2626.233
2026-08-17 07:44:50.250,obj004,698.873,90.100,-2579.579
2026-08-17 07:44:50.266,obj001,903.427,90.100,-2028.894
2026-08-17 07:44:50.266,obj002,602.654,90.100,-1937.383
2026-08-17 07:44:50.266,obj003,774.832,90.100,-2626.233
2026-08-17 07:44:50.266,obj004,698.873,90.100,-2579.579
2026-08-17 07:44:50.283,obj001,907.387,90.100,-2030.910
2026-08-17 07:44:50.283,obj002,598.253,90.100,-1936.769
2026-08-17 07:44:50.283,obj003,774.832,90.100,-2626.233
2026-08-17 07:44:50.283,obj004,698.873,90.100,-2579.579
2026-08-17 07:44:50.300,obj001,909.399,90.100,-2031.934
2026-08-17 07:44:50.300,obj002,596.017,90.100,-1936.458
2026-08-17 07:44:50.300,obj003,774.832,90.100,-2626.233
2026-08-17 07:44:50.300,obj004,698.873,90.100,-2579.579
2026-08-17 07:44:50.316,obj001,911.346,90.100,-2032.925
2026-08-17 07:44:50.316,obj002,593.853,90.100,-1936.156
2026-08-17 07:44:50.316,obj003,774.832,90.100,-2626.233
2026-08-17 07:44:50.316,obj004,698.873,90.100,-2579.579
2026-08-17 07:44:50.333,obj001,911.346,90.100,-2032.925
2026-08-17 07:44:50.333,obj002,593.853,90.100,-1936.156
2026-08-17 07:44:50.333,obj003,774.832,90.100,-2626.233
2026-08-17 07:44:50.333,obj004,698.873,90.100,-2579.579
2026-08-17 07:44:50.350,obj001,915.306,90.101,-2034.941
2026-08-17 07:44:50.350,obj002,589.452,90.100,-1935.543
2026-08-17 07:44:50.350,obj003,774.832,90.100,-2626.233
2026-08-17 07:44:50.350,obj004,698.873,90.100,-2579.579
2026-08-17 07:44:50.366,obj001,915.306,90.101,-2034.941
2026-08-17 07:44:50.366,obj002,589.452,90.100,-1935.543
2026-08-17 07:44:50.366,obj003,774.832,90.100,-2626.233
2026-08-17 07:44:50.366,obj004,698.873,90.100,-2579.579
2026-08-17 07:44:50.383,obj001,919.265,90.100,-2036.957
2026-08-17 07:44:50.383,obj002,585.051,90.100,-1934.929
2026-08-17 07:44:50.383,obj003,774.832,90.100,-2626.233
2026-08-17 07:44:50.383,obj004,698.873,90.100,-2579.579
2026-08-17 07:44:50.400,obj001,919.265,90.100,-2036.957
2026-08-17 07:44:50.400,obj002,585.051,90.100,-1934.929
2026-08-17 07:44:50.400,obj003,774.832,90.100,-2626.233
2026-08-17 07:44:50.400,obj004,698.873,90.100,-2579.579
2026-08-17 07:44:50.416,obj001,923.225,90.100,-2038.972
2026-08-17 07:44:50.416,obj002,580.651,90.100,-1934.316
2026-08-17 07:44:50.416,obj003,777.770,90.101,-2629.595
2026-08-17 07:44:50.416,obj004,696.580,90.100,-2575.747
2026-08-17 07:44:50.433,obj001,925.236,90.102,-2039.996
2026-08-17 07:44:50.433,obj002,578.415,90.100,-1934.004
2026-08-17 07:44:50.433,obj003,779.253,90.100,-2631.291
2026-08-17 07:44:50.433,obj004,695.424,90.100,-2573.815
2026-08-17 07:44:50.450,obj001,927.184,90.101,-2040.987
2026-08-17 07:44:50.450,obj002,576.250,90.100,-1933.702
2026-08-17 07:44:50.450,obj003,780.688,90.100,-2632.933
2026-08-17 07:44:50.450,obj004,694.305,90.100,-2571.944
2026-08-17 07:44:50.466,obj001,929.197,90.100,-2042.012
2026-08-17 07:44:50.466,obj002,574.014,90.100,-1933.391
2026-08-17 07:44:50.466,obj003,782.175,90.100,-2634.635
2026-08-17 07:44:50.466,obj004,693.144,90.100,-2570.004
2026-08-17 07:44:50.483,obj001,931.145,90.100,-2043.004
2026-08-17 07:44:50.483,obj002,571.850,90.100,-1933.089
2026-08-17 07:44:50.483,obj003,783.615,90.100,-2636.282
2026-08-17 07:44:50.483,obj004,692.020,90.100,-2568.126
2026-08-17 07:44:50.500,obj001,933.157,90.100,-2044.027
2026-08-17 07:44:50.500,obj002,569.614,90.100,-1932.777
2026-08-17 07:44:50.500,obj003,785.100,90.100,-2637.981
2026-08-17 07:44:50.500,obj004,690.862,90.100,-2566.190
2026-08-17 07:44:50.516,obj001,935.104,90.100,-2045.019
2026-08-17 07:44:50.516,obj002,567.449,90.100,-1932.476
2026-08-17 07:44:50.516,obj003,786.538,90.100,-2639.626
2026-08-17 07:44:50.516,obj004,689.741,90.100,-2564.315
2026-08-17 07:44:50.533,obj001,935.104,90.100,-2045.019
2026-08-17 07:44:50.533,obj002,567.449,90.100,-1932.476
2026-08-17 07:44:50.533,obj003,786.538,90.100,-2639.626
2026-08-17 07:44:50.533,obj004,689.741,90.100,-2564.315
2026-08-17 07:44:50.550,obj001,939.063,90.102,-2047.033
2026-08-17 07:44:50.550,obj002,563.049,90.100,-1931.862
2026-08-17 07:44:50.550,obj003,789.463,90.100,-2642.972
2026-08-17 07:44:50.550,obj004,687.459,90.100,-2560.502
2026-08-17 07:44:50.566,obj001,939.063,90.102,-2047.033
2026-08-17 07:44:50.566,obj002,563.049,90.100,-1931.862
2026-08-17 07:44:50.566,obj003,789.463,90.100,-2642.972
2026-08-17 07:44:50.566,obj004,687.459,90.100,-2560.502
2026-08-17 07:44:50.583,obj001,943.026,90.100,-2049.051
2026-08-17 07:44:50.583,obj002,558.648,90.100,-1931.249
2026-08-17 07:44:50.583,obj003,792.387,90.099,-2646.317
2026-08-17 07:44:50.583,obj004,685.178,90.100,-2556.689
2026-08-17 07:44:50.600,obj001,945.037,90.100,-2050.074
2026-08-17 07:44:50.600,obj002,556.412,90.100,-1930.937
2026-08-17 07:44:50.600,obj003,793.872,90.100,-2648.017
2026-08-17 07:44:50.600,obj004,684.019,90.100,-2554.752
2026-08-17 07:44:50.616,obj001,946.984,90.100,-2051.065
2026-08-17 07:44:50.616,obj002,554.247,90.100,-1930.635
2026-08-17 07:44:50.616,obj003,795.311,90.100,-2649.662
2026-08-17 07:44:50.616,obj004,682.896,90.100,-2552.876
2026-08-17 07:44:50.633,obj001,946.984,90.100,-2051.065
2026-08-17 07:44:50.633,obj002,554.247,90.100,-1930.635
2026-08-17 07:44:50.633,obj003,795.311,90.100,-2649.662
2026-08-17 07:44:50.633,obj004,682.896,90.100,-2552.876
2026-08-17 07:44:50.650,obj001,950.945,90.100,-2053.081
2026-08-17 07:44:50.650,obj002,549.847,90.100,-1930.022
2026-08-17 07:44:50.650,obj003,798.237,90.090,-2653.009
2026-08-17 07:44:50.650,obj004,680.615,90.100,-2549.064
2026-08-17 07:44:50.666,obj001,952.957,90.100,-2054.105
2026-08-17 07:44:50.666,obj002,547.611,90.100,-1929.710
2026-08-17 07:44:50.666,obj003,799.722,90.095,-2654.708
2026-08-17 07:44:50.666,obj004,679.456,90.100,-2547.126
2026-08-17 07:44:50.683,obj001,954.904,90.101,-2055.096
2026-08-17 07:44:50.683,obj002,545.446,90.100,-1929.408
2026-08-17 07:44:50.683,obj003,801.160,90.097,-2656.353
2026-08-17 07:44:50.683,obj004,678.334,90.100,-2545.251
2026-08-17 07:44:50.700,obj001,956.916,90.100,-2056.121
2026-08-17 07:44:50.700,obj002,543.210,90.100,-1929.097
2026-08-17 07:44:50.700,obj003,802.646,90.099,-2658.053
2026-08-17 07:44:50.700,obj004,677.175,90.100,-2543.313
2026-08-17 07:44:50.716,obj001,958.864,90.100,-2057.112
2026-08-17 07:44:50.716,obj002,541.046,90.100,-1928.795
2026-08-17 07:44:50.716,obj003,804.084,90.099,-2659.698
2026-08-17 07:44:50.716,obj004,676.053,90.100,-2541.438
2026-08-17 07:44:50.733,obj001,958.864,90.100,-2057.112
2026-08-17 07:44:50.733,obj002,541.046,90.100,-1928.795
2026-08-17 07:44:50.733,obj003,804.084,90.099,-2659.698
2026-08-17 07:44:50.733,obj004,676.053,90.100,-2541.438
2026-08-17 07:44:50.750,obj001,962.822,90.104,-2059.127
2026-08-17 07:44:50.750,obj002,536.645,90.100,-1928.181
2026-08-17 07:44:50.750,obj003,807.008,90.100,-2663.043
2026-08-17 07:44:50.750,obj004,673.772,90.100,-2537.625
2026-08-17 07:44:50.766,obj001,962.822,90.104,-2059.127
2026-08-17 07:44:50.766,obj002,536.645,90.100,-1928.181
2026-08-17 07:44:50.766,obj003,807.008,90.100,-2663.043
2026-08-17 07:44:50.766,obj004,673.772,90.100,-2537.625
2026-08-17 07:44:50.783,obj001,966.783,90.101,-2061.143
2026-08-17 07:44:50.783,obj002,532.245,90.100,-1927.568
2026-08-17 07:44:50.783,obj003,809.932,90.100,-2666.388
2026-08-17 07:44:50.783,obj004,671.491,90.100,-2533.812
2026-08-17 07:44:50.800,obj001,968.795,90.101,-2062.167
2026-08-17 07:44:50.800,obj002,530.009,90.100,-1927.256
2026-08-17 07:44:50.800,obj003,811.418,90.100,-2668.088
2026-08-17 07:44:50.800,obj004,670.332,90.100,-2531.875
2026-08-17 07:44:50.816,obj001,970.743,90.100,-2063.158
2026-08-17 07:44:50.816,obj002,527.844,90.100,-1926.954
2026-08-17 07:44:50.816,obj003,812.856,90.100,-2669.734
2026-08-17 07:44:50.816,obj004,669.209,90.100,-2529.999
2026-08-17 07:44:50.833,obj001,972.755,90.100,-2064.182
2026-08-17 07:44:50.833,obj002,525.608,90.100,-1926.643
2026-08-17 07:44:50.833,obj003,814.342,90.100,-2671.433
2026-08-17 07:44:50.833,obj004,668.050,90.100,-2528.062
2026-08-17 07:44:50.850,obj001,974.702,90.100,-2065.174
2026-08-17 07:44:50.850,obj002,523.443,90.100,-1926.341
2026-08-17 07:44:50.850,obj003,815.781,90.100,-2673.079
2026-08-17 07:44:50.850,obj004,666.928,90.100,-2526.186
2026-08-17 07:44:50.866,obj001,974.702,90.100,-2065.174
2026-08-17 07:44:50.866,obj002,523.443,90.100,-1926.341
2026-08-17 07:44:50.866,obj003,815.781,90.100,-2673.079
2026-08-17 07:44:50.866,obj004,666.928,90.100,-2526.186
2026-08-17 07:44:50.883,obj001,978.662,90.100,-2067.189
2026-08-17 07:44:50.883,obj002,519.043,90.100,-1925.727
2026-08-17 07:44:50.883,obj003,818.705,90.096,-2676.425
2026-08-17 07:44:50.883,obj004,664.647,90.100,-2522.373
2026-08-17 07:44:50.900,obj001,980.674,90.100,-2068.213
2026-08-17 07:44:50.900,obj002,516.807,90.100,-1925.415
2026-08-17 07:44:50.900,obj003,820.191,90.098,-2678.124
2026-08-17 07:44:50.900,obj004,663.488,90.100,-2520.436
2026-08-17 07:44:50.916,obj001,982.622,90.100,-2069.204
2026-08-17 07:44:50.916,obj002,514.642,90.100,-1925.114
2026-08-17 07:44:50.916,obj003,821.629,90.099,-2679.770
2026-08-17 07:44:50.916,obj004,662.366,90.100,-2518.560
2026-08-17 07:44:50.933,obj001,982.622,90.100,-2069.204
2026-08-17 07:44:50.933,obj002,514.642,90.100,-1925.114
2026-08-17 07:44:50.933,obj003,821.629,90.099,-2679.770
2026-08-17 07:44:50.933,obj004,662.366,90.100,-2518.560
2026-08-17 07:44:50.950,obj001,986.582,90.100,-2071.220
2026-08-17 07:44:50.950,obj002,510.242,90.100,-1924.500
2026-08-17 07:44:50.950,obj003,824.553,90.100,-2683.115
2026-08-17 07:44:50.950,obj004,660.085,90.100,-2514.747
2026-08-17 07:44:50.966,obj001,988.594,90.100,-2072.244
2026-08-17 07:44:50.966,obj002,508.006,90.100,-1924.188
2026-08-17 07:44:50.966,obj003,826.039,90.100,-2684.815
2026-08-17 07:44:50.966,obj004,658.926,90.100,-2512.810
2026-08-17 07:44:50.983,obj001,990.541,90.102,-2073.236
2026-08-17 07:44:50.983,obj002,505.841,90.100,-1923.887
2026-08-17 07:44:50.983,obj003,827.477,90.100,-2686.460
2026-08-17 07:44:50.983,obj004,657.804,90.100,-2510.934
2026-08-17 07:44:51.000,obj001,992.553,90.101,-2074.260
2026-08-17 07:44:51.000,obj002,503.605,90.100,-1923.575
2026-08-17 07:44:51.000,obj003,828.963,90.100,-2688.160
2026-08-17 07:44:51.000,obj004,656.645,90.100,-2508.997
2026-08-17 07:44:51.016,obj001,994.501,90.100,-2075.251
2026-08-17 07:44:51.016,obj002,501.441,90.100,-1923.273
2026-08-17 07:44:51.016,obj003,830.401,90.100,-2689.805
2026-08-17 07:44:51.016,obj004,655.523,90.100,-2507.121
2026-08-17 07:44:51.033,obj001,994.501,90.100,-2075.251
2026-08-17 07:44:51.033,obj002,501.441,90.100,-1923.273
2026-08-17 07:44:51.033,obj003,830.401,90.100,-2689.805
2026-08-17 07:44:51.033,obj004,655.523,90.100,-2507.121
2026-08-17 07:44:51.050,obj001,998.460,90.100,-2077.267
2026-08-17 07:44:51.050,obj002,497.040,90.100,-1922.660
2026-08-17 07:44:51.050,obj003,833.327,90.097,-2693.152
2026-08-17 07:44:51.050,obj004,653.241,90.100,-2503.308
2026-08-17 07:44:51.066,obj001,998.460,90.100,-2077.267
2026-08-17 07:44:51.066,obj002,497.040,90.100,-1922.660
2026-08-17 07:44:51.066,obj003,833.327,90.097,-2693.152
2026-08-17 07:44:51.066,obj004,653.241,90.100,-2503.308
2026-08-17 07:44:51.083,obj001,1002.422,90.093,-2079.284
2026-08-17 07:44:51.083,obj002,492.639,90.100,-1922.046
2026-08-17 07:44:51.083,obj003,836.248,90.099,-2696.494
2026-08-17 07:44:51.083,obj004,650.960,90.100,-2499.495
2026-08-17 07:44:51.100,obj001,1004.433,90.097,-2080.307
2026-08-17 07:44:51.100,obj002,490.404,90.100,-1921.734
2026-08-17 07:44:51.100,obj003,837.735,90.099,-2698.194
2026-08-17 07:44:51.100,obj004,649.801,90.100,-2497.558
2026-08-17 07:44:51.116,obj001,1006.380,90.098,-2081.299
2026-08-17 07:44:51.116,obj002,488.239,90.100,-1921.433
2026-08-17 07:44:51.116,obj003,839.174,90.100,-2699.840
2026-08-17 07:44:51.116,obj004,648.679,90.100,-2495.682
2026-08-17 07:44:51.133,obj001,1006.380,90.098,-2081.299
2026-08-17 07:44:51.133,obj002,488.239,90.100,-1921.433
2026-08-17 07:44:51.133,obj003,839.174,90.100,-2699.840
2026-08-17 07:44:51.133,obj004,648.679,90.100,-2495.682
2026-08-17 07:44:51.150,obj001,1010.340,90.100,-2083.314
2026-08-17 07:44:51.150,obj002,483.838,90.100,-1920.819
2026-08-17 07:44:51.150,obj003,842.097,90.100,-2703.184
2026-08-17 07:44:51.150,obj004,646.398,90.100,-2491.869
2026-08-17 07:44:51.166,obj001,1012.353,90.097,-2084.339
2026-08-17 07:44:51.166,obj002,481.602,90.100,-1920.507
2026-08-17 07:44:51.166,obj003,843.583,90.100,-2704.884
2026-08-17 07:44:51.166,obj004,645.239,90.100,-2489.932
2026-08-17 07:44:51.183,obj001,1014.300,90.098,-2085.330
2026-08-17 07:44:51.183,obj002,479.438,90.100,-1920.206
2026-08-17 07:44:51.183,obj003,845.021,90.100,-2706.530
2026-08-17 07:44:51.183,obj004,644.117,90.100,-2488.056
2026-08-17 07:44:51.200,obj001,1014.300,90.098,-2085.330
2026-08-17 07:44:51.200,obj002,479.438,90.100,-1920.206
2026-08-17 07:44:51.200,obj003,845.021,90.100,-2706.530
2026-08-17 07:44:51.200,obj004,644.117,90.100,-2488.056
2026-08-17 07:44:51.216,obj001,1018.259,90.097,-2087.346
2026-08-17 07:44:51.216,obj002,475.037,90.100,-1919.592
2026-08-17 07:44:51.216,obj003,847.945,90.100,-2709.875
2026-08-17 07:44:51.216,obj004,641.836,90.100,-2484.243
2026-08-17 07:44:51.233,obj001,1018.259,90.097,-2087.346
2026-08-17 07:44:51.233,obj002,475.037,90.100,-1919.592
2026-08-17 07:44:51.233,obj003,847.945,90.100,-2709.875
2026-08-17 07:44:51.233,obj004,641.836,90.100,-2484.243
2026-08-17 07:44:51.250,obj001,1022.215,90.099,-2089.360
2026-08-17 07:44:51.250,obj002,470.637,90.100,-1918.979
2026-08-17 07:44:51.250,obj003,850.870,90.100,-2713.221
2026-08-17 07:44:51.250,obj004,639.555,90.100,-2480.430
2026-08-17 07:44:51.266,obj001,1024.228,90.100,-2090.384
2026-08-17 07:44:51.266,obj002,468.401,90.100,-1918.667
2026-08-17 07:44:51.266,obj003,852.355,90.100,-2714.920
2026-08-17 07:44:51.266,obj004,638.396,90.100,-2478.493
2026-08-17 07:44:51.283,obj001,1026.176,90.099,-2091.376
2026-08-17 07:44:51.283,obj002,466.236,90.100,-1918.365
2026-08-17 07:44:51.283,obj003,853.794,90.100,-2716.566
2026-08-17 07:44:51.283,obj004,637.273,90.100,-2476.617
2026-08-17 07:44:51.300,obj001,1026.176,90.099,-2091.376
2026-08-17 07:44:51.300,obj002,466.236,90.100,-1918.365
2026-08-17 07:44:51.300,obj003,853.794,90.100,-2716.566
2026-08-17 07:44:51.300,obj004,637.273,90.100,-2476.617
2026-08-17 07:44:51.316,obj001,1030.135,90.100,-2093.392
2026-08-17 07:44:51.316,obj002,461.835,90.100,-1917.751
2026-08-17 07:44:51.316,obj003,856.718,90.100,-2719.911
2026-08-17 07:44:51.316,obj004,634.992,90.100,-2472.804
2026-08-17 07:44:51.333,obj001,1030.135,90.100,-2093.392
2026-08-17 07:44:51.333,obj002,461.835,90.100,-1917.751
2026-08-17 07:44:51.333,obj003,856.718,90.100,-2719.911
2026-08-17 07:44:51.333,obj004,634.992,90.100,-2472.804
2026-08-17 07:44:51.350,obj001,1034.096,90.098,-2095.407
2026-08-17 07:44:51.350,obj002,457.435,90.100,-1917.138
2026-08-17 07:44:51.350,obj003,859.642,90.100,-2723.256
2026-08-17 07:44:51.350,obj004,632.711,90.100,-2468.992
2026-08-17 07:44:51.366,obj001,1034.096,90.098,-2095.407
2026-08-17 07:44:51.366,obj002,457.435,90.100,-1917.138
2026-08-17 07:44:51.366,obj003,859.642,90.100,-2723.256
2026-08-17 07:44:51.366,obj004,632.711,90.100,-2468.992
2026-08-17 07:44:51.383,obj001,1038.056,90.095,-2097.423
2026-08-17 07:44:51.383,obj002,453.034,90.100,-1916.524
2026-08-17 07:44:51.383,obj003,862.566,90.100,-2726.602
2026-08-17 07:44:51.383,obj004,630.430,90.100,-2465.179
2026-08-17 07:44:51.400,obj001,1040.068,90.097,-2098.447
2026-08-17 07:44:51.400,obj002,450.798,90.100,-1916.213
2026-08-17 07:44:51.400,obj003,864.054,90.091,-2728.304
2026-08-17 07:44:51.400,obj004,629.271,90.100,-2463.241
2026-08-17 07:44:51.416,obj001,1042.015,90.099,-2099.438
2026-08-17 07:44:51.416,obj002,448.634,90.100,-1915.911
2026-08-17 07:44:51.416,obj003,865.492,90.096,-2729.949
2026-08-17 07:44:51.416,obj004,628.149,90.100,-2461.366
2026-08-17 07:44:51.433,obj001,1044.028,90.095,-2100.463
2026-08-17 07:44:51.433,obj002,446.398,90.100,-1915.599
2026-08-17 07:44:51.433,obj003,866.976,90.098,-2731.646
2026-08-17 07:44:51.433,obj004,626.990,90.100,-2459.428
2026-08-17 07:44:51.450,obj001,1045.976,90.097,-2101.455
2026-08-17 07:44:51.450,obj002,444.233,90.100,-1915.297
2026-08-17 07:44:51.450,obj003,868.412,90.099,-2733.289
2026-08-17 07:44:51.450,obj004,625.868,90.100,-2457.553
2026-08-17 07:44:51.466,obj001,1045.976,90.097,-2101.455
2026-08-17 07:44:51.466,obj002,444.233,90.100,-1915.297
2026-08-17 07:44:51.466,obj003,868.412,90.099,-2733.289
2026-08-17 07:44:51.466,obj004,625.868,90.100,-2457.553
2026-08-17 07:44:51.483,obj001,1049.932,90.099,-2103.469
2026-08-17 07:44:51.483,obj002,439.833,90.100,-1914.684
2026-08-17 07:44:51.483,obj003,871.338,90.100,-2736.636
2026-08-17 07:44:51.483,obj004,623.587,90.100,-2453.740
2026-08-17 07:44:51.500,obj001,1051.947,90.091,-2104.495
2026-08-17 07:44:51.500,obj002,437.597,90.100,-1914.372
2026-08-17 07:44:51.500,obj003,872.823,90.100,-2738.335
2026-08-17 07:44:51.500,obj004,622.428,90.100,-2451.802
2026-08-17 07:44:51.516,obj001,1053.895,90.096,-2105.487
2026-08-17 07:44:51.516,obj002,435.432,90.100,-1914.070
2026-08-17 07:44:51.516,obj003,874.261,90.100,-2739.980
2026-08-17 07:44:51.516,obj004,621.306,90.100,-2449.927
2026-08-17 07:44:51.533,obj001,1055.903,90.098,-2106.510
2026-08-17 07:44:51.533,obj002,433.196,90.100,-1913.758
2026-08-17 07:44:51.533,obj003,875.747,90.100,-2741.680
2026-08-17 07:44:51.533,obj004,620.147,90.100,-2447.989
2026-08-17 07:44:51.550,obj001,1057.848,90.099,-2107.499
2026-08-17 07:44:51.550,obj002,431.031,90.100,-1913.457
2026-08-17 07:44:51.550,obj003,877.186,90.100,-2743.326
2026-08-17 07:44:51.550,obj004,619.024,90.100,-2446.114
2026-08-17 07:44:51.566,obj001,1059.861,90.099,-2108.524
2026-08-17 07:44:51.566,obj002,428.796,90.100,-1913.145
2026-08-17 07:44:51.566,obj003,878.670,90.103,-2745.025
2026-08-17 07:44:51.566,obj004,617.865,90.100,-2444.176
2026-08-17 07:44:51.583,obj001,1061.811,90.099,-2109.516
2026-08-17 07:44:51.583,obj002,426.631,90.100,-1912.843
2026-08-17 07:44:51.583,obj003,880.108,90.102,-2746.671
2026-08-17 07:44:51.583,obj004,616.743,90.100,-2442.301
2026-08-17 07:44:51.600,obj001,1063.822,90.099,-2110.539
2026-08-17 07:44:51.600,obj002,424.395,90.100,-1912.531
2026-08-17 07:44:51.600,obj003,881.595,90.101,-2748.371
2026-08-17 07:44:51.600,obj004,615.584,90.100,-2440.363
2026-08-17 07:44:51.616,obj001,1065.769,90.098,-2111.530
2026-08-17 07:44:51.616,obj002,422.230,90.100,-1912.230
2026-08-17 07:44:51.616,obj003,883.035,90.100,-2750.018
2026-08-17 07:44:51.616,obj004,614.462,90.100,-2438.488
2026-08-17 07:44:51.633,obj001,1067.782,90.097,-2112.555
2026-08-17 07:44:51.633,obj002,419.994,90.100,-1911.918
2026-08-17 07:44:51.633,obj003,884.520,90.100,-2751.717
2026-08-17 07:44:51.633,obj004,613.303,90.100,-2436.550
2026-08-17 07:44:51.650,obj001,1069.730,90.099,-2113.546
2026-08-17 07:44:51.650,obj002,417.830,90.100,-1911.616
2026-08-17 07:44:51.650,obj003,885.958,90.100,-2753.362
2026-08-17 07:44:51.650,obj004,612.181,90.100,-2434.675
2026-08-17 07:44:51.666,obj001,1069.730,90.099,-2113.546
2026-08-17 07:44:51.666,obj002,417.830,90.100,-1911.616
2026-08-17 07:44:51.666,obj003,885.958,90.100,-2753.362
2026-08-17 07:44:51.666,obj004,612.181,90.100,-2434.675
2026-08-17 07:44:51.683,obj001,1073.688,90.099,-2115.562
2026-08-17 07:44:51.683,obj002,413.429,90.100,-1911.003
2026-08-17 07:44:51.683,obj003,888.882,90.100,-2756.708
2026-08-17 07:44:51.683,obj004,609.899,90.097,-2430.861
2026-08-17 07:44:51.700,obj001,1075.699,90.100,-2116.586
2026-08-17 07:44:51.700,obj002,411.193,90.100,-1910.691
2026-08-17 07:44:51.700,obj003,890.368,90.100,-2758.408
2026-08-17 07:44:51.700,obj004,608.740,90.098,-2428.924
2026-08-17 07:44:51.716,obj001,1077.647,90.100,-2117.578
2026-08-17 07:44:51.716,obj002,409.028,90.100,-1910.389
2026-08-17 07:44:51.716,obj003,891.806,90.100,-2760.053
2026-08-17 07:44:51.716,obj004,607.618,90.099,-2427.048
2026-08-17 07:44:51.733,obj001,1077.647,90.100,-2117.578
2026-08-17 07:44:51.733,obj002,409.028,90.100,-1910.389
2026-08-17 07:44:51.733,obj003,891.806,90.100,-2760.053
2026-08-17 07:44:51.733,obj004,607.618,90.099,-2427.048
2026-08-17 07:44:51.750,obj001,1081.607,90.100,-2119.594
2026-08-17 07:44:51.750,obj002,404.628,90.100,-1909.776
2026-08-17 07:44:51.750,obj003,894.735,90.093,-2763.401
2026-08-17 07:44:51.750,obj004,605.337,90.100,-2423.236
2026-08-17 07:44:51.766,obj001,1081.607,90.100,-2119.594
2026-08-17 07:44:51.766,obj002,404.628,90.100,-1909.776
2026-08-17 07:44:51.766,obj003,894.735,90.093,-2763.401
2026-08-17 07:44:51.766,obj004,605.337,90.100,-2423.236
2026-08-17 07:44:51.783,obj001,1085.567,90.100,-2121.609
2026-08-17 07:44:51.783,obj002,400.227,90.100,-1909.162
2026-08-17 07:44:51.783,obj003,897.651,90.098,-2766.737
2026-08-17 07:44:51.783,obj004,603.056,90.093,-2419.421
2026-08-17 07:44:51.800,obj001,1087.579,90.100,-2122.633
2026-08-17 07:44:51.800,obj002,397.992,90.100,-1908.850
2026-08-17 07:44:51.800,obj003,899.138,90.099,-2768.439
2026-08-17 07:44:51.800,obj004,601.897,90.096,-2417.484
2026-08-17 07:44:51.816,obj001,1089.527,90.099,-2123.625
2026-08-17 07:44:51.816,obj002,395.827,90.100,-1908.549
2026-08-17 07:44:51.816,obj003,900.578,90.099,-2770.086
2026-08-17 07:44:51.816,obj004,600.775,90.098,-2415.609
2026-08-17 07:44:51.833,obj001,1091.538,90.099,-2124.649
2026-08-17 07:44:51.833,obj002,393.591,90.100,-1908.237
2026-08-17 07:44:51.833,obj003,902.063,90.100,-2771.785
2026-08-17 07:44:51.833,obj004,599.616,90.099,-2413.672
2026-08-17 07:44:51.850,obj001,1093.486,90.099,-2125.641
2026-08-17 07:44:51.850,obj002,391.426,90.100,-1907.935
2026-08-17 07:44:51.850,obj003,903.501,90.100,-2773.429
2026-08-17 07:44:51.850,obj004,598.494,90.099,-2411.796
2026-08-17 07:44:51.866,obj001,1095.498,90.099,-2126.665
2026-08-17 07:44:51.866,obj002,389.190,90.100,-1907.623
2026-08-17 07:44:51.866,obj003,904.987,90.100,-2775.130
2026-08-17 07:44:51.866,obj004,597.335,90.100,-2409.859
2026-08-17 07:44:51.883,obj001,1097.447,90.095,-2127.657
2026-08-17 07:44:51.883,obj002,387.026,90.100,-1907.321
2026-08-17 07:44:51.883,obj003,906.426,90.100,-2776.776
2026-08-17 07:44:51.883,obj004,596.213,90.100,-2407.984
2026-08-17 07:44:51.900,obj001,1097.447,90.095,-2127.657
2026-08-17 07:44:51.900,obj002,387.026,90.100,-1907.321
2026-08-17 07:44:51.900,obj003,906.426,90.100,-2776.776
2026-08-17 07:44:51.900,obj004,596.213,90.100,-2407.984
2026-08-17 07:44:51.916,obj001,1101.406,90.099,-2129.672
2026-08-17 07:44:51.916,obj002,382.625,90.100,-1906.708
2026-08-17 07:44:51.916,obj003,909.349,90.100,-2780.121
2026-08-17 07:44:51.916,obj004,593.932,90.100,-2404.171
2026-08-17 07:44:51.933,obj001,1103.418,90.098,-2130.696
2026-08-17 07:44:51.933,obj002,380.389,90.100,-1906.396
2026-08-17 07:44:51.933,obj003,910.835,90.100,-2781.820
2026-08-17 07:44:51.933,obj004,592.773,90.100,-2402.233
2026-08-17 07:44:51.950,obj001,1105.366,90.099,-2131.687
2026-08-17 07:44:51.950,obj002,378.224,90.100,-1906.094
2026-08-17 07:44:51.950,obj003,912.274,90.100,-2783.466
2026-08-17 07:44:51.950,obj004,591.651,90.100,-2400.358
2026-08-17 07:44:51.966,obj001,1105.366,90.099,-2131.687
2026-08-17 07:44:51.966,obj002,378.224,90.100,-1906.094
2026-08-17 07:44:51.966,obj003,912.274,90.100,-2783.466
2026-08-17 07:44:51.966,obj004,591.651,90.100,-2400.358
2026-08-17 07:44:51.983,obj001,1109.325,90.100,-2133.702
2026-08-17 07:44:51.983,obj002,373.824,90.100,-1905.481
2026-08-17 07:44:51.983,obj003,915.194,90.112,-2786.809
2026-08-17 07:44:51.983,obj004,589.370,90.100,-2396.545
2026-08-17 07:44:52.000,obj001,1109.325,90.100,-2133.702
2026-08-17 07:44:52.000,obj002,373.824,90.100,-1905.481
2026-08-17 07:44:52.000,obj003,915.194,90.112,-2786.809
2026-08-17 07:44:52.000,obj004,589.370,90.100,-2396.545
2026-08-17 07:44:52.016,obj001,1113.285,90.100,-2135.718
2026-08-17 07:44:52.016,obj002,369.423,90.100,-1904.867
2026-08-17 07:44:52.016,obj003,918.120,90.104,-2790.155
2026-08-17 07:44:52.016,obj004,587.088,90.100,-2392.732
2026-08-17 07:44:52.033,obj001,1115.297,90.100,-2136.742
2026-08-17 07:44:52.033,obj002,367.187,90.100,-1904.556
2026-08-17 07:44:52.033,obj003,919.607,90.102,-2791.856
2026-08-17 07:44:52.033,obj004,585.929,90.100,-2390.795
2026-08-17 07:44:52.050,obj001,1117.244,90.100,-2137.733
2026-08-17 07:44:52.050,obj002,365.023,90.100,-1904.254
2026-08-17 07:44:52.050,obj003,921.046,90.101,-2793.502
2026-08-17 07:44:52.050,obj004,584.807,90.100,-2388.919
2026-08-17 07:44:52.066,obj001,1117.244,90.100,-2137.733
2026-08-17 07:44:52.066,obj002,365.023,90.100,-1904.254
2026-08-17 07:44:52.066,obj003,921.046,90.101,-2793.502
2026-08-17 07:44:52.066,obj004,584.807,90.100,-2388.919
2026-08-17 07:44:52.083,obj001,1121.205,90.099,-2139.749
2026-08-17 07:44:52.083,obj002,360.622,90.100,-1903.640
2026-08-17 07:44:52.083,obj003,923.970,90.100,-2796.847
2026-08-17 07:44:52.083,obj004,582.525,90.100,-2385.106
2026-08-17 07:44:52.100,obj001,1123.216,90.098,-2140.773
2026-08-17 07:44:52.100,obj002,358.386,90.100,-1903.329
2026-08-17 07:44:52.100,obj003,925.455,90.100,-2798.547
2026-08-17 07:44:52.100,obj004,581.366,90.100,-2383.169
2026-08-17 07:44:52.116,obj001,1125.164,90.099,-2141.764
2026-08-17 07:44:52.116,obj002,356.222,90.100,-1903.027
2026-08-17 07:44:52.116,obj003,926.894,90.100,-2800.193
2026-08-17 07:44:52.116,obj004,580.244,90.100,-2381.294
2026-08-17 07:44:52.133,obj001,1125.164,90.099,-2141.764
2026-08-17 07:44:52.133,obj002,356.222,90.100,-1903.027
2026-08-17 07:44:52.133,obj003,926.894,90.100,-2800.193
2026-08-17 07:44:52.133,obj004,580.244,90.100,-2381.294
2026-08-17 07:44:52.150,obj001,1129.121,90.102,-2143.781
2026-08-17 07:44:52.150,obj002,351.821,90.100,-1902.413
2026-08-17 07:44:52.150,obj003,929.818,90.100,-2803.538
2026-08-17 07:44:52.150,obj004,577.963,90.100,-2377.481
2026-08-17 07:44:52.166,obj001,1131.134,90.101,-2144.806
2026-08-17 07:44:52.166,obj002,349.585,90.100,-1902.101
2026-08-17 07:44:52.166,obj003,931.304,90.100,-2805.238
2026-08-17 07:44:52.166,obj004,576.804,90.097,-2375.543
2026-08-17 07:44:52.183,obj001,1133.084,90.100,-2145.798
2026-08-17 07:44:52.183,obj002,347.420,90.100,-1901.800
2026-08-17 07:44:52.183,obj003,932.742,90.100,-2806.883
2026-08-17 07:44:52.183,obj004,575.682,90.099,-2373.667
2026-08-17 07:44:52.200,obj001,1133.084,90.100,-2145.798
2026-08-17 07:44:52.200,obj002,347.420,90.100,-1901.800
2026-08-17 07:44:52.200,obj003,932.742,90.100,-2806.883
2026-08-17 07:44:52.200,obj004,575.682,90.099,-2373.667
2026-08-17 07:44:52.216,obj001,1137.042,90.100,-2147.813
2026-08-17 07:44:52.216,obj002,343.020,90.100,-1901.186
2026-08-17 07:44:52.216,obj003,935.666,90.100,-2810.229
2026-08-17 07:44:52.216,obj004,573.402,90.100,-2369.856
2026-08-17 07:44:52.233,obj001,1139.054,90.100,-2148.837
2026-08-17 07:44:52.233,obj002,340.784,90.100,-1900.874
2026-08-17 07:44:52.233,obj003,937.151,90.104,-2811.928
2026-08-17 07:44:52.233,obj004,572.243,90.100,-2367.919
2026-08-17 07:44:52.250,obj001,1141.002,90.100,-2149.829
2026-08-17 07:44:52.250,obj002,338.619,90.100,-1900.573
2026-08-17 07:44:52.250,obj003,938.589,90.102,-2813.574
2026-08-17 07:44:52.250,obj004,571.120,90.100,-2366.043
2026-08-17 07:44:52.266,obj001,1143.014,90.100,-2150.853
2026-08-17 07:44:52.266,obj002,336.383,90.100,-1900.261
2026-08-17 07:44:52.266,obj003,940.076,90.101,-2815.275
2026-08-17 07:44:52.266,obj004,569.961,90.098,-2364.105
2026-08-17 07:44:52.283,obj001,1144.962,90.100,-2151.843
2026-08-17 07:44:52.283,obj002,334.219,90.100,-1899.959
2026-08-17 07:44:52.283,obj003,941.515,90.100,-2816.921
2026-08-17 07:44:52.283,obj004,568.838,90.099,-2362.230
2026-08-17 07:44:52.300,obj001,1146.974,90.100,-2152.867
2026-08-17 07:44:52.300,obj002,331.983,90.100,-1899.647
2026-08-17 07:44:52.300,obj003,943.000,90.100,-2818.621
2026-08-17 07:44:52.300,obj004,567.680,90.099,-2360.293
2026-08-17 07:44:52.316,obj001,1148.922,90.100,-2153.859
2026-08-17 07:44:52.316,obj002,329.818,90.100,-1899.346
2026-08-17 07:44:52.316,obj003,944.438,90.100,-2820.266
2026-08-17 07:44:52.316,obj004,566.558,90.100,-2358.418
2026-08-17 07:44:52.333,obj001,1148.922,90.100,-2153.859
2026-08-17 07:44:52.333,obj002,329.818,90.100,-1899.346
2026-08-17 07:44:52.333,obj003,944.438,90.100,-2820.266
2026-08-17 07:44:52.333,obj004,566.558,90.100,-2358.418
2026-08-17 07:44:52.350,obj001,1152.883,90.096,-2155.876
2026-08-17 07:44:52.350,obj002,325.418,90.100,-1898.732
2026-08-17 07:44:52.350,obj003,947.363,90.100,-2823.611
2026-08-17 07:44:52.350,obj004,564.276,90.100,-2354.605
2026-08-17 07:44:52.366,obj001,1154.893,90.098,-2156.899
2026-08-17 07:44:52.366,obj002,323.182,90.100,-1898.420
2026-08-17 07:44:52.366,obj003,948.849,90.100,-2825.311
2026-08-17 07:44:52.366,obj004,563.117,90.099,-2352.667
2026-08-17 07:44:52.383,obj001,1156.838,90.099,-2157.889
2026-08-17 07:44:52.383,obj002,321.017,90.100,-1898.119
2026-08-17 07:44:52.383,obj003,950.287,90.100,-2826.956
2026-08-17 07:44:52.383,obj004,561.996,90.099,-2350.792
2026-08-17 07:44:52.400,obj001,1158.851,90.100,-2158.914
2026-08-17 07:44:52.400,obj002,318.781,90.100,-1897.807
2026-08-17 07:44:52.400,obj003,951.773,90.100,-2828.656
2026-08-17 07:44:52.400,obj004,560.837,90.100,-2348.855
2026-08-17 07:44:52.416,obj001,1160.801,90.093,-2159.907
2026-08-17 07:44:52.416,obj002,316.616,90.100,-1897.505
2026-08-17 07:44:52.416,obj003,953.211,90.100,-2830.302
2026-08-17 07:44:52.416,obj004,559.715,90.100,-2346.980
2026-08-17 07:44:52.433,obj001,1162.812,90.096,-2160.931
2026-08-17 07:44:52.433,obj002,314.381,90.100,-1897.193
2026-08-17 07:44:52.433,obj003,954.697,90.100,-2832.002
2026-08-17 07:44:52.433,obj004,558.556,90.100,-2345.042
2026-08-17 07:44:52.450,obj001,1164.759,90.098,-2161.922
2026-08-17 07:44:52.450,obj002,312.216,90.100,-1896.892
2026-08-17 07:44:52.450,obj003,956.135,90.100,-2833.647
2026-08-17 07:44:52.450,obj004,557.433,90.099,-2343.166
2026-08-17 07:44:52.466,obj001,1166.771,90.099,-2162.946
2026-08-17 07:44:52.466,obj002,309.980,90.100,-1896.580
2026-08-17 07:44:52.466,obj003,957.621,90.100,-2835.347
2026-08-17 07:44:52.466,obj004,556.274,90.099,-2341.229
2026-08-17 07:44:52.483,obj001,1168.719,90.100,-2163.937
2026-08-17 07:44:52.483,obj002,307.815,90.100,-1896.278
2026-08-17 07:44:52.483,obj003,959.059,90.100,-2836.993
2026-08-17 07:44:52.483,obj004,555.152,90.100,-2339.354
2026-08-17 07:44:52.500,obj001,1170.731,90.100,-2164.961
2026-08-17 07:44:52.500,obj002,305.579,90.100,-1895.966
2026-08-17 07:44:52.500,obj003,960.545,90.100,-2838.692
2026-08-17 07:44:52.500,obj004,553.993,90.100,-2337.417
2026-08-17 07:44:52.516,obj001,1172.679,90.097,-2165.953
2026-08-17 07:44:52.516,obj002,303.415,90.100,-1895.664
2026-08-17 07:44:52.516,obj003,961.984,90.100,-2840.338
2026-08-17 07:44:52.516,obj004,552.871,90.094,-2335.539
2026-08-17 07:44:52.533,obj001,1172.679,90.097,-2165.953
2026-08-17 07:44:52.533,obj002,303.415,90.100,-1895.664
2026-08-17 07:44:52.533,obj003,961.984,90.100,-2840.338
2026-08-17 07:44:52.533,obj004,552.871,90.094,-2335.539
2026-08-17 07:44:52.550,obj001,1176.639,90.097,-2167.969
2026-08-17 07:44:52.550,obj002,299.014,90.100,-1895.051
2026-08-17 07:44:52.550,obj003,964.908,90.100,-2843.683
2026-08-17 07:44:52.550,obj004,550.590,90.099,-2331.727
2026-08-17 07:44:52.566,obj001,1178.651,90.099,-2168.993
2026-08-17 07:44:52.566,obj002,296.778,90.100,-1894.739
2026-08-17 07:44:52.566,obj003,966.393,90.100,-2845.383
2026-08-17 07:44:52.566,obj004,549.431,90.099,-2329.790
2026-08-17 07:44:52.583,obj001,1180.598,90.098,-2169.984
2026-08-17 07:44:52.583,obj002,294.614,90.100,-1894.437
2026-08-17 07:44:52.583,obj003,967.832,90.100,-2847.029
2026-08-17 07:44:52.583,obj004,548.309,90.100,-2327.915
2026-08-17 07:44:52.600,obj001,1182.612,90.093,-2171.010
2026-08-17 07:44:52.600,obj002,292.378,90.100,-1894.126
2026-08-17 07:44:52.600,obj003,969.317,90.100,-2848.728
2026-08-17 07:44:52.600,obj004,547.150,90.100,-2325.978
2026-08-17 07:44:52.616,obj001,1184.559,90.097,-2172.001
2026-08-17 07:44:52.616,obj002,290.213,90.100,-1893.824
2026-08-17 07:44:52.616,obj003,970.756,90.100,-2850.374
2026-08-17 07:44:52.616,obj004,546.028,90.100,-2324.102
2026-08-17 07:44:52.633,obj001,1186.569,90.098,-2173.024
2026-08-17 07:44:52.633,obj002,287.977,90.100,-1893.512
2026-08-17 07:44:52.633,obj003,972.241,90.100,-2852.074
2026-08-17 07:44:52.633,obj004,544.869,90.100,-2322.165
2026-08-17 07:44:52.650,obj001,1188.514,90.099,-2174.015
2026-08-17 07:44:52.650,obj002,285.812,90.100,-1893.210
2026-08-17 07:44:52.650,obj003,973.680,90.100,-2853.720
2026-08-17 07:44:52.650,obj004,543.746,90.097,-2320.288
2026-08-17 07:44:52.666,obj001,1190.527,90.100,-2175.039
2026-08-17 07:44:52.666,obj002,283.577,90.100,-1892.899
2026-08-17 07:44:52.666,obj003,975.165,90.100,-2855.419
2026-08-17 07:44:52.666,obj004,542.587,90.098,-2318.352
2026-08-17 07:44:52.683,obj001,1192.476,90.100,-2176.031
2026-08-17 07:44:52.683,obj002,281.412,90.100,-1892.597
2026-08-17 07:44:52.683,obj003,976.604,90.100,-2857.065
2026-08-17 07:44:52.683,obj004,541.465,90.099,-2316.476
2026-08-17 07:44:52.700,obj001,1194.487,90.100,-2177.055
2026-08-17 07:44:52.700,obj002,279.176,90.100,-1892.285
2026-08-17 07:44:52.700,obj003,978.090,90.100,-2858.765
2026-08-17 07:44:52.700,obj004,540.306,90.099,-2314.539
2026-08-17 07:44:52.716,obj001,1196.435,90.100,-2178.046
2026-08-17 07:44:52.716,obj002,277.011,90.100,-1891.983
2026-08-17 07:44:52.716,obj003,979.528,90.100,-2860.411
2026-08-17 07:44:52.716,obj004,539.184,90.100,-2312.664
2026-08-17 07:44:52.733,obj001,1198.447,90.100,-2179.070
2026-08-17 07:44:52.733,obj002,274.775,90.100,-1891.672
2026-08-17 07:44:52.733,obj003,981.014,90.100,-2862.110
2026-08-17 07:44:52.733,obj004,538.024,90.093,-2310.724
2026-08-17 07:44:52.750,obj001,1200.395,90.100,-2180.062
2026-08-17 07:44:52.750,obj002,272.611,90.100,-1891.370
2026-08-17 07:44:52.750,obj003,982.452,90.100,-2863.756
2026-08-17 07:44:52.750,obj004,536.903,90.097,-2308.848
2026-08-17 07:44:52.766,obj001,1202.407,90.100,-2181.085
2026-08-17 07:44:52.766,obj002,270.375,90.100,-1891.058
2026-08-17 07:44:52.766,obj003,983.938,90.100,-2865.456
2026-08-17 07:44:52.766,obj004,535.745,90.098,-2306.914
2026-08-17 07:44:52.783,obj001,1204.354,90.100,-2182.077
2026-08-17 07:44:52.783,obj002,268.210,90.100,-1890.756
2026-08-17 07:44:52.783,obj003,985.376,90.100,-2867.101
2026-08-17 07:44:52.783,obj004,534.624,90.099,-2305.040
2026-08-17 07:44:52.800,obj001,1204.354,90.100,-2182.077
2026-08-17 07:44:52.800,obj002,268.210,90.100,-1890.756
2026-08-17 07:44:52.800,obj003,985.376,90.100,-2867.101
2026-08-17 07:44:52.800,obj004,534.624,90.099,-2305.040
2026-08-17 07:44:52.816,obj001,1208.314,90.100,-2184.092
2026-08-17 07:44:52.816,obj002,263.810,90.100,-1890.143
2026-08-17 07:44:52.816,obj003,988.300,90.100,-2870.447
2026-08-17 07:44:52.816,obj004,532.342,90.100,-2301.225
2026-08-17 07:44:52.833,obj001,1210.326,90.100,-2185.116
2026-08-17 07:44:52.833,obj002,261.574,90.100,-1889.831
2026-08-17 07:44:52.833,obj003,989.786,90.100,-2872.147
2026-08-17 07:44:52.833,obj004,531.183,90.100,-2299.289
2026-08-17 07:44:52.850,obj001,1212.274,90.100,-2186.108
2026-08-17 07:44:52.850,obj002,259.409,90.100,-1889.529
2026-08-17 07:44:52.850,obj003,991.224,90.100,-2873.792
2026-08-17 07:44:52.850,obj004,530.061,90.097,-2297.413
2026-08-17 07:44:52.866,obj001,1214.286,90.100,-2187.132
2026-08-17 07:44:52.866,obj002,257.173,90.100,-1889.217
2026-08-17 07:44:52.866,obj003,992.710,90.100,-2875.492
2026-08-17 07:44:52.866,obj004,528.902,90.099,-2295.475
2026-08-17 07:44:52.883,obj001,1216.235,90.098,-2188.123
2026-08-17 07:44:52.883,obj002,258.339,90.100,-1891.151
2026-08-17 07:44:52.883,obj003,994.148,90.100,-2877.138
2026-08-17 07:44:52.883,obj004,527.780,90.099,-2293.600
2026-08-17 07:44:52.900,obj001,1218.246,90.099,-2189.147
2026-08-17 07:44:52.900,obj002,259.468,90.100,-1893.022
2026-08-17 07:44:52.900,obj003,995.634,90.100,-2878.838
2026-08-17 07:44:52.900,obj004,526.621,90.100,-2291.663
2026-08-17 07:44:52.916,obj001,1220.194,90.099,-2190.139
2026-08-17 07:44:52.916,obj002,260.633,90.100,-1894.956
2026-08-17 07:44:52.916,obj003,997.072,90.100,-2880.483
2026-08-17 07:44:52.916,obj004,525.499,90.100,-2289.787
2026-08-17 07:44:52.933,obj001,1222.206,90.100,-2191.163
2026-08-17 07:44:52.933,obj002,261.762,90.100,-1896.827
2026-08-17 07:44:52.933,obj003,996.829,90.100,-2878.239
2026-08-17 07:44:52.933,obj004,524.339,90.094,-2287.848
2026-08-17 07:44:52.950,obj001,1224.153,90.100,-2192.154
2026-08-17 07:44:52.950,obj002,262.928,90.100,-1898.760
2026-08-17 07:44:52.950,obj003,996.594,90.100,-2876.066
2026-08-17 07:44:52.950,obj004,523.217,90.097,-2285.972
2026-08-17 07:44:52.966,obj001,1224.153,90.100,-2192.154
2026-08-17 07:44:52.966,obj002,262.928,90.100,-1898.760
2026-08-17 07:44:52.966,obj003,996.594,90.100,-2876.066
2026-08-17 07:44:52.966,obj004,523.217,90.097,-2285.972
2026-08-17 07:44:52.983,obj001,1228.112,90.103,-2194.170
2026-08-17 07:44:52.983,obj002,265.222,90.100,-1902.565
2026-08-17 07:44:52.983,obj003,996.116,90.100,-2871.648
2026-08-17 07:44:52.983,obj004,520.939,90.099,-2282.163
2026-08-17 07:44:53.000,obj001,1228.112,90.103,-2194.170
2026-08-17 07:44:53.000,obj002,265.222,90.100,-1902.565
2026-08-17 07:44:53.000,obj003,996.116,90.100,-2871.648
2026-08-17 07:44:53.000,obj004,520.939,90.099,-2282.163
2026-08-17 07:44:53.016,obj001,1232.072,90.101,-2196.185
2026-08-17 07:44:53.016,obj002,267.517,90.100,-1906.370
2026-08-17 07:44:53.016,obj003,995.638,90.100,-2867.231
2026-08-17 07:44:53.016,obj004,518.656,90.100,-2278.349
2026-08-17 07:44:53.033,obj001,1232.072,90.101,-2196.185
2026-08-17 07:44:53.033,obj002,267.517,90.100,-1906.370
2026-08-17 07:44:53.033,obj003,995.638,90.100,-2867.231
2026-08-17 07:44:53.033,obj004,518.656,90.100,-2278.349
2026-08-17 07:44:53.050,obj001,1236.032,90.100,-2198.201
2026-08-17 07:44:53.050,obj002,269.811,90.100,-1910.175
2026-08-17 07:44:53.050,obj003,995.160,90.100,-2862.813
2026-08-17 07:44:53.050,obj004,516.376,90.100,-2274.537
2026-08-17 07:44:53.066,obj001,1238.044,90.100,-2199.225
2026-08-17 07:44:53.066,obj002,270.940,90.100,-1912.046
2026-08-17 07:44:53.066,obj003,994.917,90.100,-2860.569
2026-08-17 07:44:53.066,obj004,515.216,90.097,-2272.599
2026-08-17 07:44:53.083,obj001,1239.992,90.100,-2200.216
2026-08-17 07:44:53.083,obj002,272.106,90.100,-1913.980
2026-08-17 07:44:53.083,obj003,994.682,90.100,-2858.396
2026-08-17 07:44:53.083,obj004,514.094,90.098,-2270.723
2026-08-17 07:44:53.100,obj001,1242.004,90.100,-2201.240
2026-08-17 07:44:53.100,obj002,273.234,90.100,-1915.851
2026-08-17 07:44:53.100,obj003,994.439,90.100,-2856.152
2026-08-17 07:44:53.100,obj004,512.935,90.099,-2268.787
2026-08-17 07:44:53.116,obj001,1243.952,90.097,-2202.232
2026-08-17 07:44:53.116,obj002,274.400,90.100,-1917.784
2026-08-17 07:44:53.116,obj003,994.204,90.100,-2853.978
2026-08-17 07:44:53.116,obj004,511.814,90.100,-2266.912
2026-08-17 07:44:53.133,obj001,1245.964,90.099,-2203.256
2026-08-17 07:44:53.133,obj002,275.529,90.100,-1919.656
2026-08-17 07:44:53.133,obj003,993.961,90.100,-2851.734
2026-08-17 07:44:53.133,obj004,510.655,90.100,-2264.975
2026-08-17 07:44:53.150,obj001,1247.912,90.099,-2204.248
2026-08-17 07:44:53.150,obj002,276.694,90.100,-1921.589
2026-08-17 07:44:53.150,obj003,993.725,90.100,-2849.561
2026-08-17 07:44:53.150,obj004,509.532,90.096,-2263.097
2026-08-17 07:44:53.166,obj001,1249.923,90.100,-2205.271
2026-08-17 07:44:53.166,obj002,277.823,90.100,-1923.461
2026-08-17 07:44:53.166,obj003,993.482,90.100,-2847.317
2026-08-17 07:44:53.166,obj004,508.373,90.098,-2261.161
2026-08-17 07:44:53.183,obj001,1251.871,90.100,-2206.263
2026-08-17 07:44:53.183,obj002,278.989,90.100,-1925.394
2026-08-17 07:44:53.183,obj003,993.247,90.100,-2845.143
2026-08-17 07:44:53.183,obj004,507.251,90.099,-2259.285
2026-08-17 07:44:53.200,obj001,1251.871,90.100,-2206.263
2026-08-17 07:44:53.200,obj002,278.989,90.100,-1925.394
2026-08-17 07:44:53.200,obj003,993.247,90.100,-2845.143
2026-08-17 07:44:53.200,obj004,507.251,90.099,-2259.285
2026-08-17 07:44:53.216,obj001,1255.831,90.099,-2208.278
2026-08-17 07:44:53.216,obj002,281.283,90.100,-1929.199
2026-08-17 07:44:53.216,obj003,992.769,90.100,-2840.726
2026-08-17 07:44:53.216,obj004,504.970,90.100,-2255.472
2026-08-17 07:44:53.233,obj001,1257.843,90.098,-2209.302
2026-08-17 07:44:53.233,obj002,282.412,90.100,-1931.070
2026-08-17 07:44:53.233,obj003,992.526,90.100,-2838.482
2026-08-17 07:44:53.233,obj004,503.811,90.100,-2253.535
2026-08-17 07:44:53.250,obj001,1259.791,90.099,-2210.294
2026-08-17 07:44:53.250,obj002,283.578,90.100,-1933.004
2026-08-17 07:44:53.250,obj003,992.291,90.100,-2836.308
2026-08-17 07:44:53.250,obj004,502.688,90.096,-2251.659
2026-08-17 07:44:53.266,obj001,1261.802,90.099,-2211.318
2026-08-17 07:44:53.266,obj002,284.706,90.100,-1934.875
2026-08-17 07:44:53.266,obj003,992.048,90.100,-2834.064
2026-08-17 07:44:53.266,obj004,501.529,90.098,-2249.722
2026-08-17 07:44:53.283,obj001,1263.750,90.099,-2212.310
2026-08-17 07:44:53.283,obj002,285.872,90.100,-1936.808
2026-08-17 07:44:53.283,obj003,991.813,90.100,-2831.891
2026-08-17 07:44:53.283,obj004,500.407,90.099,-2247.846
2026-08-17 07:44:53.300,obj001,1265.762,90.098,-2213.334
2026-08-17 07:44:53.300,obj002,287.001,90.100,-1938.680
2026-08-17 07:44:53.300,obj003,991.570,90.100,-2829.647
2026-08-17 07:44:53.300,obj004,499.248,90.099,-2245.909
2026-08-17 07:44:53.316,obj001,1267.709,90.099,-2214.327
2026-08-17 07:44:53.316,obj002,288.167,90.100,-1940.613
2026-08-17 07:44:53.316,obj003,991.335,90.100,-2827.474
2026-08-17 07:44:53.316,obj004,498.126,90.100,-2244.034
2026-08-17 07:44:53.333,obj001,1267.709,90.099,-2214.327
2026-08-17 07:44:53.333,obj002,288.167,90.100,-1940.613
2026-08-17 07:44:53.333,obj003,991.335,90.100,-2827.474
2026-08-17 07:44:53.333,obj004,498.126,90.100,-2244.034
2026-08-17 07:44:53.350,obj001,1271.667,90.100,-2216.342
2026-08-17 07:44:53.350,obj002,290.461,90.100,-1944.418
2026-08-17 07:44:53.350,obj003,990.856,90.100,-2823.056
2026-08-17 07:44:53.350,obj004,495.845,90.099,-2240.220
2026-08-17 07:44:53.366,obj001,1271.667,90.100,-2216.342
2026-08-17 07:44:53.366,obj002,290.461,90.100,-1944.418
2026-08-17 07:44:53.366,obj003,990.856,90.100,-2823.056
2026-08-17 07:44:53.366,obj004,495.845,90.099,-2240.220
2026-08-17 07:44:53.383,obj001,1275.628,90.100,-2218.357
2026-08-17 07:44:53.383,obj002,292.755,90.100,-1948.223
2026-08-17 07:44:53.383,obj003,990.378,90.100,-2818.639
2026-08-17 07:44:53.383,obj004,493.565,90.100,-2236.409
2026-08-17 07:44:53.400,obj001,1277.639,90.100,-2219.381
2026-08-17 07:44:53.400,obj002,293.884,90.100,-1950.095
2026-08-17 07:44:53.400,obj003,990.135,90.100,-2816.394
2026-08-17 07:44:53.400,obj004,492.406,90.100,-2234.472
2026-08-17 07:44:53.416,obj001,1279.587,90.100,-2220.373
2026-08-17 07:44:53.416,obj002,295.050,90.100,-1952.028
2026-08-17 07:44:53.416,obj003,989.900,90.100,-2814.221
2026-08-17 07:44:53.416,obj004,491.283,90.098,-2232.595
2026-08-17 07:44:53.433,obj001,1281.599,90.100,-2221.397
2026-08-17 07:44:53.433,obj002,296.179,90.100,-1953.899
2026-08-17 07:44:53.433,obj003,989.657,90.100,-2811.977
2026-08-17 07:44:53.433,obj004,490.124,90.099,-2230.658
2026-08-17 07:44:53.450,obj001,1283.547,90.100,-2222.388
2026-08-17 07:44:53.450,obj002,297.344,90.100,-1955.832
2026-08-17 07:44:53.450,obj003,989.422,90.100,-2809.804
2026-08-17 07:44:53.450,obj004,489.002,90.100,-2228.783
2026-08-17 07:44:53.466,obj001,1285.559,90.100,-2223.412
2026-08-17 07:44:53.466,obj002,298.473,90.100,-1957.704
2026-08-17 07:44:53.466,obj003,989.179,90.099,-2807.559
2026-08-17 07:44:53.466,obj004,487.843,90.100,-2226.846
2026-08-17 07:44:53.483,obj001,1287.507,90.100,-2224.404
2026-08-17 07:44:53.483,obj002,299.639,90.100,-1959.637
2026-08-17 07:44:53.483,obj003,988.943,90.099,-2805.386
2026-08-17 07:44:53.483,obj004,486.721,90.100,-2224.970
2026-08-17 07:44:53.500,obj001,1289.519,90.100,-2225.427
2026-08-17 07:44:53.500,obj002,300.767,90.100,-1961.509
2026-08-17 07:44:53.500,obj003,988.700,90.100,-2803.142
2026-08-17 07:44:53.500,obj004,485.562,90.100,-2223.033
2026-08-17 07:44:53.516,obj001,1291.466,90.100,-2226.419
2026-08-17 07:44:53.516,obj002,301.933,90.100,-1963.442
2026-08-17 07:44:53.516,obj003,988.465,90.100,-2800.970
2026-08-17 07:44:53.516,obj004,484.440,90.100,-2221.157
2026-08-17 07:44:53.533,obj001,1293.478,90.100,-2227.443
2026-08-17 07:44:53.533,obj002,303.062,90.100,-1965.314
2026-08-17 07:44:53.533,obj003,988.222,90.100,-2798.725
2026-08-17 07:44:53.533,obj004,483.281,90.100,-2219.220
2026-08-17 07:44:53.550,obj001,1295.426,90.100,-2228.434
2026-08-17 07:44:53.550,obj002,304.228,90.100,-1967.247
2026-08-17 07:44:53.550,obj003,987.987,90.100,-2796.552
2026-08-17 07:44:53.550,obj004,482.159,90.095,-2217.343
2026-08-17 07:44:53.566,obj001,1297.438,90.100,-2229.458
2026-08-17 07:44:53.566,obj002,305.356,90.100,-1969.119
2026-08-17 07:44:53.566,obj003,987.744,90.100,-2794.308
2026-08-17 07:44:53.566,obj004,481.000,90.097,-2215.406
2026-08-17 07:44:53.583,obj001,1299.386,90.100,-2230.450
2026-08-17 07:44:53.583,obj002,306.522,90.100,-1971.052
2026-08-17 07:44:53.583,obj003,987.509,90.100,-2792.135
2026-08-17 07:44:53.583,obj004,479.878,90.099,-2213.531
2026-08-17 07:44:53.600,obj001,1301.398,90.100,-2231.474
2026-08-17 07:44:53.600,obj002,307.651,90.100,-1972.923
2026-08-17 07:44:53.600,obj003,987.266,90.100,-2789.891
2026-08-17 07:44:53.600,obj004,478.719,90.099,-2211.594
2026-08-17 07:44:53.616,obj001,1303.346,90.100,-2232.465
2026-08-17 07:44:53.616,obj002,308.816,90.100,-1974.856
2026-08-17 07:44:53.616,obj003,987.030,90.100,-2787.717
2026-08-17 07:44:53.616,obj004,477.597,90.100,-2209.718
2026-08-17 07:44:53.633,obj001,1303.346,90.100,-2232.465
2026-08-17 07:44:53.633,obj002,308.816,90.100,-1974.856
2026-08-17 07:44:53.633,obj003,987.030,90.100,-2787.717
2026-08-17 07:44:53.633,obj004,477.597,90.100,-2209.718
2026-08-17 07:44:53.650,obj001,1307.305,90.100,-2234.480
2026-08-17 07:44:53.650,obj002,311.111,90.100,-1978.661
2026-08-17 07:44:53.650,obj003,986.552,90.100,-2783.300
2026-08-17 07:44:53.650,obj004,475.316,90.100,-2205.906
2026-08-17 07:44:53.666,obj001,1309.317,90.100,-2235.504
2026-08-17 07:44:53.666,obj002,312.240,90.100,-1980.533
2026-08-17 07:44:53.666,obj003,986.309,90.101,-2781.056
2026-08-17 07:44:53.666,obj004,474.157,90.100,-2203.968
2026-08-17 07:44:53.683,obj001,1311.265,90.100,-2236.496
2026-08-17 07:44:53.683,obj002,313.405,90.100,-1982.466
2026-08-17 07:44:53.683,obj003,986.073,90.100,-2778.883
2026-08-17 07:44:53.683,obj004,473.035,90.100,-2202.093
2026-08-17 07:44:53.700,obj001,1313.277,90.100,-2237.520
2026-08-17 07:44:53.700,obj002,314.534,90.100,-1984.338
2026-08-17 07:44:53.700,obj003,985.830,90.100,-2776.639
2026-08-17 07:44:53.700,obj004,471.876,90.100,-2200.155
2026-08-17 07:44:53.716,obj001,1315.225,90.100,-2238.511
2026-08-17 07:44:53.716,obj002,315.700,90.100,-1986.271
2026-08-17 07:44:53.716,obj003,985.595,90.100,-2774.465
2026-08-17 07:44:53.716,obj004,470.753,90.100,-2198.280
2026-08-17 07:44:53.733,obj001,1317.237,90.100,-2239.535
2026-08-17 07:44:53.733,obj002,316.828,90.100,-1988.143
2026-08-17 07:44:53.733,obj003,985.352,90.100,-2772.221
2026-08-17 07:44:53.733,obj004,469.594,90.100,-2196.342
2026-08-17 07:44:53.750,obj001,1319.184,90.100,-2240.527
2026-08-17 07:44:53.750,obj002,317.994,90.100,-1990.076
2026-08-17 07:44:53.750,obj003,985.116,90.100,-2770.048
2026-08-17 07:44:53.750,obj004,468.472,90.100,-2194.467
2026-08-17 07:44:53.766,obj001,1319.184,90.100,-2240.527
2026-08-17 07:44:53.766,obj002,317.994,90.100,-1990.076
2026-08-17 07:44:53.766,obj003,985.116,90.100,-2770.048
2026-08-17 07:44:53.766,obj004,468.472,90.100,-2194.467
2026-08-17 07:44:53.783,obj001,1323.144,90.100,-2242.542
2026-08-17 07:44:53.783,obj002,320.289,90.100,-1993.881
2026-08-17 07:44:53.783,obj003,984.638,90.100,-2765.631
2026-08-17 07:44:53.783,obj004,466.191,90.100,-2190.654
2026-08-17 07:44:53.800,obj001,1325.156,90.100,-2243.566
2026-08-17 07:44:53.800,obj002,321.417,90.100,-1995.752
2026-08-17 07:44:53.800,obj003,984.395,90.100,-2763.386
2026-08-17 07:44:53.800,obj004,465.032,90.100,-2188.716
2026-08-17 07:44:53.816,obj001,1327.104,90.100,-2244.557
2026-08-17 07:44:53.816,obj002,322.583,90.100,-1997.685
2026-08-17 07:44:53.816,obj003,984.159,90.099,-2761.214
2026-08-17 07:44:53.816,obj004,463.910,90.100,-2186.841
2026-08-17 07:44:53.833,obj001,1329.116,90.100,-2245.581
2026-08-17 07:44:53.833,obj002,323.712,90.100,-1999.557
2026-08-17 07:44:53.833,obj003,983.916,90.100,-2758.969
2026-08-17 07:44:53.833,obj004,462.751,90.100,-2184.903
2026-08-17 07:44:53.850,obj001,1331.064,90.100,-2246.573
2026-08-17 07:44:53.850,obj002,324.878,90.100,-2001.490
2026-08-17 07:44:53.850,obj003,983.681,90.100,-2756.796
2026-08-17 07:44:53.850,obj004,461.629,90.100,-2183.028
2026-08-17 07:44:53.866,obj001,1331.064,90.100,-2246.573
2026-08-17 07:44:53.866,obj002,324.878,90.100,-2001.490
2026-08-17 07:44:53.866,obj003,983.681,90.100,-2756.796
2026-08-17 07:44:53.866,obj004,461.629,90.100,-2183.028
2026-08-17 07:44:53.883,obj001,1335.023,90.100,-2248.588
2026-08-17 07:44:53.883,obj002,327.172,90.100,-2005.295
2026-08-17 07:44:53.883,obj003,983.203,90.100,-2752.379
2026-08-17 07:44:53.883,obj004,459.348,90.100,-2179.215
2026-08-17 07:44:53.900,obj001,1337.035,90.100,-2249.612
2026-08-17 07:44:53.900,obj002,328.301,90.100,-2007.167
2026-08-17 07:44:53.900,obj003,982.960,90.100,-2750.134
2026-08-17 07:44:53.900,obj004,458.189,90.100,-2177.277
2026-08-17 07:44:53.916,obj001,1338.983,90.100,-2250.604
2026-08-17 07:44:53.916,obj002,329.466,90.100,-2009.100
2026-08-17 07:44:53.916,obj003,982.724,90.100,-2747.961
2026-08-17 07:44:53.916,obj004,457.066,90.100,-2175.402
2026-08-17 07:44:53.933,obj001,1340.995,90.100,-2251.627
2026-08-17 07:44:53.933,obj002,330.595,90.100,-2010.971
2026-08-17 07:44:53.933,obj003,982.482,90.110,-2745.720
2026-08-17 07:44:53.933,obj004,455.907,90.100,-2173.464
2026-08-17 07:44:53.950,obj001,1342.943,90.100,-2252.619
2026-08-17 07:44:53.950,obj002,331.761,90.100,-2012.905
2026-08-17 07:44:53.950,obj003,982.248,90.104,-2743.547
2026-08-17 07:44:53.950,obj004,454.785,90.100,-2171.589
2026-08-17 07:44:53.966,obj001,1344.955,90.100,-2253.643
2026-08-17 07:44:53.966,obj002,332.890,90.100,-2014.776
2026-08-17 07:44:53.966,obj003,982.005,90.102,-2741.298
2026-08-17 07:44:53.966,obj004,453.626,90.100,-2169.651
2026-08-17 07:44:53.983,obj001,1346.903,90.100,-2254.634
2026-08-17 07:44:53.983,obj002,334.055,90.100,-2016.709
2026-08-17 07:44:53.983,obj003,981.769,90.101,-2739.121
2026-08-17 07:44:53.983,obj004,452.504,90.100,-2167.776
2026-08-17 07:44:54.000,obj001,1346.903,90.100,-2254.634
2026-08-17 07:44:54.000,obj002,334.055,90.100,-2016.709
2026-08-17 07:44:54.000,obj003,981.769,90.101,-2739.121
2026-08-17 07:44:54.000,obj004,452.504,90.100,-2167.776
2026-08-17 07:44:54.016,obj001,1350.862,90.100,-2256.650
2026-08-17 07:44:54.016,obj002,336.350,90.100,-2020.514
2026-08-17 07:44:54.016,obj003,981.292,90.100,-2734.708
2026-08-17 07:44:54.016,obj004,450.223,90.100,-2163.963
2026-08-17 07:44:54.033,obj001,1350.862,90.100,-2256.650
2026-08-17 07:44:54.033,obj002,336.350,90.100,-2020.514
2026-08-17 07:44:54.033,obj003,981.292,90.100,-2734.708
2026-08-17 07:44:54.033,obj004,450.223,90.100,-2163.963
2026-08-17 07:44:54.050,obj001,1354.822,90.100,-2258.665
2026-08-17 07:44:54.050,obj002,338.644,90.100,-2024.319
2026-08-17 07:44:54.050,obj003,980.813,90.100,-2730.288
2026-08-17 07:44:54.050,obj004,447.942,90.100,-2160.150
2026-08-17 07:44:54.066,obj001,1356.834,90.100,-2259.689
2026-08-17 07:44:54.066,obj002,339.773,90.100,-2026.191
2026-08-17 07:44:54.066,obj003,980.570,90.100,-2728.044
2026-08-17 07:44:54.066,obj004,446.783,90.100,-2158.212
2026-08-17 07:44:54.083,obj001,1358.782,90.100,-2260.680
2026-08-17 07:44:54.083,obj002,340.939,90.100,-2028.124
2026-08-17 07:44:54.083,obj003,980.335,90.100,-2725.872
2026-08-17 07:44:54.083,obj004,445.660,90.100,-2156.337
2026-08-17 07:44:54.100,obj001,1360.794,90.100,-2261.704
2026-08-17 07:44:54.100,obj002,342.067,90.100,-2029.996
2026-08-17 07:44:54.100,obj003,980.092,90.100,-2723.627
2026-08-17 07:44:54.100,obj004,444.501,90.100,-2154.399
2026-08-17 07:44:54.116,obj001,1362.741,90.100,-2262.696
2026-08-17 07:44:54.116,obj002,343.233,90.100,-2031.929
2026-08-17 07:44:54.116,obj003,979.857,90.105,-2721.455
2026-08-17 07:44:54.116,obj004,443.379,90.100,-2152.524
2026-08-17 07:44:54.133,obj001,1364.753,90.100,-2263.720
2026-08-17 07:44:54.133,obj002,344.362,90.100,-2033.800
2026-08-17 07:44:54.133,obj003,979.614,90.102,-2719.211
2026-08-17 07:44:54.133,obj004,442.220,90.100,-2150.586
2026-08-17 07:44:54.150,obj001,1366.701,90.100,-2264.711
2026-08-17 07:44:54.150,obj002,345.527,90.100,-2035.733
2026-08-17 07:44:54.150,obj003,979.379,90.101,-2717.038
2026-08-17 07:44:54.150,obj004,441.098,90.100,-2148.711
2026-08-17 07:44:54.166,obj001,1366.701,90.100,-2264.711
2026-08-17 07:44:54.166,obj002,345.527,90.100,-2035.733
2026-08-17 07:44:54.166,obj003,979.379,90.101,-2717.038
2026-08-17 07:44:54.166,obj004,441.098,90.100,-2148.711
2026-08-17 07:44:54.183,obj001,1370.661,90.100,-2266.727
2026-08-17 07:44:54.183,obj002,347.822,90.100,-2039.538
2026-08-17 07:44:54.183,obj003,978.901,90.100,-2712.620
2026-08-17 07:44:54.183,obj004,438.817,90.100,-2144.898
2026-08-17 07:44:54.200,obj001,1372.673,90.100,-2267.750
2026-08-17 07:44:54.200,obj002,348.951,90.100,-2041.410
2026-08-17 07:44:54.200,obj003,978.658,90.100,-2710.375
2026-08-17 07:44:54.200,obj004,437.658,90.100,-2142.960
2026-08-17 07:44:54.216,obj001,1374.621,90.100,-2268.742
2026-08-17 07:44:54.216,obj002,350.116,90.100,-2043.343
2026-08-17 07:44:54.216,obj003,978.422,90.100,-2708.202
2026-08-17 07:44:54.216,obj004,436.536,90.100,-2141.085
2026-08-17 07:44:54.233,obj001,1376.632,90.100,-2269.766
2026-08-17 07:44:54.233,obj002,351.245,90.100,-2045.215
2026-08-17 07:44:54.233,obj003,978.180,90.100,-2705.958
2026-08-17 07:44:54.233,obj004,435.377,90.100,-2139.148
2026-08-17 07:44:54.250,obj001,1378.580,90.100,-2270.757
2026-08-17 07:44:54.250,obj002,352.411,90.100,-2047.148
2026-08-17 07:44:54.250,obj003,977.944,90.100,-2703.785
2026-08-17 07:44:54.250,obj004,434.254,90.100,-2137.272
2026-08-17 07:44:54.266,obj001,1380.592,90.100,-2271.781
2026-08-17 07:44:54.266,obj002,353.539,90.100,-2049.019
2026-08-17 07:44:54.266,obj003,977.701,90.100,-2701.540
2026-08-17 07:44:54.266,obj004,433.095,90.100,-2135.335
2026-08-17 07:44:54.283,obj001,1382.540,90.100,-2272.773
2026-08-17 07:44:54.283,obj002,354.705,90.100,-2050.953
2026-08-17 07:44:54.283,obj003,977.466,90.100,-2699.367
2026-08-17 07:44:54.283,obj004,431.973,90.100,-2133.459
2026-08-17 07:44:54.300,obj001,1384.552,90.100,-2273.797
2026-08-17 07:44:54.300,obj002,355.834,90.100,-2052.824
2026-08-17 07:44:54.300,obj003,977.223,90.100,-2697.123
2026-08-17 07:44:54.300,obj004,430.814,90.100,-2131.522
2026-08-17 07:44:54.316,obj001,1386.500,90.100,-2274.788
2026-08-17 07:44:54.316,obj002,357.000,90.100,-2054.757
2026-08-17 07:44:54.316,obj003,976.988,90.100,-2694.950
2026-08-17 07:44:54.316,obj004,429.692,90.100,-2129.646
2026-08-17 07:44:54.333,obj001,1386.500,90.100,-2274.788
2026-08-17 07:44:54.333,obj002,357.000,90.100,-2054.757
2026-08-17 07:44:54.333,obj003,976.988,90.100,-2694.950
2026-08-17 07:44:54.333,obj004,429.692,90.100,-2129.646
2026-08-17 07:44:54.350,obj001,1390.459,90.100,-2276.803
2026-08-17 07:44:54.350,obj002,359.294,90.100,-2058.562
2026-08-17 07:44:54.350,obj003,976.510,90.100,-2690.532
2026-08-17 07:44:54.350,obj004,427.411,90.100,-2125.833
2026-08-17 07:44:54.366,obj001,1390.459,90.100,-2276.803
2026-08-17 07:44:54.366,obj002,359.294,90.100,-2058.562
2026-08-17 07:44:54.366,obj003,976.510,90.100,-2690.532
2026-08-17 07:44:54.366,obj004,427.411,90.100,-2125.833
2026-08-17 07:44:54.383,obj001,1394.419,90.100,-2278.819
2026-08-17 07:44:54.383,obj002,361.588,90.100,-2062.367
2026-08-17 07:44:54.383,obj003,976.031,90.100,-2686.115
2026-08-17 07:44:54.383,obj004,425.130,90.100,-2122.020
2026-08-17 07:44:54.400,obj001,1394.419,90.100,-2278.819
2026-08-17 07:44:54.400,obj002,361.588,90.100,-2062.367
2026-08-17 07:44:54.400,obj003,976.031,90.100,-2686.115
2026-08-17 07:44:54.400,obj004,425.130,90.100,-2122.020
2026-08-17 07:44:54.416,obj001,1398.379,90.100,-2280.834
2026-08-17 07:44:54.416,obj002,363.883,90.100,-2066.171
2026-08-17 07:44:54.416,obj003,975.553,90.100,-2681.697
2026-08-17 07:44:54.416,obj004,422.849,90.100,-2118.207
2026-08-17 07:44:54.433,obj001,1400.391,90.100,-2281.858
2026-08-17 07:44:54.433,obj002,365.012,90.100,-2068.043
2026-08-17 07:44:54.433,obj003,975.310,90.100,-2679.453
2026-08-17 07:44:54.433,obj004,421.689,90.100,-2116.270
2026-08-17 07:44:54.450,obj001,1402.339,90.100,-2282.850
2026-08-17 07:44:54.450,obj002,366.177,90.100,-2069.976
2026-08-17 07:44:54.450,obj003,975.075,90.099,-2677.280
2026-08-17 07:44:54.450,obj004,420.567,90.100,-2114.394
2026-08-17 07:44:54.466,obj001,1404.350,90.100,-2283.874
2026-08-17 07:44:54.466,obj002,367.306,90.100,-2071.848
2026-08-17 07:44:54.466,obj003,974.832,90.099,-2675.036
2026-08-17 07:44:54.466,obj004,419.408,90.100,-2112.457
2026-08-17 07:44:54.483,obj001,1406.298,90.100,-2284.865
2026-08-17 07:44:54.483,obj002,368.472,90.100,-2073.781
2026-08-17 07:44:54.483,obj003,974.597,90.100,-2672.863
2026-08-17 07:44:54.483,obj004,418.286,90.100,-2110.581
2026-08-17 07:44:54.500,obj001,1408.310,90.100,-2285.889
2026-08-17 07:44:54.500,obj002,367.958,90.100,-2074.425
2026-08-17 07:44:54.500,obj003,974.354,90.100,-2670.618
2026-08-17 07:44:54.500,obj004,418.771,90.100,-2109.871
2026-08-17 07:44:54.516,obj001,1410.258,90.100,-2286.880
2026-08-17 07:44:54.516,obj002,365.828,90.100,-2073.806
2026-08-17 07:44:54.516,obj003,974.119,90.100,-2668.445
2026-08-17 07:44:54.516,obj004,420.877,90.100,-2110.429
2026-08-17 07:44:54.533,obj001,1410.258,90.100,-2286.880
2026-08-17 07:44:54.533,obj002,365.828,90.100,-2073.806
2026-08-17 07:44:54.533,obj003,974.119,90.100,-2668.445
2026-08-17 07:44:54.533,obj004,420.877,90.100,-2110.429
2026-08-17 07:44:54.550,obj001,1414.218,90.100,-2288.896
2026-08-17 07:44:54.550,obj002,361.775,90.100,-2072.630
2026-08-17 07:44:54.550,obj003,973.639,90.097,-2664.027
2026-08-17 07:44:54.550,obj004,424.880,90.100,-2111.488
2026-08-17 07:44:54.566,obj001,1416.230,90.100,-2289.920
2026-08-17 07:44:54.566,obj002,359.852,90.100,-2072.071
2026-08-17 07:44:54.566,obj003,973.397,90.099,-2661.785
2026-08-17 07:44:54.566,obj004,426.778,90.100,-2111.990
2026-08-17 07:44:54.583,obj001,1418.177,90.100,-2290.911
2026-08-17 07:44:54.583,obj002,357.997,90.100,-2071.533
2026-08-17 07:44:54.583,obj003,973.162,90.099,-2659.614
2026-08-17 07:44:54.583,obj004,428.607,90.100,-2112.474
2026-08-17 07:44:54.600,obj001,1418.177,90.100,-2290.911
2026-08-17 07:44:54.600,obj002,357.997,90.100,-2071.533
2026-08-17 07:44:54.600,obj003,973.162,90.099,-2659.614
2026-08-17 07:44:54.600,obj004,428.607,90.100,-2112.474
2026-08-17 07:44:54.616,obj001,1422.137,90.100,-2292.927
2026-08-17 07:44:54.616,obj002,354.492,90.100,-2070.515
2026-08-17 07:44:54.616,obj003,972.683,90.100,-2655.194
2026-08-17 07:44:54.616,obj004,432.059,90.100,-2113.388
2026-08-17 07:44:54.633,obj001,1424.149,90.100,-2293.950
2026-08-17 07:44:54.633,obj002,352.842,90.100,-2070.036
2026-08-17 07:44:54.633,obj003,972.440,90.100,-2652.951
2026-08-17 07:44:54.633,obj004,433.682,90.100,-2113.818
2026-08-17 07:44:54.650,obj001,1422.007,90.100,-2293.238
2026-08-17 07:44:54.650,obj002,351.260,90.100,-2069.577
2026-08-17 07:44:54.650,obj003,972.205,90.100,-2650.778
2026-08-17 07:44:54.650,obj004,435.237,90.100,-2114.229
2026-08-17 07:44:54.666,obj001,1419.933,90.100,-2292.547
2026-08-17 07:44:54.666,obj002,349.746,90.100,-2069.138
2026-08-17 07:44:54.666,obj003,971.962,90.100,-2648.534
2026-08-17 07:44:54.666,obj004,436.723,90.100,-2114.622
2026-08-17 07:44:54.683,obj001,1417.791,90.100,-2291.834
2026-08-17 07:44:54.683,obj002,348.300,90.100,-2068.718
2026-08-17 07:44:54.683,obj003,971.727,90.100,-2646.360
2026-08-17 07:44:54.683,obj004,438.141,90.100,-2114.998
2026-08-17 07:44:54.700,obj001,1415.717,90.100,-2291.144
2026-08-17 07:44:54.700,obj002,348.300,90.100,-2068.718
2026-08-17 07:44:54.700,obj003,971.484,90.100,-2644.116
2026-08-17 07:44:54.700,obj004,438.141,90.100,-2114.998
2026-08-17 07:44:54.716,obj001,1413.575,90.100,-2290.431
2026-08-17 07:44:54.716,obj002,348.300,90.100,-2068.718
2026-08-17 07:44:54.716,obj003,971.249,90.100,-2641.943
2026-08-17 07:44:54.716,obj004,438.141,90.100,-2114.998
2026-08-17 07:44:54.733,obj001,1411.502,90.100,-2289.741
2026-08-17 07:44:54.733,obj002,348.300,90.100,-2068.719
2026-08-17 07:44:54.733,obj003,971.006,90.100,-2639.699
2026-08-17 07:44:54.733,obj004,438.141,90.100,-2114.998
2026-08-17 07:44:54.750,obj001,1409.360,90.100,-2289.028
2026-08-17 07:44:54.750,obj002,348.300,90.100,-2068.718
2026-08-17 07:44:54.750,obj003,970.771,90.100,-2637.526
2026-08-17 07:44:54.750,obj004,438.141,90.100,-2114.997
2026-08-17 07:44:54.766,obj001,1407.286,90.100,-2288.338
2026-08-17 07:44:54.766,obj002,348.300,90.100,-2068.719
2026-08-17 07:44:54.766,obj003,970.528,90.101,-2635.282
2026-08-17 07:44:54.766,obj004,438.141,90.100,-2114.998
2026-08-17 07:44:54.783,obj001,1405.144,90.100,-2287.625
2026-08-17 07:44:54.783,obj002,348.300,90.100,-2068.718
2026-08-17 07:44:54.783,obj003,970.292,90.101,-2633.109
2026-08-17 07:44:54.783,obj004,438.141,90.100,-2114.997
2026-08-17 07:44:54.800,obj001,1405.144,90.100,-2287.625
2026-08-17 07:44:54.800,obj002,348.300,90.100,-2068.718
2026-08-17 07:44:54.800,obj003,970.292,90.101,-2633.109
2026-08-17 07:44:54.800,obj004,438.141,90.100,-2114.997
2026-08-17 07:44:54.816,obj001,1400.928,90.100,-2286.222
2026-08-17 07:44:54.816,obj002,348.300,90.100,-2068.718
2026-08-17 07:44:54.816,obj003,969.814,90.100,-2628.690
2026-08-17 07:44:54.816,obj004,438.141,90.100,-2114.998
2026-08-17 07:44:54.833,obj001,1398.854,90.100,-2285.532
2026-08-17 07:44:54.833,obj002,348.300,90.100,-2068.719
2026-08-17 07:44:54.833,obj003,969.571,90.100,-2626.446
2026-08-17 07:44:54.833,obj004,438.141,90.100,-2114.998
2026-08-17 07:44:54.850,obj001,1396.712,90.100,-2284.819
2026-08-17 07:44:54.850,obj002,348.300,90.100,-2068.717
2026-08-17 07:44:54.850,obj003,969.336,90.100,-2624.273
2026-08-17 07:44:54.850,obj004,438.141,90.100,-2114.997
2026-08-17 07:44:54.866,obj001,1394.638,90.100,-2284.129
2026-08-17 07:44:54.866,obj002,348.300,90.100,-2068.718
2026-08-17 07:44:54.866,obj003,969.093,90.100,-2622.029
2026-08-17 07:44:54.866,obj004,438.141,90.100,-2114.998
2026-08-17 07:44:54.883,obj001,1392.496,90.100,-2283.416
2026-08-17 07:44:54.883,obj002,348.300,90.100,-2068.718
2026-08-17 07:44:54.883,obj003,968.858,90.100,-2619.856
2026-08-17 07:44:54.883,obj004,438.141,90.100,-2114.997
2026-08-17 07:44:54.900,obj001,1390.422,90.100,-2282.726
2026-08-17 07:44:54.900,obj002,348.300,90.100,-2068.719
2026-08-17 07:44:54.900,obj003,968.615,90.102,-2617.612
2026-08-17 07:44:54.900,obj004,438.140,90.100,-2114.998
2026-08-17 07:44:54.916,obj001,1388.280,90.100,-2282.013
2026-08-17 07:44:54.916,obj002,348.300,90.100,-2068.717
2026-08-17 07:44:54.916,obj003,968.379,90.101,-2615.439
2026-08-17 07:44:54.916,obj004,438.141,90.100,-2114.997
2026-08-17 07:44:54.933,obj001,1386.207,90.100,-2281.323
2026-08-17 07:44:54.933,obj002,348.300,90.100,-2068.718
2026-08-17 07:44:54.933,obj003,968.136,90.100,-2613.194
2026-08-17 07:44:54.933,obj004,438.141,90.100,-2114.998
2026-08-17 07:44:54.950,obj001,1384.065,90.100,-2280.610
2026-08-17 07:44:54.950,obj002,348.300,90.100,-2068.718
2026-08-17 07:44:54.950,obj003,967.901,90.100,-2611.021
2026-08-17 07:44:54.950,obj004,438.141,90.100,-2114.998
2026-08-17 07:44:54.966,obj001,1384.065,90.100,-2280.610
2026-08-17 07:44:54.966,obj002,348.300,90.100,-2068.718
2026-08-17 07:44:54.966,obj003,967.901,90.100,-2611.021
2026-08-17 07:44:54.966,obj004,438.141,90.100,-2114.998
2026-08-17 07:44:54.983,obj001,1379.849,90.100,-2279.207
2026-08-17 07:44:54.983,obj002,348.300,90.100,-2068.717
2026-08-17 07:44:54.983,obj003,967.423,90.100,-2606.604
2026-08-17 07:44:54.983,obj004,438.141,90.100,-2114.997
2026-08-17 07:44:55.000,obj001,1377.775,90.100,-2278.517
2026-08-17 07:44:55.000,obj002,348.300,90.100,-2068.718
2026-08-17 07:44:55.000,obj003,967.180,90.100,-2604.359
2026-08-17 07:44:55.000,obj004,438.141,90.100,-2114.998
2026-08-17 07:44:55.016,obj001,1375.633,90.100,-2277.804
2026-08-17 07:44:55.016,obj002,348.300,90.100,-2068.718
2026-08-17 07:44:55.016,obj003,966.945,90.100,-2602.186
2026-08-17 07:44:55.016,obj004,438.141,90.100,-2114.998
2026-08-17 07:44:55.033,obj001,1375.633,90.100,-2277.804
2026-08-17 07:44:55.033,obj002,348.300,90.100,-2068.718
2026-08-17 07:44:55.033,obj003,966.945,90.100,-2602.186
2026-08-17 07:44:55.033,obj004,438.141,90.100,-2114.998
2026-08-17 07:44:55.050,obj001,1371.417,90.100,-2276.401
2026-08-17 07:44:55.050,obj002,348.300,90.100,-2068.718
2026-08-17 07:44:55.050,obj003,966.467,90.100,-2597.769
2026-08-17 07:44:55.050,obj004,438.141,90.100,-2114.997
2026-08-17 07:44:55.066,obj001,1369.343,90.100,-2275.710
2026-08-17 07:44:55.066,obj002,348.300,90.100,-2068.719
2026-08-17 07:44:55.066,obj003,966.224,90.100,-2595.525
2026-08-17 07:44:55.066,obj004,438.141,90.100,-2114.998
2026-08-17 07:44:55.083,obj001,1367.201,90.100,-2274.998
2026-08-17 07:44:55.083,obj002,348.300,90.100,-2068.717
2026-08-17 07:44:55.083,obj003,965.988,90.100,-2593.351
2026-08-17 07:44:55.083,obj004,438.141,90.100,-2114.997
2026-08-17 07:44:55.100,obj001,1365.127,90.100,-2274.307
2026-08-17 07:44:55.100,obj002,348.300,90.100,-2068.718
2026-08-17 07:44:55.100,obj003,965.745,90.100,-2591.107
2026-08-17 07:44:55.100,obj004,438.141,90.100,-2114.998
2026-08-17 07:44:55.116,obj001,1362.986,90.100,-2273.594
2026-08-17 07:44:55.116,obj002,348.300,90.100,-2068.718
2026-08-17 07:44:55.116,obj003,965.510,90.103,-2588.936
2026-08-17 07:44:55.116,obj004,438.141,90.100,-2114.998
2026-08-17 07:44:55.133,obj001,1362.986,90.100,-2273.594
2026-08-17 07:44:55.133,obj002,348.300,90.100,-2068.718
2026-08-17 07:44:55.133,obj003,965.510,90.103,-2588.936
2026-08-17 07:44:55.133,obj004,438.141,90.100,-2114.998
2026-08-17 07:44:55.150,obj001,1358.770,90.100,-2272.191
2026-08-17 07:44:55.150,obj002,348.300,90.100,-2068.718
2026-08-17 07:44:55.150,obj003,965.031,90.101,-2584.517
2026-08-17 07:44:55.150,obj004,438.141,90.100,-2114.997
2026-08-17 07:44:55.166,obj001,1356.696,90.100,-2271.501
2026-08-17 07:44:55.166,obj002,348.300,90.100,-2068.718
2026-08-17 07:44:55.166,obj003,964.788,90.100,-2582.273
2026-08-17 07:44:55.166,obj004,438.141,90.100,-2114.998
2026-08-17 07:44:55.183,obj001,1354.554,90.100,-2270.788
2026-08-17 07:44:55.183,obj002,348.300,90.100,-2068.718
2026-08-17 07:44:55.183,obj003,964.553,90.100,-2580.100
2026-08-17 07:44:55.183,obj004,438.141,90.100,-2114.998
2026-08-17 07:44:55.200,obj001,1354.554,90.100,-2270.788
2026-08-17 07:44:55.200,obj002,348.300,90.100,-2068.718
2026-08-17 07:44:55.200,obj003,964.553,90.100,-2580.100
2026-08-17 07:44:55.200,obj004,438.141,90.100,-2114.998
2026-08-17 07:44:55.216,obj001,1350.338,90.100,-2269.385
2026-08-17 07:44:55.216,obj002,348.300,90.100,-2068.718
2026-08-17 07:44:55.216,obj003,964.075,90.100,-2575.683
2026-08-17 07:44:55.216,obj004,438.141,90.100,-2114.998
2026-08-17 07:44:55.233,obj001,1350.338,90.100,-2269.385
2026-08-17 07:44:55.233,obj002,348.300,90.100,-2068.718
2026-08-17 07:44:55.233,obj003,964.075,90.100,-2575.683
2026-08-17 07:44:55.233,obj004,438.141,90.100,-2114.998
2026-08-17 07:44:55.250,obj001,1346.122,90.100,-2267.982
2026-08-17 07:44:55.250,obj002,348.300,90.100,-2068.718
2026-08-17 07:44:55.250,obj003,963.597,90.100,-2571.265
2026-08-17 07:44:55.250,obj004,438.141,90.100,-2114.997
2026-08-17 07:44:55.266,obj001,1344.048,90.100,-2267.292
2026-08-17 07:44:55.266,obj002,348.300,90.100,-2068.718
2026-08-17 07:44:55.266,obj003,963.354,90.100,-2569.021
2026-08-17 07:44:55.266,obj004,438.141,90.100,-2114.998
2026-08-17 07:44:55.283,obj001,1341.906,90.100,-2266.579
2026-08-17 07:44:55.283,obj002,348.300,90.100,-2068.718
2026-08-17 07:44:55.283,obj003,963.118,90.103,-2566.849
2026-08-17 07:44:55.283,obj004,438.141,90.100,-2114.998
2026-08-17 07:44:55.300,obj001,1339.833,90.100,-2265.889
2026-08-17 07:44:55.300,obj002,348.300,90.100,-2068.718
2026-08-17 07:44:55.300,obj003,962.875,90.101,-2564.604
2026-08-17 07:44:55.300,obj004,438.141,90.100,-2114.998
2026-08-17 07:44:55.316,obj001,1337.691,90.100,-2265.176
2026-08-17 07:44:55.316,obj002,348.300,90.100,-2068.718
2026-08-17 07:44:55.316,obj003,962.640,90.101,-2562.431
2026-08-17 07:44:55.316,obj004,438.141,90.100,-2114.998
2026-08-17 07:44:55.333,obj001,1337.691,90.100,-2265.176
2026-08-17 07:44:55.333,obj002,348.300,90.100,-2068.718
2026-08-17 07:44:55.333,obj003,962.640,90.101,-2562.431
2026-08-17 07:44:55.333,obj004,438.141,90.100,-2114.998
2026-08-17 07:44:55.350,obj001,1333.475,90.100,-2263.773
2026-08-17 07:44:55.350,obj002,348.300,90.100,-2068.718
2026-08-17 07:44:55.350,obj003,962.162,90.100,-2558.014
2026-08-17 07:44:55.350,obj004,438.141,90.100,-2114.998
2026-08-17 07:44:55.366,obj001,1333.475,90.100,-2263.773
2026-08-17 07:44:55.366,obj002,348.300,90.100,-2068.718
2026-08-17 07:44:55.366,obj003,962.162,90.100,-2558.014
2026-08-17 07:44:55.366,obj004,438.141,90.100,-2114.998
2026-08-17 07:44:55.383,obj001,1329.259,90.100,-2262.370
2026-08-17 07:44:55.383,obj002,348.300,90.100,-2068.718
2026-08-17 07:44:55.383,obj003,961.684,90.100,-2553.596
2026-08-17 07:44:55.383,obj004,438.141,90.100,-2114.997
2026-08-17 07:44:55.400,obj001,1329.259,90.100,-2262.370
2026-08-17 07:44:55.400,obj002,348.300,90.100,-2068.718
2026-08-17 07:44:55.400,obj003,961.684,90.100,-2553.596
2026-08-17 07:44:55.400,obj004,438.141,90.100,-2114.997
2026-08-17 07:44:55.416,obj001,1325.043,90.100,-2260.967
2026-08-17 07:44:55.416,obj002,348.300,90.100,-2068.718
2026-08-17 07:44:55.416,obj003,961.206,90.100,-2549.179
2026-08-17 07:44:55.416,obj004,438.141,90.100,-2114.998
2026-08-17 07:44:55.433,obj001,1325.043,90.100,-2260.967
2026-08-17 07:44:55.433,obj002,348.300,90.100,-2068.718
2026-08-17 07:44:55.433,obj003,961.206,90.100,-2549.179
2026-08-17 07:44:55.433,obj004,438.141,90.100,-2114.998
2026-08-17 07:44:55.450,obj001,1320.827,90.100,-2259.564
2026-08-17 07:44:55.450,obj002,348.300,90.100,-2068.718
2026-08-17 07:44:55.450,obj003,960.727,90.101,-2544.762
2026-08-17 07:44:55.450,obj004,438.141,90.100,-2114.998
2026-08-17 07:44:55.466,obj001,1318.753,90.100,-2258.874
2026-08-17 07:44:55.466,obj002,348.300,90.100,-2068.718
2026-08-17 07:44:55.466,obj003,960.484,90.101,-2542.517
2026-08-17 07:44:55.466,obj004,438.141,90.100,-2114.998
2026-08-17 07:44:55.483,obj001,1316.611,90.100,-2258.161
2026-08-17 07:44:55.483,obj002,348.300,90.100,-2068.718
2026-08-17 07:44:55.483,obj003,960.249,90.100,-2540.343
2026-08-17 07:44:55.483,obj004,438.141,90.100,-2114.997
2026-08-17 07:44:55.500,obj001,1314.538,90.100,-2257.470
2026-08-17 07:44:55.500,obj002,348.300,90.100,-2068.718
2026-08-17 07:44:55.500,obj003,960.006,90.100,-2538.099
2026-08-17 07:44:55.500,obj004,438.141,90.100,-2114.998
2026-08-17 07:44:55.516,obj001,1312.396,90.100,-2256.758
2026-08-17 07:44:55.516,obj002,348.300,90.100,-2068.718
2026-08-17 07:44:55.516,obj003,959.771,90.100,-2535.926
2026-08-17 07:44:55.516,obj004,438.141,90.100,-2114.997
2026-08-17 07:44:55.533,obj001,1312.396,90.100,-2256.758
2026-08-17 07:44:55.533,obj002,348.300,90.100,-2068.718
2026-08-17 07:44:55.533,obj003,959.771,90.100,-2535.926
2026-08-17 07:44:55.533,obj004,438.141,90.100,-2114.997
2026-08-17 07:44:55.550,obj001,1308.180,90.100,-2255.354
2026-08-17 07:44:55.550,obj002,348.300,90.100,-2068.718
2026-08-17 07:44:55.550,obj003,959.292,90.100,-2531.508
2026-08-17 07:44:55.550,obj004,438.141,90.100,-2114.997
2026-08-17 07:44:55.566,obj001,1308.180,90.100,-2255.354
2026-08-17 07:44:55.566,obj002,348.300,90.100,-2068.718
2026-08-17 07:44:55.566,obj003,959.292,90.100,-2531.508
2026-08-17 07:44:55.566,obj004,438.141,90.100,-2114.997
2026-08-17 07:44:55.583,obj001,1303.964,90.100,-2253.951
2026-08-17 07:44:55.583,obj002,348.300,90.100,-2068.718
2026-08-17 07:44:55.583,obj003,958.814,90.100,-2527.091
2026-08-17 07:44:55.583,obj004,438.141,90.100,-2114.997
2026-08-17 07:44:55.600,obj001,1303.964,90.100,-2253.951
2026-08-17 07:44:55.600,obj002,348.300,90.100,-2068.718
2026-08-17 07:44:55.600,obj003,958.814,90.100,-2527.091
2026-08-17 07:44:55.600,obj004,438.141,90.100,-2114.997
2026-08-17 07:44:55.616,obj001,1299.748,90.100,-2252.548
2026-08-17 07:44:55.616,obj002,348.300,90.100,-2068.718
2026-08-17 07:44:55.616,obj003,958.335,90.099,-2522.673
2026-08-17 07:44:55.616,obj004,438.141,90.100,-2114.997
2026-08-17 07:44:55.633,obj001,1299.748,90.100,-2252.548
2026-08-17 07:44:55.633,obj002,348.300,90.100,-2068.718
2026-08-17 07:44:55.633,obj003,958.335,90.099,-2522.673
2026-08-17 07:44:55.633,obj004,438.141,90.100,-2114.997
2026-08-17 07:44:55.650,obj001,1295.532,90.100,-2251.145
2026-08-17 07:44:55.650,obj002,348.300,90.100,-2068.718
2026-08-17 07:44:55.650,obj003,957.857,90.100,-2518.258
2026-08-17 07:44:55.650,obj004,438.141,90.100,-2114.997
2026-08-17 07:44:55.666,obj001,1293.459,90.100,-2250.455
2026-08-17 07:44:55.666,obj002,348.300,90.100,-2068.718
2026-08-17 07:44:55.666,obj003,957.614,90.100,-2516.013
2026-08-17 07:44:55.666,obj004,438.141,90.100,-2114.998
2026-08-17 07:44:55.683,obj001,1291.317,90.100,-2249.742
2026-08-17 07:44:55.683,obj002,348.300,90.100,-2068.718
2026-08-17 07:44:55.683,obj003,957.379,90.100,-2513.840
2026-08-17 07:44:55.683,obj004,438.141,90.100,-2114.997
2026-08-17 07:44:55.700,obj001,1289.243,90.100,-2249.052
2026-08-17 07:44:55.700,obj002,346.652,90.100,-2067.159
2026-08-17 07:44:55.700,obj003,957.136,90.097,-2511.595
2026-08-17 07:44:55.700,obj004,440.026,90.100,-2116.260
2026-08-17 07:44:55.716,obj001,1287.101,90.100,-2248.339
2026-08-17 07:44:55.716,obj002,345.056,90.100,-2065.649
2026-08-17 07:44:55.716,obj003,956.900,90.099,-2509.423
2026-08-17 07:44:55.716,obj004,441.852,90.100,-2117.482
2026-08-17 07:44:55.733,obj001,1287.101,90.100,-2248.339
2026-08-17 07:44:55.733,obj002,345.056,90.100,-2065.649
2026-08-17 07:44:55.733,obj003,956.900,90.099,-2509.423
2026-08-17 07:44:55.733,obj004,441.852,90.100,-2117.482
2026-08-17 07:44:55.750,obj001,1282.885,90.100,-2246.936
2026-08-17 07:44:55.750,obj002,341.837,90.100,-2062.603
2026-08-17 07:44:55.750,obj003,956.422,90.100,-2505.007
2026-08-17 07:44:55.750,obj004,445.535,90.100,-2119.947
2026-08-17 07:44:55.766,obj001,1280.811,90.100,-2246.246
2026-08-17 07:44:55.766,obj002,340.195,90.100,-2061.050
2026-08-17 07:44:55.766,obj003,956.179,90.100,-2502.762
2026-08-17 07:44:55.766,obj004,447.413,90.100,-2121.204
2026-08-17 07:44:55.783,obj001,1278.669,90.100,-2245.533
2026-08-17 07:44:55.783,obj002,338.605,90.100,-2059.546
2026-08-17 07:44:55.783,obj003,955.944,90.100,-2500.589
2026-08-17 07:44:55.783,obj004,449.232,90.100,-2122.422
2026-08-17 07:44:55.800,obj001,1276.595,90.100,-2244.843
2026-08-17 07:44:55.800,obj002,336.966,90.100,-2057.995
2026-08-17 07:44:55.800,obj003,955.701,90.100,-2498.345
2026-08-17 07:44:55.800,obj004,451.106,90.100,-2123.677
2026-08-17 07:44:55.816,obj001,1274.453,90.100,-2244.130
2026-08-17 07:44:55.816,obj002,335.380,90.100,-2056.494
2026-08-17 07:44:55.816,obj003,955.465,90.100,-2496.172
2026-08-17 07:44:55.816,obj004,452.922,90.100,-2124.892
2026-08-17 07:44:55.833,obj001,1274.453,90.100,-2244.130
2026-08-17 07:44:55.833,obj002,335.380,90.100,-2056.494
2026-08-17 07:44:55.833,obj003,955.465,90.100,-2496.172
2026-08-17 07:44:55.833,obj004,452.922,90.100,-2124.892
2026-08-17 07:44:55.850,obj001,1270.237,90.100,-2242.727
2026-08-17 07:44:55.850,obj002,332.151,90.100,-2053.439
2026-08-17 07:44:55.850,obj003,954.987,90.100,-2491.755
2026-08-17 07:44:55.850,obj004,456.615,90.100,-2127.364
2026-08-17 07:44:55.866,obj001,1270.237,90.100,-2242.727
2026-08-17 07:44:55.866,obj002,332.151,90.100,-2053.439
2026-08-17 07:44:55.866,obj003,954.987,90.100,-2491.755
2026-08-17 07:44:55.866,obj004,456.615,90.100,-2127.364
2026-08-17 07:44:55.883,obj001,1266.022,90.100,-2241.324
2026-08-17 07:44:55.883,obj002,328.924,90.100,-2050.386
2026-08-17 07:44:55.883,obj003,954.509,90.100,-2487.337
2026-08-17 07:44:55.883,obj004,460.307,90.100,-2129.835
2026-08-17 07:44:55.900,obj001,1266.022,90.100,-2241.324
2026-08-17 07:44:55.900,obj002,328.924,90.100,-2050.386
2026-08-17 07:44:55.900,obj003,954.509,90.100,-2487.337
2026-08-17 07:44:55.900,obj004,460.307,90.100,-2129.835
2026-08-17 07:44:55.916,obj001,1261.806,90.100,-2239.921
2026-08-17 07:44:55.916,obj002,325.696,90.100,-2047.333
2026-08-17 07:44:55.916,obj003,954.031,90.100,-2482.920
2026-08-17 07:44:55.916,obj004,463.999,90.100,-2132.307
2026-08-17 07:44:55.933,obj001,1261.806,90.100,-2239.921
2026-08-17 07:44:55.933,obj002,325.696,90.100,-2047.333
2026-08-17 07:44:55.933,obj003,954.031,90.100,-2482.920
2026-08-17 07:44:55.933,obj004,463.999,90.100,-2132.307
2026-08-17 07:44:55.950,obj001,1257.590,90.100,-2238.518
2026-08-17 07:44:55.950,obj002,322.469,90.100,-2044.279
2026-08-17 07:44:55.950,obj003,953.553,90.100,-2478.503
2026-08-17 07:44:55.950,obj004,467.691,90.100,-2134.778
2026-08-17 07:44:55.966,obj001,1257.590,90.100,-2238.518
2026-08-17 07:44:55.966,obj002,322.469,90.100,-2044.279
2026-08-17 07:44:55.966,obj003,953.553,90.100,-2478.503
2026-08-17 07:44:55.966,obj004,467.691,90.100,-2134.778
2026-08-17 07:44:55.983,obj001,1253.374,90.100,-2237.114
2026-08-17 07:44:55.983,obj002,319.241,90.100,-2041.225
2026-08-17 07:44:55.983,obj003,953.074,90.100,-2474.085
2026-08-17 07:44:55.983,obj004,471.384,90.100,-2137.250
2026-08-17 07:44:56.000,obj001,1253.374,90.100,-2237.114
2026-08-17 07:44:56.000,obj002,319.241,90.100,-2041.225
2026-08-17 07:44:56.000,obj003,953.074,90.100,-2474.085
2026-08-17 07:44:56.000,obj004,471.384,90.100,-2137.250
2026-08-17 07:44:56.016,obj001,1249.158,90.100,-2235.711
2026-08-17 07:44:56.016,obj002,316.013,90.100,-2038.172
2026-08-17 07:44:56.016,obj003,952.596,90.100,-2469.668
2026-08-17 07:44:56.016,obj004,475.076,90.100,-2139.721
2026-08-17 07:44:56.033,obj001,1249.158,90.100,-2235.711
2026-08-17 07:44:56.033,obj002,316.013,90.100,-2038.172
2026-08-17 07:44:56.033,obj003,952.596,90.100,-2469.668
2026-08-17 07:44:56.033,obj004,475.076,90.100,-2139.721
2026-08-17 07:44:56.050,obj001,1244.943,90.100,-2234.308
2026-08-17 07:44:56.050,obj002,312.786,90.100,-2035.118
2026-08-17 07:44:56.050,obj003,952.118,90.100,-2465.250
2026-08-17 07:44:56.050,obj004,478.768,90.100,-2142.193
2026-08-17 07:44:56.066,obj001,1242.869,90.100,-2233.618
2026-08-17 07:44:56.066,obj002,311.146,90.100,-2033.567
2026-08-17 07:44:56.066,obj003,951.875,90.100,-2463.006
2026-08-17 07:44:56.066,obj004,480.644,90.100,-2143.449
2026-08-17 07:44:56.083,obj001,1240.727,90.100,-2232.905
2026-08-17 07:44:56.083,obj002,309.558,90.100,-2032.065
2026-08-17 07:44:56.083,obj003,951.639,90.098,-2460.833
2026-08-17 07:44:56.083,obj004,482.460,90.100,-2144.665
2026-08-17 07:44:56.100,obj001,1238.653,90.100,-2232.215
2026-08-17 07:44:56.100,obj002,307.918,90.100,-2030.513
2026-08-17 07:44:56.100,obj003,951.396,90.099,-2458.589
2026-08-17 07:44:56.100,obj004,484.336,90.100,-2145.920
2026-08-17 07:44:56.116,obj001,1236.511,90.100,-2231.502
2026-08-17 07:44:56.116,obj002,306.331,90.100,-2029.011
2026-08-17 07:44:56.116,obj003,951.161,90.099,-2456.416
2026-08-17 07:44:56.116,obj004,486.153,90.100,-2147.136
2026-08-17 07:44:56.133,obj001,1236.511,90.100,-2231.502
2026-08-17 07:44:56.133,obj002,306.331,90.100,-2029.011
2026-08-17 07:44:56.133,obj003,951.161,90.099,-2456.416
2026-08-17 07:44:56.133,obj004,486.153,90.100,-2147.136
2026-08-17 07:44:56.150,obj001,1232.295,90.100,-2230.099
2026-08-17 07:44:56.150,obj002,303.103,90.100,-2025.957
2026-08-17 07:44:56.150,obj003,950.683,90.100,-2451.998
2026-08-17 07:44:56.150,obj004,489.845,90.100,-2149.607
2026-08-17 07:44:56.166,obj001,1230.221,90.100,-2229.409
2026-08-17 07:44:56.166,obj002,301.463,90.100,-2024.406
2026-08-17 07:44:56.166,obj003,950.439,90.105,-2449.756
2026-08-17 07:44:56.166,obj004,491.721,90.100,-2150.863
2026-08-17 07:44:56.183,obj001,1228.079,90.100,-2228.696
2026-08-17 07:44:56.183,obj002,299.875,90.100,-2022.904
2026-08-17 07:44:56.183,obj003,950.203,90.102,-2447.583
2026-08-17 07:44:56.183,obj004,493.537,90.100,-2152.079
2026-08-17 07:44:56.200,obj001,1226.005,90.100,-2228.006
2026-08-17 07:44:56.200,obj002,298.236,90.100,-2021.352
2026-08-17 07:44:56.200,obj003,949.959,90.101,-2445.336
2026-08-17 07:44:56.200,obj004,495.413,90.100,-2153.335
2026-08-17 07:44:56.216,obj001,1223.863,90.100,-2227.293
2026-08-17 07:44:56.216,obj002,296.648,90.100,-2019.850
2026-08-17 07:44:56.216,obj003,949.724,90.100,-2443.161
2026-08-17 07:44:56.216,obj004,497.229,90.100,-2154.550
2026-08-17 07:44:56.233,obj001,1223.863,90.100,-2227.293
2026-08-17 07:44:56.233,obj002,296.648,90.100,-2019.850
2026-08-17 07:44:56.233,obj003,949.724,90.100,-2443.161
2026-08-17 07:44:56.233,obj004,497.229,90.100,-2154.550
2026-08-17 07:44:56.250,obj001,1219.648,90.100,-2225.890
2026-08-17 07:44:56.250,obj002,293.420,90.100,-2016.797
2026-08-17 07:44:56.250,obj003,949.246,90.100,-2438.746
2026-08-17 07:44:56.250,obj004,500.922,90.100,-2157.022
2026-08-17 07:44:56.266,obj001,1217.574,90.100,-2225.200
2026-08-17 07:44:56.266,obj002,291.780,90.100,-2015.245
2026-08-17 07:44:56.266,obj003,949.003,90.100,-2436.501
2026-08-17 07:44:56.266,obj004,502.798,90.100,-2158.277
2026-08-17 07:44:56.283,obj001,1215.432,90.100,-2224.487
2026-08-17 07:44:56.283,obj002,290.193,90.100,-2013.743
2026-08-17 07:44:56.283,obj003,948.768,90.100,-2434.328
2026-08-17 07:44:56.283,obj004,504.614,90.100,-2159.493
2026-08-17 07:44:56.300,obj001,1213.358,90.100,-2223.797
2026-08-17 07:44:56.300,obj002,288.553,90.100,-2012.192
2026-08-17 07:44:56.300,obj003,948.525,90.100,-2432.083
2026-08-17 07:44:56.300,obj004,506.490,90.100,-2160.749
2026-08-17 07:44:56.316,obj001,1211.216,90.100,-2223.084
2026-08-17 07:44:56.316,obj002,286.965,90.100,-2010.690
2026-08-17 07:44:56.316,obj003,948.290,90.100,-2429.911
2026-08-17 07:44:56.316,obj004,508.306,90.100,-2161.965
2026-08-17 07:44:56.333,obj001,1211.216,90.100,-2223.084
2026-08-17 07:44:56.333,obj002,286.965,90.100,-2010.690
2026-08-17 07:44:56.333,obj003,948.290,90.100,-2429.911
2026-08-17 07:44:56.333,obj004,508.306,90.100,-2161.965
2026-08-17 07:44:56.350,obj001,1207.000,90.100,-2221.681
2026-08-17 07:44:56.350,obj002,283.737,90.100,-2007.636
2026-08-17 07:44:56.350,obj003,947.811,90.102,-2425.494
2026-08-17 07:44:56.350,obj004,511.998,90.100,-2164.436
2026-08-17 07:44:56.366,obj001,1204.926,90.100,-2220.990
2026-08-17 07:44:56.366,obj002,282.098,90.100,-2006.084
2026-08-17 07:44:56.366,obj003,947.568,90.101,-2423.249
2026-08-17 07:44:56.366,obj004,513.874,90.100,-2165.692
2026-08-17 07:44:56.383,obj001,1202.784,90.100,-2220.278
2026-08-17 07:44:56.383,obj002,280.510,90.100,-2004.582
2026-08-17 07:44:56.383,obj003,947.333,90.100,-2421.076
2026-08-17 07:44:56.383,obj004,515.691,90.100,-2166.908
2026-08-17 07:44:56.400,obj001,1202.784,90.100,-2220.278
2026-08-17 07:44:56.400,obj002,280.510,90.100,-2004.582
2026-08-17 07:44:56.400,obj003,947.333,90.100,-2421.076
2026-08-17 07:44:56.400,obj004,515.691,90.100,-2166.908
2026-08-17 07:44:56.416,obj001,1198.569,90.100,-2218.875
2026-08-17 07:44:56.416,obj002,277.282,90.100,-2001.529
2026-08-17 07:44:56.416,obj003,946.855,90.100,-2416.659
2026-08-17 07:44:56.416,obj004,519.383,90.100,-2169.379
2026-08-17 07:44:56.433,obj001,1196.495,90.100,-2218.184
2026-08-17 07:44:56.433,obj002,275.642,90.100,-1999.977
2026-08-17 07:44:56.433,obj003,946.612,90.100,-2414.414
2026-08-17 07:44:56.433,obj004,521.259,90.100,-2170.635
2026-08-17 07:44:56.450,obj001,1194.353,90.100,-2217.471
2026-08-17 07:44:56.450,obj002,274.055,90.100,-1998.475
2026-08-17 07:44:56.450,obj003,946.377,90.100,-2412.241
2026-08-17 07:44:56.450,obj004,523.075,90.100,-2171.850
2026-08-17 07:44:56.466,obj001,1192.279,90.100,-2216.781
2026-08-17 07:44:56.466,obj002,272.415,90.100,-1996.924
2026-08-17 07:44:56.466,obj003,946.134,90.100,-2409.997
2026-08-17 07:44:56.466,obj004,524.951,90.100,-2173.106
2026-08-17 07:44:56.483,obj001,1190.137,90.100,-2216.068
2026-08-17 07:44:56.483,obj002,270.827,90.100,-1995.422
2026-08-17 07:44:56.483,obj003,945.899,90.103,-2407.825
2026-08-17 07:44:56.483,obj004,526.767,90.100,-2174.322
2026-08-17 07:44:56.500,obj001,1190.137,90.100,-2216.068
2026-08-17 07:44:56.500,obj002,270.827,90.100,-1995.422
2026-08-17 07:44:56.500,obj003,945.899,90.103,-2407.825
2026-08-17 07:44:56.500,obj004,526.767,90.100,-2174.322
2026-08-17 07:44:56.516,obj001,1185.921,90.100,-2214.665
2026-08-17 07:44:56.516,obj002,267.599,90.100,-1992.368
2026-08-17 07:44:56.516,obj003,945.421,90.101,-2403.407
2026-08-17 07:44:56.516,obj004,530.460,90.100,-2176.793
2026-08-17 07:44:56.533,obj001,1185.921,90.100,-2214.665
2026-08-17 07:44:56.533,obj002,267.599,90.100,-1992.368
2026-08-17 07:44:56.533,obj003,945.421,90.101,-2403.407
2026-08-17 07:44:56.533,obj004,530.460,90.100,-2176.793
2026-08-17 07:44:56.550,obj001,1181.705,90.100,-2213.262
2026-08-17 07:44:56.550,obj002,264.372,90.100,-1989.314
2026-08-17 07:44:56.550,obj003,944.943,90.100,-2398.989
2026-08-17 07:44:56.550,obj004,534.152,90.100,-2179.265
2026-08-17 07:44:56.566,obj001,1181.705,90.100,-2213.262
2026-08-17 07:44:56.566,obj002,264.372,90.100,-1989.314
2026-08-17 07:44:56.566,obj003,944.943,90.100,-2398.989
2026-08-17 07:44:56.566,obj004,534.152,90.100,-2179.265
2026-08-17 07:44:56.583,obj001,1177.489,90.100,-2211.859
2026-08-17 07:44:56.583,obj002,261.144,90.100,-1986.261
2026-08-17 07:44:56.583,obj003,944.465,90.100,-2394.572
2026-08-17 07:44:56.583,obj004,537.844,90.100,-2181.736
2026-08-17 07:44:56.600,obj001,1177.489,90.100,-2211.859
2026-08-17 07:44:56.600,obj002,261.144,90.100,-1986.261
2026-08-17 07:44:56.600,obj003,944.465,90.100,-2394.572
2026-08-17 07:44:56.600,obj004,537.844,90.100,-2181.736
2026-08-17 07:44:56.616,obj001,1173.273,90.100,-2210.456
2026-08-17 07:44:56.616,obj002,264.899,90.100,-1988.636
2026-08-17 07:44:56.616,obj003,943.987,90.100,-2390.154
2026-08-17 07:44:56.616,obj004,541.536,90.100,-2184.208
2026-08-17 07:44:56.633,obj001,1171.200,90.100,-2209.766
2026-08-17 07:44:56.633,obj002,266.807,90.100,-1989.842
2026-08-17 07:44:56.633,obj003,943.744,90.100,-2387.910
2026-08-17 07:44:56.633,obj004,543.412,90.100,-2185.463
2026-08-17 07:44:56.650,obj001,1169.058,90.100,-2209.053
2026-08-17 07:44:56.650,obj002,268.655,90.100,-1991.011
2026-08-17 07:44:56.650,obj003,943.508,90.100,-2385.737
2026-08-17 07:44:56.650,obj004,545.229,90.100,-2186.679
2026-08-17 07:44:56.666,obj001,1169.058,90.100,-2209.053
2026-08-17 07:44:56.666,obj002,268.655,90.100,-1991.011
2026-08-17 07:44:56.666,obj003,943.508,90.100,-2385.737
2026-08-17 07:44:56.666,obj004,545.229,90.100,-2186.679
2026-08-17 07:44:56.683,obj001,1164.840,90.094,-2207.651
2026-08-17 07:44:56.683,obj002,272.410,90.100,-1993.386
2026-08-17 07:44:56.683,obj003,943.031,90.105,-2381.321
2026-08-17 07:44:56.683,obj004,548.921,90.100,-2189.150
2026-08-17 07:44:56.700,obj001,1162.765,90.097,-2206.962
2026-08-17 07:44:56.700,obj002,274.318,90.100,-1994.592
2026-08-17 07:44:56.700,obj003,942.788,90.102,-2379.076
2026-08-17 07:44:56.700,obj004,550.797,90.100,-2190.406
2026-08-17 07:44:56.716,obj001,1160.626,90.098,-2206.250
2026-08-17 07:44:56.716,obj002,276.165,90.100,-1995.761
2026-08-17 07:44:56.716,obj003,942.552,90.101,-2376.903
2026-08-17 07:44:56.716,obj004,552.613,90.100,-2191.622
2026-08-17 07:44:56.733,obj001,1160.626,90.098,-2206.250
2026-08-17 07:44:56.733,obj002,276.165,90.100,-1995.761
2026-08-17 07:44:56.733,obj003,942.552,90.101,-2376.903
2026-08-17 07:44:56.733,obj004,552.613,90.100,-2191.622
2026-08-17 07:44:56.750,obj001,1156.412,90.100,-2204.848
2026-08-17 07:44:56.750,obj002,279.920,90.100,-1998.136
2026-08-17 07:44:56.750,obj003,942.074,90.100,-2372.486
2026-08-17 07:44:56.750,obj004,556.305,90.100,-2194.093
2026-08-17 07:44:56.766,obj001,1154.337,90.100,-2204.157
2026-08-17 07:44:56.766,obj002,281.828,90.100,-1999.342
2026-08-17 07:44:56.766,obj003,941.831,90.100,-2370.241
2026-08-17 07:44:56.766,obj004,558.181,90.100,-2195.349
2026-08-17 07:44:56.783,obj001,1152.195,90.100,-2203.445
2026-08-17 07:44:56.783,obj002,283.675,90.100,-2000.511
2026-08-17 07:44:56.783,obj003,941.596,90.100,-2368.068
2026-08-17 07:44:56.783,obj004,559.997,90.100,-2196.565
2026-08-17 07:44:56.800,obj001,1152.195,90.100,-2203.445
2026-08-17 07:44:56.800,obj002,283.675,90.100,-2000.511
2026-08-17 07:44:56.800,obj003,941.596,90.100,-2368.068
2026-08-17 07:44:56.800,obj004,559.997,90.100,-2196.565
2026-08-17 07:44:56.816,obj001,1147.979,90.099,-2202.042
2026-08-17 07:44:56.816,obj002,287.430,90.100,-2002.886
2026-08-17 07:44:56.816,obj003,941.118,90.100,-2363.651
2026-08-17 07:44:56.816,obj004,563.690,90.100,-2199.036
2026-08-17 07:44:56.833,obj001,1147.979,90.099,-2202.042
2026-08-17 07:44:56.833,obj002,287.430,90.100,-2002.886
2026-08-17 07:44:56.833,obj003,941.118,90.100,-2363.651
2026-08-17 07:44:56.833,obj004,563.690,90.100,-2199.036
2026-08-17 07:44:56.850,obj001,1143.764,90.100,-2200.640
2026-08-17 07:44:56.850,obj002,291.185,90.100,-2005.261
2026-08-17 07:44:56.850,obj003,940.640,90.100,-2359.233
2026-08-17 07:44:56.850,obj004,567.382,90.100,-2201.508
2026-08-17 07:44:56.866,obj001,1143.764,90.100,-2200.640
2026-08-17 07:44:56.866,obj002,291.185,90.100,-2005.261
2026-08-17 07:44:56.866,obj003,940.640,90.100,-2359.233
2026-08-17 07:44:56.866,obj004,567.382,90.100,-2201.508
2026-08-17 07:44:56.883,obj001,1139.548,90.100,-2199.237
2026-08-17 07:44:56.883,obj002,294.940,90.100,-2007.636
2026-08-17 07:44:56.883,obj003,940.161,90.099,-2354.815
2026-08-17 07:44:56.883,obj004,571.074,90.100,-2203.979
2026-08-17 07:44:56.900,obj001,1139.548,90.100,-2199.237
2026-08-17 07:44:56.900,obj002,294.940,90.100,-2007.636
2026-08-17 07:44:56.900,obj003,940.161,90.099,-2354.815
2026-08-17 07:44:56.900,obj004,571.074,90.100,-2203.979
2026-08-17 07:44:56.916,obj001,1135.331,90.096,-2197.834
2026-08-17 07:44:56.916,obj002,298.696,90.100,-2010.011
2026-08-17 07:44:56.916,obj003,939.683,90.102,-2350.400
2026-08-17 07:44:56.916,obj004,574.766,90.100,-2206.450
2026-08-17 07:44:56.933,obj001,1133.257,90.098,-2197.145
2026-08-17 07:44:56.933,obj002,300.603,90.100,-2011.217
2026-08-17 07:44:56.933,obj003,939.440,90.101,-2348.155
2026-08-17 07:44:56.933,obj004,576.642,90.100,-2207.706
2026-08-17 07:44:56.950,obj001,1131.116,90.099,-2196.432
2026-08-17 07:44:56.950,obj002,302.451,90.100,-2012.386
2026-08-17 07:44:56.950,obj003,939.205,90.100,-2345.981
2026-08-17 07:44:56.950,obj004,578.459,90.100,-2208.922
2026-08-17 07:44:56.966,obj001,1131.116,90.099,-2196.432
2026-08-17 07:44:56.966,obj002,302.451,90.100,-2012.386
2026-08-17 07:44:56.966,obj003,939.205,90.100,-2345.981
2026-08-17 07:44:56.966,obj004,578.459,90.100,-2208.922
2026-08-17 07:44:56.983,obj001,1126.900,90.100,-2195.029
2026-08-17 07:44:56.983,obj002,306.206,90.100,-2014.761
2026-08-17 07:44:56.983,obj003,938.727,90.100,-2341.564
2026-08-17 07:44:56.983,obj004,582.151,90.100,-2211.393
2026-08-17 07:44:57.000,obj001,1126.900,90.100,-2195.029
2026-08-17 07:44:57.000,obj002,306.206,90.100,-2014.761
2026-08-17 07:44:57.000,obj003,938.727,90.100,-2341.564
2026-08-17 07:44:57.000,obj004,582.151,90.100,-2211.393
2026-08-17 07:44:57.016,obj001,1122.684,90.100,-2193.626
2026-08-17 07:44:57.016,obj002,309.961,90.100,-2017.136
2026-08-17 07:44:57.016,obj003,938.249,90.100,-2337.147
2026-08-17 07:44:57.016,obj004,585.842,90.103,-2213.864
2026-08-17 07:44:57.033,obj001,1120.610,90.100,-2192.936
2026-08-17 07:44:57.033,obj002,311.869,90.100,-2018.342
2026-08-17 07:44:57.033,obj003,938.006,90.100,-2334.902
2026-08-17 07:44:57.033,obj004,587.718,90.101,-2215.120
2026-08-17 07:44:57.050,obj001,1118.468,90.100,-2192.223
2026-08-17 07:44:57.050,obj002,313.716,90.100,-2019.511
2026-08-17 07:44:57.050,obj003,937.771,90.100,-2332.729
2026-08-17 07:44:57.050,obj004,589.535,90.101,-2216.336
2026-08-17 07:44:57.066,obj001,1116.395,90.102,-2191.533
2026-08-17 07:44:57.066,obj002,315.624,90.100,-2020.717
2026-08-17 07:44:57.066,obj003,937.528,90.100,-2330.485
2026-08-17 07:44:57.066,obj004,591.411,90.100,-2217.592
2026-08-17 07:44:57.083,obj001,1114.253,90.101,-2190.820
2026-08-17 07:44:57.083,obj002,317.471,90.100,-2021.886
2026-08-17 07:44:57.083,obj003,937.292,90.102,-2328.313
2026-08-17 07:44:57.083,obj004,593.227,90.100,-2218.808
2026-08-17 07:44:57.100,obj001,1112.179,90.100,-2190.130
2026-08-17 07:44:57.100,obj002,319.379,90.100,-2023.092
2026-08-17 07:44:57.100,obj003,937.049,90.101,-2326.068
2026-08-17 07:44:57.100,obj004,595.103,90.100,-2220.064
2026-08-17 07:44:57.116,obj001,1110.037,90.100,-2189.417
2026-08-17 07:44:57.116,obj002,321.226,90.100,-2024.261
2026-08-17 07:44:57.116,obj003,936.814,90.100,-2323.895
2026-08-17 07:44:57.116,obj004,596.919,90.100,-2221.279
2026-08-17 07:44:57.133,obj001,1107.963,90.100,-2188.727
2026-08-17 07:44:57.133,obj002,323.134,90.100,-2025.467
2026-08-17 07:44:57.133,obj003,936.571,90.100,-2321.651
2026-08-17 07:44:57.133,obj004,598.795,90.100,-2222.535
2026-08-17 07:44:57.150,obj001,1105.821,90.100,-2188.014
2026-08-17 07:44:57.150,obj002,324.981,90.100,-2026.636
2026-08-17 07:44:57.150,obj003,936.336,90.100,-2319.478
2026-08-17 07:44:57.150,obj004,600.612,90.100,-2223.751
2026-08-17 07:44:57.166,obj001,1103.747,90.100,-2187.324
2026-08-17 07:44:57.166,obj002,326.889,90.100,-2027.842
2026-08-17 07:44:57.166,obj003,936.093,90.100,-2317.233
2026-08-17 07:44:57.166,obj004,602.488,90.100,-2225.007
2026-08-17 07:44:57.183,obj001,1101.606,90.102,-2186.611
2026-08-17 07:44:57.183,obj002,328.737,90.100,-2029.011
2026-08-17 07:44:57.183,obj003,935.858,90.100,-2315.060
2026-08-17 07:44:57.183,obj004,604.304,90.100,-2226.222
2026-08-17 07:44:57.200,obj001,1099.532,90.101,-2185.920
2026-08-17 07:44:57.200,obj002,330.644,90.100,-2030.217
2026-08-17 07:44:57.200,obj003,935.615,90.100,-2312.816
2026-08-17 07:44:57.200,obj004,606.180,90.100,-2227.478
2026-08-17 07:44:57.216,obj001,1097.389,90.100,-2185.207
2026-08-17 07:44:57.216,obj002,332.492,90.100,-2031.386
2026-08-17 07:44:57.216,obj003,935.379,90.100,-2310.643
2026-08-17 07:44:57.216,obj004,607.996,90.100,-2228.694
2026-08-17 07:44:57.233,obj001,1097.389,90.100,-2185.207
2026-08-17 07:44:57.233,obj002,332.492,90.100,-2031.386
2026-08-17 07:44:57.233,obj003,935.379,90.100,-2310.643
2026-08-17 07:44:57.233,obj004,607.996,90.100,-2228.694
2026-08-17 07:44:57.250,obj001,1093.173,90.100,-2183.804
2026-08-17 07:44:57.250,obj002,336.247,90.100,-2033.761
2026-08-17 07:44:57.250,obj003,934.901,90.098,-2306.224
2026-08-17 07:44:57.250,obj004,611.688,90.100,-2231.166
2026-08-17 07:44:57.266,obj001,1093.173,90.100,-2183.804
2026-08-17 07:44:57.266,obj002,336.247,90.100,-2033.761
2026-08-17 07:44:57.266,obj003,934.901,90.098,-2306.224
2026-08-17 07:44:57.266,obj004,611.688,90.100,-2231.166
2026-08-17 07:44:57.283,obj001,1088.957,90.100,-2182.401
2026-08-17 07:44:57.283,obj002,340.002,90.100,-2036.136
2026-08-17 07:44:57.283,obj003,934.423,90.099,-2301.810
2026-08-17 07:44:57.283,obj004,615.381,90.100,-2233.637
2026-08-17 07:44:57.300,obj001,1088.957,90.100,-2182.401
2026-08-17 07:44:57.300,obj002,340.002,90.100,-2036.136
2026-08-17 07:44:57.300,obj003,934.423,90.099,-2301.810
2026-08-17 07:44:57.300,obj004,615.381,90.100,-2233.637
2026-08-17 07:44:57.316,obj001,1084.741,90.100,-2180.999
2026-08-17 07:44:57.316,obj002,343.757,90.100,-2038.511
2026-08-17 07:44:57.316,obj003,933.945,90.100,-2297.392
2026-08-17 07:44:57.316,obj004,619.073,90.100,-2236.109
2026-08-17 07:44:57.333,obj001,1082.668,90.100,-2180.308
2026-08-17 07:44:57.333,obj002,345.665,90.100,-2039.717
2026-08-17 07:44:57.333,obj003,933.702,90.100,-2295.148
2026-08-17 07:44:57.333,obj004,620.949,90.100,-2237.365
2026-08-17 07:44:57.350,obj001,1080.526,90.100,-2179.595
2026-08-17 07:44:57.350,obj002,347.512,90.100,-2040.886
2026-08-17 07:44:57.350,obj003,933.467,90.102,-2292.976
2026-08-17 07:44:57.350,obj004,622.765,90.100,-2238.581
2026-08-17 07:44:57.366,obj001,1078.452,90.100,-2178.905
2026-08-17 07:44:57.366,obj002,349.420,90.100,-2042.092
2026-08-17 07:44:57.366,obj003,933.224,90.101,-2290.731
2026-08-17 07:44:57.366,obj004,624.641,90.100,-2239.837
2026-08-17 07:44:57.383,obj001,1076.310,90.100,-2178.192
2026-08-17 07:44:57.383,obj002,351.267,90.100,-2043.261
2026-08-17 07:44:57.383,obj003,932.989,90.100,-2288.558
2026-08-17 07:44:57.383,obj004,626.457,90.100,-2241.053
2026-08-17 07:44:57.400,obj001,1076.310,90.100,-2178.192
2026-08-17 07:44:57.400,obj002,351.267,90.100,-2043.261
2026-08-17 07:44:57.400,obj003,932.989,90.100,-2288.558
2026-08-17 07:44:57.400,obj004,626.457,90.100,-2241.053
2026-08-17 07:44:57.416,obj001,1072.093,90.098,-2176.790
2026-08-17 07:44:57.416,obj002,355.022,90.100,-2045.636
2026-08-17 07:44:57.416,obj003,932.511,90.100,-2284.140
2026-08-17 07:44:57.416,obj004,630.149,90.100,-2243.524
2026-08-17 07:44:57.433,obj001,1072.093,90.098,-2176.790
2026-08-17 07:44:57.433,obj002,355.022,90.100,-2045.636
2026-08-17 07:44:57.433,obj003,932.511,90.100,-2284.140
2026-08-17 07:44:57.433,obj004,630.149,90.100,-2243.524
2026-08-17 07:44:57.450,obj001,1067.878,90.101,-2175.387
2026-08-17 07:44:57.450,obj002,358.778,90.100,-2048.011
2026-08-17 07:44:57.450,obj003,932.032,90.100,-2279.723
2026-08-17 07:44:57.450,obj004,633.842,90.100,-2245.996
2026-08-17 07:44:57.466,obj001,1065.804,90.101,-2174.697
2026-08-17 07:44:57.466,obj002,360.685,90.100,-2049.217
2026-08-17 07:44:57.466,obj003,931.789,90.100,-2277.478
2026-08-17 07:44:57.466,obj004,635.718,90.100,-2247.252
2026-08-17 07:44:57.483,obj001,1063.662,90.100,-2173.984
2026-08-17 07:44:57.483,obj002,362.533,90.100,-2050.385
2026-08-17 07:44:57.483,obj003,931.554,90.100,-2275.306
2026-08-17 07:44:57.483,obj004,637.534,90.100,-2248.468
2026-08-17 07:44:57.500,obj001,1063.662,90.100,-2173.984
2026-08-17 07:44:57.500,obj002,362.533,90.100,-2050.385
2026-08-17 07:44:57.500,obj003,931.554,90.100,-2275.306
2026-08-17 07:44:57.500,obj004,637.534,90.100,-2248.468
2026-08-17 07:44:57.516,obj001,1059.446,90.100,-2172.581
2026-08-17 07:44:57.516,obj002,366.288,90.100,-2052.760
2026-08-17 07:44:57.516,obj003,931.076,90.101,-2270.889
2026-08-17 07:44:57.516,obj004,641.226,90.100,-2250.939
2026-08-17 07:44:57.533,obj001,1057.372,90.100,-2171.891
2026-08-17 07:44:57.533,obj002,368.196,90.100,-2053.967
2026-08-17 07:44:57.533,obj003,930.833,90.101,-2268.644
2026-08-17 07:44:57.533,obj004,643.102,90.100,-2252.195
2026-08-17 07:44:57.550,obj001,1055.231,90.100,-2171.178
2026-08-17 07:44:57.550,obj002,370.043,90.100,-2055.135
2026-08-17 07:44:57.550,obj003,930.598,90.100,-2266.471
2026-08-17 07:44:57.550,obj004,644.918,90.100,-2253.411
2026-08-17 07:44:57.566,obj001,1055.231,90.100,-2171.178
2026-08-17 07:44:57.566,obj002,370.043,90.100,-2055.135
2026-08-17 07:44:57.566,obj003,930.598,90.100,-2266.471
2026-08-17 07:44:57.566,obj004,644.918,90.100,-2253.411
2026-08-17 07:44:57.583,obj001,1051.015,90.101,-2169.775
2026-08-17 07:44:57.583,obj002,373.798,90.100,-2057.510
2026-08-17 07:44:57.583,obj003,930.120,90.100,-2262.054
2026-08-17 07:44:57.583,obj004,648.610,90.100,-2255.883
2026-08-17 07:44:57.600,obj001,1051.015,90.101,-2169.775
2026-08-17 07:44:57.600,obj002,373.798,90.100,-2057.510
2026-08-17 07:44:57.600,obj003,930.120,90.100,-2262.054
2026-08-17 07:44:57.600,obj004,648.610,90.100,-2255.883
2026-08-17 07:44:57.616,obj001,1046.799,90.100,-2168.372
2026-08-17 07:44:57.616,obj002,377.553,90.100,-2059.884
2026-08-17 07:44:57.616,obj003,929.642,90.100,-2257.636
2026-08-17 07:44:57.616,obj004,652.303,90.100,-2258.354
2026-08-17 07:44:57.633,obj001,1046.799,90.100,-2168.372
2026-08-17 07:44:57.633,obj002,377.553,90.100,-2059.884
2026-08-17 07:44:57.633,obj003,929.642,90.100,-2257.636
2026-08-17 07:44:57.633,obj004,652.303,90.100,-2258.354
2026-08-17 07:44:57.650,obj001,1042.583,90.100,-2166.969
2026-08-17 07:44:57.650,obj002,381.308,90.100,-2062.259
2026-08-17 07:44:57.650,obj003,929.163,90.100,-2253.219
2026-08-17 07:44:57.650,obj004,655.995,90.100,-2260.826
2026-08-17 07:44:57.666,obj001,1040.509,90.100,-2166.278
2026-08-17 07:44:57.666,obj002,383.216,90.100,-2063.466
2026-08-17 07:44:57.666,obj003,928.920,90.100,-2250.974
2026-08-17 07:44:57.666,obj004,657.871,90.100,-2262.082
2026-08-17 07:44:57.683,obj001,1038.367,90.100,-2165.565
2026-08-17 07:44:57.683,obj002,385.063,90.100,-2064.634
2026-08-17 07:44:57.683,obj003,928.685,90.100,-2248.801
2026-08-17 07:44:57.683,obj004,659.687,90.100,-2263.298
2026-08-17 07:44:57.700,obj001,1036.294,90.102,-2164.875
2026-08-17 07:44:57.700,obj002,386.971,90.100,-2065.841
2026-08-17 07:44:57.700,obj003,928.443,90.100,-2246.557
2026-08-17 07:44:57.700,obj004,661.563,90.100,-2264.554
2026-08-17 07:44:57.716,obj001,1034.152,90.101,-2164.163
2026-08-17 07:44:57.716,obj002,388.819,90.100,-2067.009
2026-08-17 07:44:57.716,obj003,928.207,90.098,-2244.383
2026-08-17 07:44:57.716,obj004,663.379,90.100,-2265.769
2026-08-17 07:44:57.733,obj001,1034.152,90.101,-2164.163
2026-08-17 07:44:57.733,obj002,388.819,90.100,-2067.009
2026-08-17 07:44:57.733,obj003,928.207,90.098,-2244.383
2026-08-17 07:44:57.733,obj004,663.379,90.100,-2265.769
2026-08-17 07:44:57.750,obj001,1029.936,90.100,-2162.760
2026-08-17 07:44:57.750,obj002,392.574,90.100,-2069.383
2026-08-17 07:44:57.750,obj003,927.729,90.099,-2239.966
2026-08-17 07:44:57.750,obj004,667.071,90.100,-2268.241
2026-08-17 07:44:57.766,obj001,1029.936,90.100,-2162.760
2026-08-17 07:44:57.766,obj002,392.574,90.100,-2069.383
2026-08-17 07:44:57.766,obj003,927.729,90.099,-2239.966
2026-08-17 07:44:57.766,obj004,667.071,90.100,-2268.241
2026-08-17 07:44:57.783,obj001,1025.720,90.100,-2161.356
2026-08-17 07:44:57.783,obj002,396.329,90.100,-2071.758
2026-08-17 07:44:57.783,obj003,927.251,90.100,-2235.549
2026-08-17 07:44:57.783,obj004,670.764,90.100,-2270.713
2026-08-17 07:44:57.800,obj001,1023.646,90.100,-2160.666
2026-08-17 07:44:57.800,obj002,398.237,90.100,-2072.965
2026-08-17 07:44:57.800,obj003,927.008,90.095,-2233.303
2026-08-17 07:44:57.800,obj004,672.640,90.100,-2271.969
2026-08-17 07:44:57.816,obj001,1021.504,90.100,-2159.953
2026-08-17 07:44:57.816,obj002,400.084,90.100,-2074.133
2026-08-17 07:44:57.816,obj003,926.772,90.098,-2231.130
2026-08-17 07:44:57.816,obj004,674.456,90.100,-2273.184
2026-08-17 07:44:57.833,obj001,1019.431,90.101,-2159.263
2026-08-17 07:44:57.833,obj002,401.992,90.100,-2075.340
2026-08-17 07:44:57.833,obj003,926.529,90.099,-2228.888
2026-08-17 07:44:57.833,obj004,676.332,90.100,-2274.440
2026-08-17 07:44:57.850,obj001,1017.289,90.100,-2158.551
2026-08-17 07:44:57.850,obj002,403.839,90.100,-2076.508
2026-08-17 07:44:57.850,obj003,926.294,90.099,-2226.717
2026-08-17 07:44:57.850,obj004,678.148,90.100,-2275.656
2026-08-17 07:44:57.866,obj001,1017.289,90.100,-2158.551
2026-08-17 07:44:57.866,obj002,403.839,90.100,-2076.508
2026-08-17 07:44:57.866,obj003,926.294,90.099,-2226.717
2026-08-17 07:44:57.866,obj004,678.148,90.100,-2275.656
2026-08-17 07:44:57.883,obj001,1013.073,90.100,-2157.147
2026-08-17 07:44:57.883,obj002,407.594,90.100,-2078.883
2026-08-17 07:44:57.883,obj003,925.816,90.100,-2222.298
2026-08-17 07:44:57.883,obj004,681.840,90.100,-2278.128
2026-08-17 07:44:57.900,obj001,1010.999,90.100,-2156.457
2026-08-17 07:44:57.900,obj002,409.502,90.100,-2080.089
2026-08-17 07:44:57.900,obj003,925.573,90.099,-2220.054
2026-08-17 07:44:57.900,obj004,683.716,90.100,-2279.384
2026-08-17 07:44:57.916,obj001,1008.856,90.099,-2155.745
2026-08-17 07:44:57.916,obj002,411.349,90.100,-2081.257
2026-08-17 07:44:57.916,obj003,925.338,90.099,-2217.881
2026-08-17 07:44:57.916,obj004,685.533,90.100,-2280.599
2026-08-17 07:44:57.933,obj001,1006.782,90.100,-2155.055
2026-08-17 07:44:57.933,obj002,413.257,90.100,-2082.464
2026-08-17 07:44:57.933,obj003,925.095,90.100,-2215.637
2026-08-17 07:44:57.933,obj004,687.409,90.100,-2281.855
2026-08-17 07:44:57.950,obj001,1004.642,90.104,-2154.343
2026-08-17 07:44:57.950,obj002,415.104,90.100,-2083.632
2026-08-17 07:44:57.950,obj003,924.859,90.100,-2213.464
2026-08-17 07:44:57.950,obj004,689.225,90.100,-2283.071
2026-08-17 07:44:57.966,obj001,1004.642,90.104,-2154.343
2026-08-17 07:44:57.966,obj002,415.104,90.100,-2083.632
2026-08-17 07:44:57.966,obj003,924.859,90.100,-2213.464
2026-08-17 07:44:57.966,obj004,689.225,90.100,-2283.071
2026-08-17 07:44:57.983,obj001,1000.425,90.101,-2152.940
2026-08-17 07:44:57.983,obj002,418.860,90.100,-2086.007
2026-08-17 07:44:57.983,obj003,924.381,90.099,-2209.046
2026-08-17 07:44:57.983,obj004,692.917,90.100,-2285.543
2026-08-17 07:44:58.000,obj001,998.349,90.101,-2152.249
2026-08-17 07:44:58.000,obj002,420.768,90.100,-2087.213
2026-08-17 07:44:58.000,obj003,924.139,90.100,-2206.802
2026-08-17 07:44:58.000,obj004,694.793,90.100,-2286.799
2026-08-17 07:44:58.016,obj001,996.208,90.100,-2151.537
2026-08-17 07:44:58.016,obj002,422.615,90.100,-2088.382
2026-08-17 07:44:58.016,obj003,923.903,90.100,-2204.630
2026-08-17 07:44:58.016,obj004,696.609,90.100,-2288.014
2026-08-17 07:44:58.033,obj001,994.135,90.100,-2150.847
2026-08-17 07:44:58.033,obj002,424.523,90.100,-2089.588
2026-08-17 07:44:58.033,obj003,923.660,90.100,-2202.385
2026-08-17 07:44:58.033,obj004,698.485,90.100,-2289.270
2026-08-17 07:44:58.050,obj001,991.992,90.100,-2150.134
2026-08-17 07:44:58.050,obj002,426.370,90.100,-2090.756
2026-08-17 07:44:58.050,obj003,923.425,90.100,-2200.212
2026-08-17 07:44:58.050,obj004,700.302,90.100,-2290.486
2026-08-17 07:44:58.066,obj001,991.992,90.100,-2150.134
2026-08-17 07:44:58.066,obj002,426.370,90.100,-2090.756
2026-08-17 07:44:58.066,obj003,923.425,90.100,-2200.212
2026-08-17 07:44:58.066,obj004,700.302,90.100,-2290.486
2026-08-17 07:44:58.083,obj001,987.776,90.100,-2148.731
2026-08-17 07:44:58.083,obj002,430.125,90.100,-2093.131
2026-08-17 07:44:58.083,obj003,922.947,90.100,-2195.795
2026-08-17 07:44:58.083,obj004,703.994,90.100,-2292.958
2026-08-17 07:44:58.100,obj001,987.776,90.100,-2148.731
2026-08-17 07:44:58.100,obj002,430.125,90.100,-2093.131
2026-08-17 07:44:58.100,obj003,922.947,90.100,-2195.795
2026-08-17 07:44:58.100,obj004,703.994,90.100,-2292.958
2026-08-17 07:44:58.116,obj001,983.560,90.098,-2147.328
2026-08-17 07:44:58.116,obj002,433.880,90.100,-2095.506
2026-08-17 07:44:58.116,obj003,922.469,90.100,-2191.378
2026-08-17 07:44:58.116,obj004,707.686,90.100,-2295.429
2026-08-17 07:44:58.133,obj001,981.486,90.100,-2146.638
2026-08-17 07:44:58.133,obj002,435.788,90.100,-2096.712
2026-08-17 07:44:58.133,obj003,922.226,90.100,-2189.133
2026-08-17 07:44:58.133,obj004,709.562,90.100,-2296.685
2026-08-17 07:44:58.150,obj001,979.344,90.100,-2145.926
2026-08-17 07:44:58.150,obj002,437.635,90.100,-2097.881
2026-08-17 07:44:58.150,obj003,921.991,90.100,-2186.960
2026-08-17 07:44:58.150,obj004,711.378,90.100,-2297.901
2026-08-17 07:44:58.166,obj001,977.270,90.100,-2145.235
2026-08-17 07:44:58.166,obj002,439.543,90.100,-2099.087
2026-08-17 07:44:58.166,obj003,921.748,90.100,-2184.716
2026-08-17 07:44:58.166,obj004,713.254,90.100,-2299.157
2026-08-17 07:44:58.183,obj001,975.128,90.100,-2144.522
2026-08-17 07:44:58.183,obj002,441.390,90.100,-2100.255
2026-08-17 07:44:58.183,obj003,921.513,90.100,-2182.543
2026-08-17 07:44:58.183,obj004,715.071,90.100,-2300.373
2026-08-17 07:44:58.200,obj001,975.128,90.100,-2144.522
2026-08-17 07:44:58.200,obj002,441.390,90.100,-2100.255
2026-08-17 07:44:58.200,obj003,921.513,90.100,-2182.543
2026-08-17 07:44:58.200,obj004,715.071,90.100,-2300.373
2026-08-17 07:44:58.216,obj001,970.912,90.100,-2143.120
2026-08-17 07:44:58.216,obj002,445.146,90.100,-2102.630
2026-08-17 07:44:58.216,obj003,921.035,90.100,-2178.125
2026-08-17 07:44:58.216,obj004,718.762,90.101,-2302.844
2026-08-17 07:44:58.233,obj001,969.817,90.100,-2141.750
2026-08-17 07:44:58.233,obj002,447.053,90.100,-2103.837
2026-08-17 07:44:58.233,obj003,919.811,90.100,-2176.573
2026-08-17 07:44:58.233,obj004,720.639,90.100,-2304.100
2026-08-17 07:44:58.250,obj001,969.731,90.102,-2139.752
2026-08-17 07:44:58.250,obj002,448.901,90.100,-2105.005
2026-08-17 07:44:58.250,obj003,917.642,90.100,-2175.764
2026-08-17 07:44:58.250,obj004,722.456,90.100,-2305.316
2026-08-17 07:44:58.266,obj001,969.648,90.101,-2137.825
2026-08-17 07:44:58.266,obj002,450.809,90.100,-2106.211
2026-08-17 07:44:58.266,obj003,915.539,90.100,-2174.981
2026-08-17 07:44:58.266,obj004,724.332,90.100,-2306.572
2026-08-17 07:44:58.283,obj001,969.568,90.100,-2135.970
2026-08-17 07:44:58.283,obj002,452.656,90.100,-2107.380
2026-08-17 07:44:58.283,obj003,913.504,90.100,-2174.223
2026-08-17 07:44:58.283,obj004,726.148,90.100,-2307.787
2026-08-17 07:44:58.300,obj001,969.568,90.100,-2135.970
2026-08-17 07:44:58.300,obj002,452.656,90.100,-2107.380
2026-08-17 07:44:58.300,obj003,913.504,90.100,-2174.223
2026-08-17 07:44:58.300,obj004,726.148,90.100,-2307.787
2026-08-17 07:44:58.316,obj001,969.418,90.100,-2132.472
2026-08-17 07:44:58.316,obj002,456.411,90.100,-2109.754
2026-08-17 07:44:58.316,obj003,909.636,90.100,-2172.781
2026-08-17 07:44:58.316,obj004,729.841,90.100,-2310.259
2026-08-17 07:44:58.333,obj001,969.347,90.100,-2130.829
2026-08-17 07:44:58.333,obj002,458.319,90.100,-2110.961
2026-08-17 07:44:58.333,obj003,907.802,90.100,-2172.098
2026-08-17 07:44:58.333,obj004,731.716,90.100,-2311.515
2026-08-17 07:44:58.350,obj001,969.280,90.100,-2129.258
2026-08-17 07:44:58.350,obj002,460.166,90.100,-2112.129
2026-08-17 07:44:58.350,obj003,906.035,90.100,-2171.440
2026-08-17 07:44:58.350,obj004,733.533,90.100,-2312.731
2026-08-17 07:44:58.366,obj001,969.215,90.100,-2127.756
2026-08-17 07:44:58.366,obj002,462.074,90.100,-2113.336
2026-08-17 07:44:58.366,obj003,904.335,90.100,-2170.806
2026-08-17 07:44:58.366,obj004,735.409,90.100,-2313.986
2026-08-17 07:44:58.383,obj001,969.154,90.100,-2126.325
2026-08-17 07:44:58.383,obj002,463.921,90.100,-2114.504
2026-08-17 07:44:58.383,obj003,902.701,90.100,-2170.197
2026-08-17 07:44:58.383,obj004,737.225,90.101,-2315.202
2026-08-17 07:44:58.400,obj001,969.095,90.100,-2124.965
2026-08-17 07:44:58.400,obj002,465.829,90.100,-2115.710
2026-08-17 07:44:58.400,obj003,901.133,90.100,-2169.613
2026-08-17 07:44:58.400,obj004,739.101,90.101,-2316.458
2026-08-17 07:44:58.416,obj001,969.040,90.100,-2123.675
2026-08-17 07:44:58.416,obj002,467.676,90.100,-2116.879
2026-08-17 07:44:58.416,obj003,899.632,90.100,-2169.054
2026-08-17 07:44:58.416,obj004,740.917,90.100,-2317.674
2026-08-17 07:44:58.433,obj001,969.040,90.100,-2123.675
2026-08-17 07:44:58.433,obj002,467.676,90.100,-2116.879
2026-08-17 07:44:58.433,obj003,899.632,90.100,-2169.054
2026-08-17 07:44:58.433,obj004,740.917,90.100,-2317.674
2026-08-17 07:44:58.450,obj001,969.040,90.100,-2123.674
2026-08-17 07:44:58.450,obj002,471.431,90.100,-2119.253
2026-08-17 07:44:58.450,obj003,899.632,90.100,-2169.054
2026-08-17 07:44:58.450,obj004,744.610,90.100,-2320.145
2026-08-17 07:44:58.466,obj001,969.040,90.100,-2123.674
2026-08-17 07:44:58.466,obj002,471.431,90.100,-2119.253
2026-08-17 07:44:58.466,obj003,899.632,90.100,-2169.054
2026-08-17 07:44:58.466,obj004,744.610,90.100,-2320.145
2026-08-17 07:44:58.483,obj001,969.040,90.100,-2123.675
2026-08-17 07:44:58.483,obj002,475.187,90.100,-2121.628
2026-08-17 07:44:58.483,obj003,899.632,90.100,-2169.054
2026-08-17 07:44:58.483,obj004,748.302,90.099,-2322.617
2026-08-17 07:44:58.500,obj001,969.040,90.100,-2123.675
2026-08-17 07:44:58.500,obj002,475.187,90.100,-2121.628
2026-08-17 07:44:58.500,obj003,899.632,90.100,-2169.054
2026-08-17 07:44:58.500,obj004,748.302,90.099,-2322.617
2026-08-17 07:44:58.516,obj001,969.040,90.100,-2123.675
2026-08-17 07:44:58.516,obj002,478.942,90.100,-2124.003
2026-08-17 07:44:58.516,obj003,899.632,90.100,-2169.054
2026-08-17 07:44:58.516,obj004,751.993,90.099,-2325.089
2026-08-17 07:44:58.533,obj001,969.040,90.100,-2123.673
2026-08-17 07:44:58.533,obj002,480.850,90.100,-2125.209
2026-08-17 07:44:58.533,obj003,899.632,90.100,-2169.055
2026-08-17 07:44:58.533,obj004,753.869,90.100,-2326.345
2026-08-17 07:44:58.550,obj001,969.040,90.100,-2123.675
2026-08-17 07:44:58.550,obj002,482.697,90.100,-2126.378
2026-08-17 07:44:58.550,obj003,899.632,90.100,-2169.054
2026-08-17 07:44:58.550,obj004,755.686,90.100,-2327.560
2026-08-17 07:44:58.566,obj001,969.040,90.100,-2123.674
2026-08-17 07:44:58.566,obj002,484.605,90.100,-2127.584
2026-08-17 07:44:58.566,obj003,899.632,90.100,-2169.055
2026-08-17 07:44:58.566,obj004,757.562,90.100,-2328.816
2026-08-17 07:44:58.583,obj001,969.040,90.100,-2123.675
2026-08-17 07:44:58.583,obj002,486.452,90.100,-2128.752
2026-08-17 07:44:58.583,obj003,899.632,90.100,-2169.054
2026-08-17 07:44:58.583,obj004,759.378,90.100,-2330.032
2026-08-17 07:44:58.600,obj001,969.040,90.100,-2123.675
2026-08-17 07:44:58.600,obj002,486.452,90.100,-2128.752
2026-08-17 07:44:58.600,obj003,899.632,90.100,-2169.054
2026-08-17 07:44:58.600,obj004,759.378,90.100,-2330.032
2026-08-17 07:44:58.616,obj001,969.040,90.100,-2123.675
2026-08-17 07:44:58.616,obj002,490.207,90.100,-2131.127
2026-08-17 07:44:58.616,obj003,899.632,90.100,-2169.054
2026-08-17 07:44:58.616,obj004,763.070,90.100,-2332.503
2026-08-17 07:44:58.633,obj001,969.040,90.100,-2123.674
2026-08-17 07:44:58.633,obj002,492.115,90.100,-2132.334
2026-08-17 07:44:58.633,obj003,899.632,90.100,-2169.055
2026-08-17 07:44:58.633,obj004,764.946,90.100,-2333.759
2026-08-17 07:44:58.650,obj001,969.040,90.100,-2123.675
2026-08-17 07:44:58.650,obj002,493.962,90.100,-2133.502
2026-08-17 07:44:58.650,obj003,899.632,90.100,-2169.054
2026-08-17 07:44:58.650,obj004,766.763,90.100,-2334.975
2026-08-17 07:44:58.666,obj001,969.040,90.100,-2123.675
2026-08-17 07:44:58.666,obj002,493.962,90.100,-2133.502
2026-08-17 07:44:58.666,obj003,899.632,90.100,-2169.054
2026-08-17 07:44:58.666,obj004,766.763,90.100,-2334.975
2026-08-17 07:44:58.683,obj001,969.040,90.100,-2123.675
2026-08-17 07:44:58.683,obj002,497.717,90.100,-2135.877
2026-08-17 07:44:58.683,obj003,899.632,90.100,-2169.054
2026-08-17 07:44:58.683,obj004,770.455,90.100,-2337.446
2026-08-17 07:44:58.700,obj001,969.040,90.100,-2123.674
2026-08-17 07:44:58.700,obj002,499.625,90.100,-2137.083
2026-08-17 07:44:58.700,obj003,899.632,90.100,-2169.054
2026-08-17 07:44:58.700,obj004,772.331,90.100,-2338.702
2026-08-17 07:44:58.716,obj001,969.040,90.100,-2123.675
2026-08-17 07:44:58.716,obj002,501.472,90.100,-2138.251
2026-08-17 07:44:58.716,obj003,899.632,90.100,-2169.054
2026-08-17 07:44:58.716,obj004,774.147,90.100,-2339.918
2026-08-17 07:44:58.733,obj001,969.040,90.100,-2123.674
2026-08-17 07:44:58.733,obj002,503.380,90.100,-2139.458
2026-08-17 07:44:58.733,obj003,899.632,90.100,-2169.055
2026-08-17 07:44:58.733,obj004,776.023,90.100,-2341.173
2026-08-17 07:44:58.750,obj001,969.040,90.100,-2123.675
2026-08-17 07:44:58.750,obj002,505.228,90.100,-2140.626
2026-08-17 07:44:58.750,obj003,899.632,90.100,-2169.054
2026-08-17 07:44:58.750,obj004,777.840,90.100,-2342.389
2026-08-17 07:44:58.766,obj001,969.040,90.100,-2123.673
2026-08-17 07:44:58.766,obj002,507.135,90.100,-2141.833
2026-08-17 07:44:58.766,obj003,899.632,90.100,-2169.055
2026-08-17 07:44:58.766,obj004,779.716,90.100,-2343.645
2026-08-17 07:44:58.783,obj001,969.040,90.100,-2123.675
2026-08-17 07:44:58.783,obj002,508.983,90.100,-2143.001
2026-08-17 07:44:58.783,obj003,899.632,90.100,-2169.054
2026-08-17 07:44:58.783,obj004,781.532,90.100,-2344.860
2026-08-17 07:44:58.800,obj001,969.040,90.100,-2123.674
2026-08-17 07:44:58.800,obj002,510.891,90.100,-2144.207
2026-08-17 07:44:58.800,obj003,899.632,90.100,-2169.054
2026-08-17 07:44:58.800,obj004,783.408,90.100,-2346.116
2026-08-17 07:44:58.816,obj001,969.040,90.100,-2123.675
2026-08-17 07:44:58.816,obj002,512.738,90.100,-2145.376
2026-08-17 07:44:58.816,obj003,899.632,90.100,-2169.054
2026-08-17 07:44:58.816,obj004,785.224,90.100,-2347.332
2026-08-17 07:44:58.833,obj001,969.040,90.100,-2123.675
2026-08-17 07:44:58.833,obj002,512.738,90.100,-2145.376
2026-08-17 07:44:58.833,obj003,899.632,90.100,-2169.054
2026-08-17 07:44:58.833,obj004,785.224,90.100,-2347.332
2026-08-17 07:44:58.850,obj001,969.040,90.100,-2123.675
2026-08-17 07:44:58.850,obj002,516.493,90.100,-2147.750
2026-08-17 07:44:58.850,obj003,899.632,90.100,-2169.054
2026-08-17 07:44:58.850,obj004,788.917,90.100,-2349.803
2026-08-17 07:44:58.866,obj001,969.040,90.100,-2123.675
2026-08-17 07:44:58.866,obj002,516.493,90.100,-2147.750
2026-08-17 07:44:58.866,obj003,899.632,90.100,-2169.054
2026-08-17 07:44:58.866,obj004,788.917,90.100,-2349.803
2026-08-17 07:44:58.883,obj001,969.040,90.100,-2123.675
2026-08-17 07:44:58.883,obj002,520.248,90.100,-2150.125
2026-08-17 07:44:58.883,obj003,899.632,90.100,-2169.054
2026-08-17 07:44:58.883,obj004,792.609,90.100,-2352.275
2026-08-17 07:44:58.900,obj001,969.040,90.100,-2123.673
2026-08-17 07:44:58.900,obj002,522.156,90.100,-2151.332
2026-08-17 07:44:58.900,obj003,899.632,90.100,-2169.054
2026-08-17 07:44:58.900,obj004,794.485,90.100,-2353.530
2026-08-17 07:44:58.916,obj001,969.040,90.100,-2123.675
2026-08-17 07:44:58.916,obj002,524.003,90.100,-2152.500
2026-08-17 07:44:58.916,obj003,899.632,90.100,-2169.054
2026-08-17 07:44:58.916,obj004,796.301,90.100,-2354.746
2026-08-17 07:44:58.933,obj001,969.040,90.100,-2123.674
2026-08-17 07:44:58.933,obj002,525.911,90.100,-2153.706
2026-08-17 07:44:58.933,obj003,899.632,90.100,-2169.055
2026-08-17 07:44:58.933,obj004,798.177,90.100,-2356.002
2026-08-17 07:44:58.950,obj001,969.040,90.100,-2123.675
2026-08-17 07:44:58.950,obj002,527.758,90.100,-2154.875
2026-08-17 07:44:58.950,obj003,899.632,90.100,-2169.054
2026-08-17 07:44:58.950,obj004,799.993,90.100,-2357.218
2026-08-17 07:44:58.966,obj001,969.040,90.100,-2123.675
2026-08-17 07:44:58.966,obj002,527.758,90.100,-2154.875
2026-08-17 07:44:58.966,obj003,899.632,90.100,-2169.054
2026-08-17 07:44:58.966,obj004,799.993,90.100,-2357.218
2026-08-17 07:44:58.983,obj001,969.040,90.100,-2123.675
2026-08-17 07:44:58.983,obj002,531.513,90.100,-2157.249
2026-08-17 07:44:58.983,obj003,899.632,90.100,-2169.054
2026-08-17 07:44:58.983,obj004,803.686,90.100,-2359.689
2026-08-17 07:44:59.000,obj001,969.040,90.100,-2123.675
2026-08-17 07:44:59.000,obj002,531.513,90.100,-2157.249
2026-08-17 07:44:59.000,obj003,899.632,90.100,-2169.054
2026-08-17 07:44:59.000,obj004,803.686,90.100,-2359.689
2026-08-17 07:44:59.016,obj001,969.040,90.100,-2123.675
2026-08-17 07:44:59.016,obj002,535.268,90.100,-2159.624
2026-08-17 07:44:59.016,obj003,899.632,90.100,-2169.054
2026-08-17 07:44:59.016,obj004,807.378,90.100,-2362.160
2026-08-17 07:44:59.033,obj001,969.040,90.100,-2123.675
2026-08-17 07:44:59.033,obj002,535.268,90.100,-2159.624
2026-08-17 07:44:59.033,obj003,899.632,90.100,-2169.054
2026-08-17 07:44:59.033,obj004,807.378,90.100,-2362.160
2026-08-17 07:44:59.050,obj001,969.040,90.100,-2123.675
2026-08-17 07:44:59.050,obj002,539.024,90.100,-2161.999
2026-08-17 07:44:59.050,obj003,899.632,90.100,-2169.054
2026-08-17 07:44:59.050,obj004,811.070,90.100,-2364.632
2026-08-17 07:44:59.066,obj001,969.040,90.100,-2123.674
2026-08-17 07:44:59.066,obj002,540.932,90.100,-2163.205
2026-08-17 07:44:59.066,obj003,899.632,90.100,-2169.055
2026-08-17 07:44:59.066,obj004,812.946,90.100,-2365.887
2026-08-17 07:44:59.083,obj001,969.040,90.100,-2123.675
2026-08-17 07:44:59.083,obj002,542.779,90.100,-2164.374
2026-08-17 07:44:59.083,obj003,899.632,90.100,-2169.054
2026-08-17 07:44:59.083,obj004,814.763,90.100,-2367.103
2026-08-17 07:44:59.100,obj001,969.040,90.100,-2123.675
2026-08-17 07:44:59.100,obj002,542.779,90.100,-2164.374
2026-08-17 07:44:59.100,obj003,899.632,90.100,-2169.054
2026-08-17 07:44:59.100,obj004,814.763,90.100,-2367.103
2026-08-17 07:44:59.116,obj001,969.040,90.100,-2123.675
2026-08-17 07:44:59.116,obj002,546.534,90.100,-2166.748
2026-08-17 07:44:59.116,obj003,899.632,90.100,-2169.054
2026-08-17 07:44:59.116,obj004,818.455,90.100,-2369.575
2026-08-17 07:44:59.133,obj001,969.040,90.100,-2123.675
2026-08-17 07:44:59.133,obj002,546.534,90.100,-2166.748
2026-08-17 07:44:59.133,obj003,899.632,90.100,-2169.054
2026-08-17 07:44:59.133,obj004,818.455,90.100,-2369.575
2026-08-17 07:44:59.150,obj001,969.040,90.100,-2123.675
2026-08-17 07:44:59.150,obj002,550.289,90.100,-2169.123
2026-08-17 07:44:59.150,obj003,899.632,90.100,-2169.054
2026-08-17 07:44:59.150,obj004,822.147,90.100,-2372.046
2026-08-17 07:44:59.166,obj001,969.040,90.100,-2123.673
2026-08-17 07:44:59.166,obj002,552.197,90.100,-2170.330
2026-08-17 07:44:59.166,obj003,899.632,90.100,-2169.055
2026-08-17 07:44:59.166,obj004,824.023,90.100,-2373.302
2026-08-17 07:44:59.183,obj001,969.040,90.100,-2123.675
2026-08-17 07:44:59.183,obj002,554.044,90.100,-2171.498
2026-08-17 07:44:59.183,obj003,899.632,90.100,-2169.054
2026-08-17 07:44:59.183,obj004,825.840,90.100,-2374.518
2026-08-17 07:44:59.200,obj001,969.040,90.100,-2123.674
2026-08-17 07:44:59.200,obj002,555.952,90.100,-2172.705
2026-08-17 07:44:59.200,obj003,899.632,90.100,-2169.054
2026-08-17 07:44:59.200,obj004,827.716,90.100,-2375.773
2026-08-17 07:44:59.216,obj001,969.040,90.100,-2123.675
2026-08-17 07:44:59.216,obj002,557.799,90.100,-2173.873
2026-08-17 07:44:59.216,obj003,899.632,90.100,-2169.054
2026-08-17 07:44:59.216,obj004,829.532,90.100,-2376.989
2026-08-17 07:44:59.233,obj001,969.040,90.100,-2123.675
2026-08-17 07:44:59.233,obj002,557.799,90.100,-2173.873
2026-08-17 07:44:59.233,obj003,899.632,90.100,-2169.054
2026-08-17 07:44:59.233,obj004,829.532,90.100,-2376.989
2026-08-17 07:44:59.250,obj001,969.040,90.100,-2123.675
2026-08-17 07:44:59.250,obj002,561.554,90.100,-2176.247
2026-08-17 07:44:59.250,obj003,899.632,90.100,-2169.054
2026-08-17 07:44:59.250,obj004,833.224,90.100,-2379.460
2026-08-17 07:44:59.266,obj001,969.040,90.100,-2123.675
2026-08-17 07:44:59.266,obj002,561.554,90.100,-2176.247
2026-08-17 07:44:59.266,obj003,899.632,90.100,-2169.054
2026-08-17 07:44:59.266,obj004,833.224,90.100,-2379.460
2026-08-17 07:44:59.283,obj001,969.040,90.100,-2123.675
2026-08-17 07:44:59.283,obj002,565.310,90.100,-2178.622
2026-08-17 07:44:59.283,obj003,899.632,90.100,-2169.054
2026-08-17 07:44:59.283,obj004,836.917,90.100,-2381.932
2026-08-17 07:44:59.300,obj001,969.040,90.100,-2123.675
2026-08-17 07:44:59.300,obj002,565.310,90.100,-2178.622
2026-08-17 07:44:59.300,obj003,899.632,90.100,-2169.054
2026-08-17 07:44:59.300,obj004,836.917,90.100,-2381.932
2026-08-17 07:44:59.316,obj001,969.040,90.100,-2123.675
2026-08-17 07:44:59.316,obj002,569.065,90.100,-2180.997
2026-08-17 07:44:59.316,obj003,899.632,90.100,-2169.054
2026-08-17 07:44:59.316,obj004,840.609,90.100,-2384.403
2026-08-17 07:44:59.333,obj001,969.041,90.100,-2123.674
2026-08-17 07:44:59.333,obj002,570.973,90.100,-2182.204
2026-08-17 07:44:59.333,obj003,899.632,90.100,-2169.055
2026-08-17 07:44:59.333,obj004,842.485,90.100,-2385.659
2026-08-17 07:44:59.350,obj001,969.040,90.100,-2123.675
2026-08-17 07:44:59.350,obj002,572.820,90.100,-2183.372
2026-08-17 07:44:59.350,obj003,899.632,90.100,-2169.054
2026-08-17 07:44:59.350,obj004,844.301,90.100,-2386.875
2026-08-17 07:44:59.366,obj001,969.040,90.100,-2123.674
2026-08-17 07:44:59.366,obj002,574.728,90.100,-2184.578
2026-08-17 07:44:59.366,obj003,899.632,90.100,-2169.055
2026-08-17 07:44:59.366,obj004,846.177,90.099,-2388.131
2026-08-17 07:44:59.383,obj001,969.040,90.100,-2123.675
2026-08-17 07:44:59.383,obj002,576.575,90.100,-2185.747
2026-08-17 07:44:59.383,obj003,899.632,90.100,-2169.054
2026-08-17 07:44:59.383,obj004,847.993,90.099,-2389.347
2026-08-17 07:44:59.400,obj001,969.040,90.100,-2123.675
2026-08-17 07:44:59.400,obj002,576.575,90.100,-2185.747
2026-08-17 07:44:59.400,obj003,899.632,90.100,-2169.054
2026-08-17 07:44:59.400,obj004,847.993,90.099,-2389.347
2026-08-17 07:44:59.416,obj001,969.040,90.100,-2123.674
2026-08-17 07:44:59.416,obj002,580.330,90.100,-2188.121
2026-08-17 07:44:59.416,obj003,899.632,90.100,-2169.054
2026-08-17 07:44:59.416,obj004,851.685,90.100,-2391.818
2026-08-17 07:44:59.433,obj001,969.040,90.100,-2123.674
2026-08-17 07:44:59.433,obj002,580.330,90.100,-2188.121
2026-08-17 07:44:59.433,obj003,899.632,90.100,-2169.054
2026-08-17 07:44:59.433,obj004,851.685,90.100,-2391.818
2026-08-17 07:44:59.450,obj001,972.646,90.100,-2121.039
2026-08-17 07:44:59.450,obj002,584.085,90.100,-2190.496
2026-08-17 07:44:59.450,obj003,896.978,90.100,-2172.646
2026-08-17 07:44:59.450,obj004,855.378,90.099,-2394.290
2026-08-17 07:44:59.466,obj001,972.646,90.100,-2121.039
2026-08-17 07:44:59.466,obj002,584.085,90.100,-2190.496
2026-08-17 07:44:59.466,obj003,896.978,90.100,-2172.646
2026-08-17 07:44:59.466,obj004,855.378,90.099,-2394.290
2026-08-17 07:44:59.483,obj001,976.224,90.100,-2118.424
2026-08-17 07:44:59.483,obj002,587.840,90.100,-2192.871
2026-08-17 07:44:59.483,obj003,894.344,90.100,-2176.210
2026-08-17 07:44:59.483,obj004,859.069,90.100,-2396.762
2026-08-17 07:44:59.500,obj001,976.224,90.100,-2118.424
2026-08-17 07:44:59.500,obj002,587.840,90.100,-2192.871
2026-08-17 07:44:59.500,obj003,894.344,90.100,-2176.210
2026-08-17 07:44:59.500,obj004,859.069,90.100,-2396.762
2026-08-17 07:44:59.516,obj001,979.816,90.100,-2115.798
2026-08-17 07:44:59.516,obj002,591.595,90.100,-2195.246
2026-08-17 07:44:59.516,obj003,891.701,90.100,-2179.788
2026-08-17 07:44:59.516,obj004,862.762,90.100,-2399.233
2026-08-17 07:44:59.533,obj001,979.816,90.100,-2115.798
2026-08-17 07:44:59.533,obj002,591.595,90.100,-2195.246
2026-08-17 07:44:59.533,obj003,891.701,90.100,-2179.788
2026-08-17 07:44:59.533,obj004,862.762,90.100,-2399.233
2026-08-17 07:44:59.550,obj001,983.400,90.100,-2113.178
2026-08-17 07:44:59.550,obj002,595.351,90.100,-2197.620
2026-08-17 07:44:59.550,obj003,889.062,90.100,-2183.359
2026-08-17 07:44:59.550,obj004,866.453,90.102,-2401.704
2026-08-17 07:44:59.566,obj001,983.400,90.100,-2113.178
2026-08-17 07:44:59.566,obj002,595.351,90.100,-2197.620
2026-08-17 07:44:59.566,obj003,889.062,90.100,-2183.359
2026-08-17 07:44:59.566,obj004,866.453,90.102,-2401.704
2026-08-17 07:44:59.583,obj001,986.988,90.102,-2110.556
2026-08-17 07:44:59.583,obj002,599.106,90.100,-2199.995
2026-08-17 07:44:59.583,obj003,886.420,90.100,-2186.934
2026-08-17 07:44:59.583,obj004,870.148,90.100,-2404.178
2026-08-17 07:44:59.600,obj001,986.988,90.102,-2110.556
2026-08-17 07:44:59.600,obj002,599.106,90.100,-2199.995
2026-08-17 07:44:59.600,obj003,886.420,90.100,-2186.934
2026-08-17 07:44:59.600,obj004,870.148,90.100,-2404.178
2026-08-17 07:44:59.616,obj001,990.575,90.100,-2107.934
2026-08-17 07:44:59.616,obj002,602.861,90.100,-2202.370
2026-08-17 07:44:59.616,obj003,883.780,90.100,-2190.506
2026-08-17 07:44:59.616,obj004,873.839,90.100,-2406.648
2026-08-17 07:44:59.633,obj001,990.575,90.100,-2107.934
2026-08-17 07:44:59.633,obj002,602.861,90.100,-2202.370
2026-08-17 07:44:59.633,obj003,883.780,90.100,-2190.506
2026-08-17 07:44:59.633,obj004,873.839,90.100,-2406.648
2026-08-17 07:44:59.650,obj001,994.162,90.100,-2105.312
2026-08-17 07:44:59.650,obj002,606.616,90.100,-2204.745
2026-08-17 07:44:59.650,obj003,881.139,90.100,-2194.080
2026-08-17 07:44:59.650,obj004,877.532,90.100,-2409.120
2026-08-17 07:44:59.666,obj001,994.162,90.100,-2105.312
2026-08-17 07:44:59.666,obj002,606.616,90.100,-2204.745
2026-08-17 07:44:59.666,obj003,881.139,90.100,-2194.080
2026-08-17 07:44:59.666,obj004,877.532,90.100,-2409.120
2026-08-17 07:44:59.683,obj001,997.749,90.100,-2102.690
2026-08-17 07:44:59.683,obj002,610.371,90.100,-2207.119
2026-08-17 07:44:59.683,obj003,878.499,90.100,-2197.653
2026-08-17 07:44:59.683,obj004,881.224,90.100,-2411.592
2026-08-17 07:44:59.700,obj001,999.572,90.100,-2101.358
2026-08-17 07:44:59.700,obj002,612.279,90.100,-2208.326
2026-08-17 07:44:59.700,obj003,877.157,90.100,-2199.469
2026-08-17 07:44:59.700,obj004,883.100,90.100,-2412.847
2026-08-17 07:44:59.716,obj001,1001.337,90.099,-2100.068
2026-08-17 07:44:59.716,obj002,614.126,90.100,-2209.494
2026-08-17 07:44:59.716,obj003,875.858,90.100,-2201.227
2026-08-17 07:44:59.716,obj004,884.916,90.100,-2414.063
2026-08-17 07:44:59.733,obj001,1003.159,90.099,-2098.736
2026-08-17 07:44:59.733,obj002,616.034,90.100,-2210.701
2026-08-17 07:44:59.733,obj003,874.517,90.100,-2203.042
2026-08-17 07:44:59.733,obj004,886.792,90.100,-2415.319
2026-08-17 07:44:59.750,obj001,1004.924,90.100,-2097.447
2026-08-17 07:44:59.750,obj002,617.881,90.100,-2211.869
2026-08-17 07:44:59.750,obj003,873.218,90.100,-2204.800
2026-08-17 07:44:59.750,obj004,888.608,90.100,-2416.535
2026-08-17 07:44:59.766,obj001,1004.924,90.100,-2097.447
2026-08-17 07:44:59.766,obj002,617.881,90.100,-2211.869
2026-08-17 07:44:59.766,obj003,873.218,90.100,-2204.800
2026-08-17 07:44:59.766,obj004,888.608,90.100,-2416.535
2026-08-17 07:44:59.783,obj001,1008.511,90.100,-2094.824
2026-08-17 07:44:59.783,obj002,621.636,90.100,-2214.244
2026-08-17 07:44:59.783,obj003,870.577,90.100,-2208.373
2026-08-17 07:44:59.783,obj004,892.302,90.095,-2419.007
2026-08-17 07:44:59.800,obj001,1008.511,90.100,-2094.824
2026-08-17 07:44:59.800,obj002,621.636,90.100,-2214.244
2026-08-17 07:44:59.800,obj003,870.577,90.100,-2208.373
2026-08-17 07:44:59.800,obj004,892.302,90.095,-2419.007
2026-08-17 07:44:59.816,obj001,1012.097,90.101,-2092.203
2026-08-17 07:44:59.816,obj002,625.391,90.102,-2216.618
2026-08-17 07:44:59.816,obj003,867.937,90.100,-2211.947
2026-08-17 07:44:59.816,obj004,895.993,90.099,-2421.478
2026-08-17 07:44:59.833,obj001,1013.920,90.100,-2090.870
2026-08-17 07:44:59.833,obj002,627.300,90.101,-2217.825
2026-08-17 07:44:59.833,obj003,866.595,90.100,-2213.762
2026-08-17 07:44:59.833,obj004,897.869,90.099,-2422.734
2026-08-17 07:44:59.850,obj001,1015.685,90.100,-2089.580
2026-08-17 07:44:59.850,obj002,629.148,90.100,-2218.994
2026-08-17 07:44:59.850,obj003,865.296,90.101,-2215.520
2026-08-17 07:44:59.850,obj004,899.686,90.100,-2423.950
2026-08-17 07:44:59.866,obj001,1017.508,90.100,-2088.248
2026-08-17 07:44:59.866,obj002,631.056,90.100,-2220.201
2026-08-17 07:44:59.866,obj003,863.955,90.100,-2217.335
2026-08-17 07:44:59.866,obj004,901.561,90.100,-2425.205
2026-08-17 07:44:59.883,obj001,1019.272,90.100,-2086.959
2026-08-17 07:44:59.883,obj002,632.902,90.100,-2221.369
2026-08-17 07:44:59.883,obj003,862.656,90.100,-2219.093
2026-08-17 07:44:59.883,obj004,903.377,90.103,-2426.421
2026-08-17 07:44:59.900,obj001,1021.095,90.100,-2085.626
2026-08-17 07:44:59.900,obj002,634.811,90.100,-2222.575
2026-08-17 07:44:59.900,obj003,861.314,90.100,-2220.909
2026-08-17 07:44:59.900,obj004,905.253,90.101,-2427.677
2026-08-17 07:44:59.916,obj001,1022.859,90.100,-2084.337
2026-08-17 07:44:59.916,obj002,636.658,90.100,-2223.744
2026-08-17 07:44:59.916,obj003,860.015,90.100,-2222.667
2026-08-17 07:44:59.916,obj004,907.070,90.101,-2428.892
2026-08-17 07:44:59.933,obj001,1024.683,90.097,-2083.004
2026-08-17 07:44:59.933,obj002,638.566,90.100,-2224.950
2026-08-17 07:44:59.933,obj003,858.673,90.100,-2224.482
2026-08-17 07:44:59.933,obj004,908.946,90.100,-2430.148
2026-08-17 07:44:59.950,obj001,1026.447,90.099,-2081.714
2026-08-17 07:44:59.950,obj002,640.413,90.100,-2226.119
2026-08-17 07:44:59.950,obj003,857.374,90.100,-2226.240
2026-08-17 07:44:59.950,obj004,910.762,90.100,-2431.364
2026-08-17 07:44:59.966,obj001,1028.268,90.101,-2080.383
2026-08-17 07:44:59.966,obj002,642.321,90.100,-2227.325
2026-08-17 07:44:59.966,obj003,856.033,90.100,-2228.056
2026-08-17 07:44:59.966,obj004,912.638,90.100,-2432.620
2026-08-17 07:44:59.983,obj001,1030.032,90.101,-2079.094
2026-08-17 07:44:59.983,obj002,644.167,90.103,-2228.493
2026-08-17 07:44:59.983,obj003,854.734,90.101,-2229.813
2026-08-17 07:44:59.983,obj004,914.454,90.100,-2433.836
2026-08-17 07:45:00.000,obj001,1031.855,90.100,-2077.761
2026-08-17 07:45:00.000,obj002,646.075,90.101,-2229.700
2026-08-17 07:45:00.000,obj003,853.392,90.100,-2231.629
2026-08-17 07:45:00.000,obj004,916.330,90.100,-2435.092
2026-08-17 07:45:00.016,obj001,1033.621,90.100,-2076.470
2026-08-17 07:45:00.016,obj002,647.923,90.101,-2230.868
2026-08-17 07:45:00.016,obj003,852.093,90.100,-2233.386
2026-08-17 07:45:00.016,obj004,918.147,90.100,-2436.307
2026-08-17 07:45:00.033,obj001,1033.621,90.100,-2076.470
2026-08-17 07:45:00.033,obj002,647.923,90.101,-2230.868
2026-08-17 07:45:00.033,obj003,852.093,90.100,-2233.386
2026-08-17 07:45:00.033,obj004,918.147,90.100,-2436.307
2026-08-17 07:45:00.050,obj001,1037.207,90.100,-2073.849
2026-08-17 07:45:00.050,obj002,651.678,90.100,-2233.244
2026-08-17 07:45:00.050,obj003,849.453,90.099,-2236.960
2026-08-17 07:45:00.050,obj004,921.839,90.100,-2438.779
2026-08-17 07:45:00.066,obj001,1039.031,90.097,-2072.517
2026-08-17 07:45:00.066,obj002,653.586,90.100,-2234.450
2026-08-17 07:45:00.066,obj003,848.111,90.099,-2238.776
2026-08-17 07:45:00.066,obj004,923.715,90.100,-2440.035
2026-08-17 07:45:00.083,obj001,1040.796,90.098,-2071.228
2026-08-17 07:45:00.083,obj002,655.433,90.100,-2235.619
2026-08-17 07:45:00.083,obj003,846.812,90.100,-2240.533
2026-08-17 07:45:00.083,obj004,925.531,90.100,-2441.251
2026-08-17 07:45:00.100,obj001,1042.618,90.098,-2069.896
2026-08-17 07:45:00.100,obj002,657.341,90.100,-2236.825
2026-08-17 07:45:00.100,obj003,845.471,90.100,-2242.349
2026-08-17 07:45:00.100,obj004,927.406,90.104,-2442.506
2026-08-17 07:45:00.116,obj001,1044.382,90.099,-2068.608
2026-08-17 07:45:00.116,obj002,659.188,90.100,-2237.994
2026-08-17 07:45:00.116,obj003,844.170,90.093,-2244.109
2026-08-17 07:45:00.116,obj004,929.222,90.102,-2443.721
2026-08-17 07:45:00.133,obj001,1046.204,90.100,-2067.275
2026-08-17 07:45:00.133,obj002,661.096,90.100,-2239.200
2026-08-17 07:45:00.133,obj003,842.829,90.096,-2245.923
2026-08-17 07:45:00.133,obj004,931.100,90.101,-2444.978
2026-08-17 07:45:00.150,obj001,1047.969,90.100,-2065.986
2026-08-17 07:45:00.150,obj002,662.944,90.100,-2240.368
2026-08-17 07:45:00.150,obj003,841.531,90.098,-2247.681
2026-08-17 07:45:00.150,obj004,932.918,90.100,-2446.195
2026-08-17 07:45:00.166,obj001,1049.792,90.100,-2064.654
2026-08-17 07:45:00.166,obj002,664.851,90.100,-2241.575
2026-08-17 07:45:00.166,obj003,840.189,90.099,-2249.496
2026-08-17 07:45:00.166,obj004,934.793,90.100,-2447.450
2026-08-17 07:45:00.183,obj001,1051.556,90.100,-2063.364
2026-08-17 07:45:00.183,obj002,666.699,90.100,-2242.743
2026-08-17 07:45:00.183,obj003,838.890,90.099,-2251.254
2026-08-17 07:45:00.183,obj004,936.609,90.100,-2448.666
2026-08-17 07:45:00.200,obj001,1053.378,90.102,-2062.032
2026-08-17 07:45:00.200,obj002,668.607,90.100,-2243.950
2026-08-17 07:45:00.200,obj003,837.549,90.100,-2253.069
2026-08-17 07:45:00.200,obj004,938.485,90.100,-2449.922
2026-08-17 07:45:00.216,obj001,1055.143,90.101,-2060.743
2026-08-17 07:45:00.216,obj002,670.454,90.100,-2245.118
2026-08-17 07:45:00.216,obj003,836.250,90.100,-2254.827
2026-08-17 07:45:00.216,obj004,940.301,90.100,-2451.138
2026-08-17 07:45:00.233,obj001,1056.966,90.100,-2059.410
2026-08-17 07:45:00.233,obj002,672.362,90.100,-2246.325
2026-08-17 07:45:00.233,obj003,834.908,90.100,-2256.642
2026-08-17 07:45:00.233,obj004,942.177,90.100,-2452.394
2026-08-17 07:45:00.250,obj001,1058.731,90.100,-2058.120
2026-08-17 07:45:00.250,obj002,674.209,90.100,-2247.493
2026-08-17 07:45:00.250,obj003,833.609,90.099,-2258.401
2026-08-17 07:45:00.250,obj004,943.993,90.100,-2453.609
2026-08-17 07:45:00.266,obj001,1060.553,90.100,-2056.788
2026-08-17 07:45:00.266,obj002,676.117,90.100,-2248.700
2026-08-17 07:45:00.266,obj003,832.268,90.099,-2260.216
2026-08-17 07:45:00.266,obj004,945.869,90.100,-2454.865
2026-08-17 07:45:00.283,obj001,1062.318,90.100,-2055.498
2026-08-17 07:45:00.283,obj002,677.964,90.100,-2249.868
2026-08-17 07:45:00.283,obj003,830.969,90.100,-2261.974
2026-08-17 07:45:00.283,obj004,947.686,90.100,-2456.081
2026-08-17 07:45:00.300,obj001,1064.140,90.100,-2054.166
2026-08-17 07:45:00.300,obj002,679.872,90.100,-2251.075
2026-08-17 07:45:00.300,obj003,829.627,90.100,-2263.789
2026-08-17 07:45:00.300,obj004,949.562,90.100,-2457.337
2026-08-17 07:45:00.316,obj001,1065.905,90.100,-2052.876
2026-08-17 07:45:00.316,obj002,681.718,90.103,-2252.243
2026-08-17 07:45:00.316,obj003,828.328,90.099,-2265.548
2026-08-17 07:45:00.316,obj004,951.379,90.096,-2458.554
2026-08-17 07:45:00.333,obj001,1067.727,90.100,-2051.544
2026-08-17 07:45:00.333,obj002,683.627,90.101,-2253.450
2026-08-17 07:45:00.333,obj003,826.987,90.100,-2267.363
2026-08-17 07:45:00.333,obj004,953.255,90.098,-2459.809
2026-08-17 07:45:00.350,obj001,1069.492,90.100,-2050.254
2026-08-17 07:45:00.350,obj002,685.474,90.101,-2254.618
2026-08-17 07:45:00.350,obj003,825.688,90.100,-2269.121
2026-08-17 07:45:00.350,obj004,955.071,90.099,-2461.024
2026-08-17 07:45:00.366,obj001,1071.314,90.100,-2048.922
2026-08-17 07:45:00.366,obj002,687.382,90.100,-2255.825
2026-08-17 07:45:00.366,obj003,824.347,90.101,-2270.936
2026-08-17 07:45:00.366,obj004,956.947,90.099,-2462.280
2026-08-17 07:45:00.383,obj001,1073.079,90.099,-2047.632
2026-08-17 07:45:00.383,obj002,689.229,90.100,-2256.993
2026-08-17 07:45:00.383,obj003,823.048,90.100,-2272.694
2026-08-17 07:45:00.383,obj004,958.763,90.100,-2463.496
2026-08-17 07:45:00.400,obj001,1074.902,90.100,-2046.300
2026-08-17 07:45:00.400,obj002,691.137,90.100,-2258.200
2026-08-17 07:45:00.400,obj003,821.706,90.100,-2274.510
2026-08-17 07:45:00.400,obj004,960.639,90.100,-2464.752
2026-08-17 07:45:00.416,obj001,1076.666,90.100,-2045.011
2026-08-17 07:45:00.416,obj002,692.984,90.100,-2259.368
2026-08-17 07:45:00.416,obj003,820.407,90.100,-2276.268
2026-08-17 07:45:00.416,obj004,962.455,90.101,-2465.967
2026-08-17 07:45:00.433,obj001,1078.489,90.100,-2043.678
2026-08-17 07:45:00.433,obj002,694.892,90.100,-2260.575
2026-08-17 07:45:00.433,obj003,819.065,90.100,-2278.083
2026-08-17 07:45:00.433,obj004,964.331,90.100,-2467.223
2026-08-17 07:45:00.450,obj001,1080.253,90.100,-2042.389
2026-08-17 07:45:00.450,obj002,696.739,90.100,-2261.743
2026-08-17 07:45:00.450,obj003,817.766,90.100,-2279.841
2026-08-17 07:45:00.450,obj004,966.147,90.100,-2468.439
2026-08-17 07:45:00.466,obj001,1082.076,90.100,-2041.057
2026-08-17 07:45:00.466,obj002,698.646,90.102,-2262.949
2026-08-17 07:45:00.466,obj003,816.425,90.100,-2281.657
2026-08-17 07:45:00.466,obj004,968.023,90.100,-2469.695
2026-08-17 07:45:00.483,obj001,1083.842,90.096,-2039.766
2026-08-17 07:45:00.483,obj002,700.494,90.101,-2264.118
2026-08-17 07:45:00.483,obj003,815.126,90.100,-2283.415
2026-08-17 07:45:00.483,obj004,969.839,90.100,-2470.911
2026-08-17 07:45:00.500,obj001,1083.842,90.096,-2039.766
2026-08-17 07:45:00.500,obj002,700.494,90.101,-2264.118
2026-08-17 07:45:00.500,obj003,815.126,90.100,-2283.415
2026-08-17 07:45:00.500,obj004,969.839,90.100,-2470.911
2026-08-17 07:45:00.516,obj001,1087.428,90.099,-2037.145
2026-08-17 07:45:00.516,obj002,704.251,90.100,-2266.494
2026-08-17 07:45:00.516,obj003,812.485,90.100,-2286.988
2026-08-17 07:45:00.516,obj004,973.532,90.100,-2473.382
2026-08-17 07:45:00.533,obj001,1089.250,90.099,-2035.813
2026-08-17 07:45:00.533,obj002,706.158,90.100,-2267.700
2026-08-17 07:45:00.533,obj003,811.144,90.100,-2288.804
2026-08-17 07:45:00.533,obj004,975.408,90.100,-2474.638
2026-08-17 07:45:00.550,obj001,1091.014,90.102,-2034.523
2026-08-17 07:45:00.550,obj002,708.005,90.100,-2268.868
2026-08-17 07:45:00.550,obj003,809.845,90.100,-2290.561
2026-08-17 07:45:00.550,obj004,977.224,90.097,-2475.855
2026-08-17 07:45:00.566,obj001,1092.837,90.101,-2033.191
2026-08-17 07:45:00.566,obj002,709.913,90.100,-2270.075
2026-08-17 07:45:00.566,obj003,808.503,90.100,-2292.377
2026-08-17 07:45:00.566,obj004,979.100,90.099,-2477.110
2026-08-17 07:45:00.583,obj001,1094.602,90.100,-2031.901
2026-08-17 07:45:00.583,obj002,711.761,90.100,-2271.244
2026-08-17 07:45:00.583,obj003,807.204,90.100,-2294.135
2026-08-17 07:45:00.583,obj004,980.916,90.099,-2478.326
2026-08-17 07:45:00.600,obj001,1096.424,90.100,-2030.569
2026-08-17 07:45:00.600,obj002,713.668,90.100,-2272.450
2026-08-17 07:45:00.600,obj003,805.863,90.100,-2295.951
2026-08-17 07:45:00.600,obj004,982.792,90.100,-2479.582
2026-08-17 07:45:00.616,obj001,1098.189,90.100,-2029.279
2026-08-17 07:45:00.616,obj002,715.515,90.100,-2273.618
2026-08-17 07:45:00.616,obj003,804.564,90.100,-2297.708
2026-08-17 07:45:00.616,obj004,984.608,90.100,-2480.798
2026-08-17 07:45:00.633,obj001,1100.012,90.100,-2027.947
2026-08-17 07:45:00.633,obj002,717.423,90.100,-2274.825
2026-08-17 07:45:00.633,obj003,803.222,90.100,-2299.524
2026-08-17 07:45:00.633,obj004,986.483,90.105,-2482.053
2026-08-17 07:45:00.650,obj001,1101.776,90.100,-2026.657
2026-08-17 07:45:00.650,obj002,719.271,90.100,-2275.993
2026-08-17 07:45:00.650,obj003,801.923,90.100,-2301.282
2026-08-17 07:45:00.650,obj004,988.299,90.102,-2483.268
2026-08-17 07:45:00.666,obj001,1101.776,90.100,-2026.657
2026-08-17 07:45:00.666,obj002,719.271,90.100,-2275.993
2026-08-17 07:45:00.666,obj003,801.923,90.100,-2301.282
2026-08-17 07:45:00.666,obj004,988.299,90.102,-2483.268
2026-08-17 07:45:00.683,obj001,1105.363,90.100,-2024.035
2026-08-17 07:45:00.683,obj002,723.026,90.100,-2278.368
2026-08-17 07:45:00.683,obj003,799.282,90.100,-2304.855
2026-08-17 07:45:00.683,obj004,991.995,90.100,-2485.742
2026-08-17 07:45:00.700,obj001,1105.363,90.100,-2024.035
2026-08-17 07:45:00.700,obj002,723.026,90.100,-2278.368
2026-08-17 07:45:00.700,obj003,799.282,90.100,-2304.855
2026-08-17 07:45:00.700,obj004,991.995,90.100,-2485.742
2026-08-17 07:45:00.716,obj001,1108.948,90.107,-2021.415
2026-08-17 07:45:00.716,obj002,726.781,90.100,-2280.743
2026-08-17 07:45:00.716,obj003,796.642,90.100,-2308.429
2026-08-17 07:45:00.716,obj004,995.686,90.100,-2488.213
2026-08-17 07:45:00.733,obj001,1110.771,90.104,-2020.083
2026-08-17 07:45:00.733,obj002,728.689,90.100,-2281.950
2026-08-17 07:45:00.733,obj003,795.300,90.100,-2310.245
2026-08-17 07:45:00.733,obj004,997.562,90.100,-2489.469
2026-08-17 07:45:00.750,obj001,1112.536,90.102,-2018.792
2026-08-17 07:45:00.750,obj002,730.536,90.100,-2283.118
2026-08-17 07:45:00.750,obj003,794.001,90.100,-2312.002
2026-08-17 07:45:00.750,obj004,999.379,90.100,-2490.685
2026-08-17 07:45:00.766,obj001,1112.536,90.102,-2018.792
2026-08-17 07:45:00.766,obj002,730.536,90.100,-2283.118
2026-08-17 07:45:00.766,obj003,794.001,90.100,-2312.002
2026-08-17 07:45:00.766,obj004,999.379,90.100,-2490.685
2026-08-17 07:45:00.783,obj001,1116.124,90.100,-2016.170
2026-08-17 07:45:00.783,obj002,734.291,90.100,-2285.492
2026-08-17 07:45:00.783,obj003,791.361,90.100,-2315.576
2026-08-17 07:45:00.783,obj004,1003.071,90.100,-2493.156
2026-08-17 07:45:00.800,obj001,1116.124,90.100,-2016.170
2026-08-17 07:45:00.800,obj002,734.291,90.100,-2285.492
2026-08-17 07:45:00.800,obj003,791.361,90.100,-2315.576
2026-08-17 07:45:00.800,obj004,1003.071,90.100,-2493.156
2026-08-17 07:45:00.816,obj001,1119.711,90.100,-2013.548
2026-08-17 07:45:00.816,obj002,736.981,90.100,-2287.258
2026-08-17 07:45:00.816,obj003,789.773,90.100,-2319.752
2026-08-17 07:45:00.816,obj004,1006.763,90.100,-2495.628
2026-08-17 07:45:00.833,obj001,1121.533,90.100,-2012.216
2026-08-17 07:45:00.833,obj002,736.707,90.100,-2287.194
2026-08-17 07:45:00.833,obj003,790.584,90.100,-2322.656
2026-08-17 07:45:00.833,obj004,1008.640,90.094,-2496.885
2026-08-17 07:45:00.850,obj001,1123.298,90.098,-2010.926
2026-08-17 07:45:00.850,obj002,736.499,90.100,-2287.145
2026-08-17 07:45:00.850,obj003,791.374,90.100,-2325.490
2026-08-17 07:45:00.850,obj004,1010.456,90.097,-2498.101
2026-08-17 07:45:00.866,obj001,1123.298,90.098,-2010.926
2026-08-17 07:45:00.866,obj002,736.499,90.100,-2287.145
2026-08-17 07:45:00.866,obj003,791.374,90.100,-2325.490
2026-08-17 07:45:00.866,obj004,1010.456,90.097,-2498.101
2026-08-17 07:45:00.883,obj001,1126.884,90.104,-2008.306
2026-08-17 07:45:00.883,obj002,736.282,90.100,-2287.094
2026-08-17 07:45:00.883,obj003,792.896,90.100,-2330.948
2026-08-17 07:45:00.883,obj004,1014.145,90.099,-2500.570
2026-08-17 07:45:00.900,obj001,1126.884,90.104,-2008.306
2026-08-17 07:45:00.900,obj002,736.282,90.100,-2287.094
2026-08-17 07:45:00.900,obj003,792.896,90.100,-2330.948
2026-08-17 07:45:00.900,obj004,1014.145,90.099,-2500.570
2026-08-17 07:45:00.916,obj001,1130.472,90.101,-2005.683
2026-08-17 07:45:00.916,obj002,736.274,90.100,-2287.093
2026-08-17 07:45:00.916,obj003,794.341,90.102,-2336.124
2026-08-17 07:45:00.916,obj004,1017.839,90.100,-2503.042
2026-08-17 07:45:00.933,obj001,1130.472,90.101,-2005.683
2026-08-17 07:45:00.933,obj002,736.274,90.100,-2287.093
2026-08-17 07:45:00.933,obj003,794.341,90.102,-2336.124
2026-08-17 07:45:00.933,obj004,1017.839,90.100,-2503.042
2026-08-17 07:45:00.950,obj001,1134.059,90.100,-2003.061
2026-08-17 07:45:00.950,obj002,736.273,90.100,-2287.092
2026-08-17 07:45:00.950,obj003,795.709,90.100,-2341.022
2026-08-17 07:45:00.950,obj004,1021.530,90.100,-2505.513
2026-08-17 07:45:00.966,obj001,1134.059,90.100,-2003.061
2026-08-17 07:45:00.966,obj002,736.273,90.100,-2287.092
2026-08-17 07:45:00.966,obj003,795.709,90.100,-2341.022
2026-08-17 07:45:00.966,obj004,1021.530,90.100,-2505.513
2026-08-17 07:45:00.983,obj001,1137.646,90.100,-2000.439
2026-08-17 07:45:00.983,obj002,736.273,90.100,-2287.093
2026-08-17 07:45:00.983,obj003,796.998,90.100,-2345.641
2026-08-17 07:45:00.983,obj004,1025.223,90.100,-2507.985
2026-08-17 07:45:01.000,obj001,1139.470,90.096,-1999.106
2026-08-17 07:45:01.000,obj002,736.274,90.100,-2287.092
2026-08-17 07:45:01.000,obj003,797.614,90.100,-2347.846
2026-08-17 07:45:01.000,obj004,1027.099,90.100,-2509.241
2026-08-17 07:45:01.016,obj001,1141.234,90.098,-1997.816
2026-08-17 07:45:01.016,obj002,736.273,90.100,-2287.093
2026-08-17 07:45:01.016,obj003,797.614,90.100,-2347.846
2026-08-17 07:45:01.016,obj004,1028.915,90.100,-2510.456
2026-08-17 07:45:01.033,obj001,1143.055,90.099,-1996.485
2026-08-17 07:45:01.033,obj002,736.273,90.100,-2287.092
2026-08-17 07:45:01.033,obj003,797.614,90.100,-2347.846
2026-08-17 07:45:01.033,obj004,1030.791,90.100,-2511.712
2026-08-17 07:45:01.050,obj001,1144.818,90.099,-1995.196
2026-08-17 07:45:01.050,obj002,736.273,90.100,-2287.092
2026-08-17 07:45:01.050,obj003,797.614,90.100,-2347.846
2026-08-17 07:45:01.050,obj004,1032.605,90.108,-2512.927
2026-08-17 07:45:01.066,obj001,1144.818,90.099,-1995.196
2026-08-17 07:45:01.066,obj002,736.273,90.100,-2287.092
2026-08-17 07:45:01.066,obj003,797.614,90.100,-2347.846
2026-08-17 07:45:01.066,obj004,1032.605,90.108,-2512.927
2026-08-17 07:45:01.083,obj001,1148.406,90.103,-1992.575
2026-08-17 07:45:01.083,obj002,736.273,90.100,-2287.093
2026-08-17 07:45:01.083,obj003,797.614,90.100,-2347.846
2026-08-17 07:45:01.083,obj004,1036.299,90.102,-2515.399
2026-08-17 07:45:01.100,obj001,1150.229,90.101,-1991.243
2026-08-17 07:45:01.100,obj002,736.273,90.100,-2287.092
2026-08-17 07:45:01.100,obj003,797.614,90.100,-2347.846
2026-08-17 07:45:01.100,obj004,1038.175,90.101,-2516.655
2026-08-17 07:45:01.116,obj001,1151.993,90.101,-1989.953
2026-08-17 07:45:01.116,obj002,736.273,90.100,-2287.092
2026-08-17 07:45:01.116,obj003,797.614,90.100,-2347.846
2026-08-17 07:45:01.116,obj004,1039.991,90.100,-2517.871
2026-08-17 07:45:01.133,obj001,1153.816,90.100,-1988.621
2026-08-17 07:45:01.133,obj002,736.273,90.100,-2287.093
2026-08-17 07:45:01.133,obj003,797.614,90.100,-2347.846
2026-08-17 07:45:01.133,obj004,1041.867,90.100,-2519.127
2026-08-17 07:45:01.150,obj001,1155.581,90.100,-1987.331
2026-08-17 07:45:01.150,obj002,736.273,90.100,-2287.093
2026-08-17 07:45:01.150,obj003,797.614,90.100,-2347.846
2026-08-17 07:45:01.150,obj004,1043.684,90.100,-2520.342
2026-08-17 07:45:01.166,obj001,1155.581,90.100,-1987.331
2026-08-17 07:45:01.166,obj002,736.273,90.100,-2287.093
2026-08-17 07:45:01.166,obj003,797.614,90.100,-2347.846
2026-08-17 07:45:01.166,obj004,1043.684,90.100,-2520.342
2026-08-17 07:45:01.183,obj001,1159.168,90.100,-1984.709
2026-08-17 07:45:01.183,obj002,736.273,90.100,-2287.092
2026-08-17 07:45:01.183,obj003,797.614,90.100,-2347.846
2026-08-17 07:45:01.183,obj004,1047.376,90.100,-2522.814
2026-08-17 07:45:01.200,obj001,1160.989,90.104,-1983.378
2026-08-17 07:45:01.200,obj002,736.273,90.100,-2287.092
2026-08-17 07:45:01.200,obj003,797.614,90.100,-2347.846
2026-08-17 07:45:01.200,obj004,1049.252,90.100,-2524.070
2026-08-17 07:45:01.216,obj001,1162.754,90.102,-1982.088
2026-08-17 07:45:01.216,obj002,736.273,90.100,-2287.093
2026-08-17 07:45:01.216,obj003,797.614,90.100,-2347.846
2026-08-17 07:45:01.216,obj004,1051.068,90.100,-2525.285
2026-08-17 07:45:01.233,obj001,1162.754,90.102,-1982.088
2026-08-17 07:45:01.233,obj002,736.273,90.100,-2287.093
2026-08-17 07:45:01.233,obj003,797.614,90.100,-2347.846
2026-08-17 07:45:01.233,obj004,1051.068,90.100,-2525.285
2026-08-17 07:45:01.250,obj001,1166.344,90.101,-1979.464
2026-08-17 07:45:01.250,obj002,736.273,90.100,-2287.093
2026-08-17 07:45:01.250,obj003,797.614,90.100,-2347.846
2026-08-17 07:45:01.250,obj004,1054.760,90.100,-2527.757
2026-08-17 07:45:01.266,obj001,1168.166,90.100,-1978.133
2026-08-17 07:45:01.266,obj002,736.273,90.100,-2287.092
2026-08-17 07:45:01.266,obj003,797.614,90.100,-2347.846
2026-08-17 07:45:01.266,obj004,1056.636,90.100,-2529.013
2026-08-17 07:45:01.283,obj001,1169.930,90.100,-1976.843
2026-08-17 07:45:01.283,obj002,736.273,90.100,-2287.093
2026-08-17 07:45:01.283,obj003,797.614,90.100,-2347.846
2026-08-17 07:45:01.283,obj004,1058.453,90.100,-2530.229
2026-08-17 07:45:01.300,obj001,1171.752,90.100,-1975.511
2026-08-17 07:45:01.300,obj002,736.273,90.100,-2287.092
2026-08-17 07:45:01.300,obj003,797.614,90.100,-2347.846
2026-08-17 07:45:01.300,obj004,1060.329,90.100,-2531.485
2026-08-17 07:45:01.316,obj001,1173.517,90.102,-1974.221
2026-08-17 07:45:01.316,obj002,736.273,90.100,-2287.093
2026-08-17 07:45:01.316,obj003,797.614,90.100,-2347.846
2026-08-17 07:45:01.316,obj004,1062.145,90.100,-2532.700
2026-08-17 07:45:01.333,obj001,1175.340,90.101,-1972.889
2026-08-17 07:45:01.333,obj002,736.273,90.100,-2287.092
2026-08-17 07:45:01.333,obj003,797.614,90.100,-2347.846
2026-08-17 07:45:01.333,obj004,1064.021,90.100,-2533.956
2026-08-17 07:45:01.350,obj001,1177.104,90.100,-1971.599
2026-08-17 07:45:01.350,obj002,736.273,90.100,-2287.093
2026-08-17 07:45:01.350,obj003,797.614,90.100,-2347.846
2026-08-17 07:45:01.350,obj004,1065.836,90.104,-2535.171
2026-08-17 07:45:01.366,obj001,1177.104,90.100,-1971.599
2026-08-17 07:45:01.366,obj002,736.273,90.100,-2287.093
2026-08-17 07:45:01.366,obj003,797.614,90.100,-2347.846
2026-08-17 07:45:01.366,obj004,1065.836,90.104,-2535.171
2026-08-17 07:45:01.383,obj001,1180.691,90.100,-1968.977
2026-08-17 07:45:01.383,obj002,736.273,90.100,-2287.093
2026-08-17 07:45:01.383,obj003,797.614,90.100,-2347.846
2026-08-17 07:45:01.383,obj004,1069.529,90.101,-2537.644
2026-08-17 07:45:01.400,obj001,1182.514,90.100,-1967.645
2026-08-17 07:45:01.400,obj002,736.273,90.100,-2287.092
2026-08-17 07:45:01.400,obj003,797.614,90.100,-2347.846
2026-08-17 07:45:01.400,obj004,1071.405,90.100,-2538.899
2026-08-17 07:45:01.416,obj001,1184.278,90.100,-1966.355
2026-08-17 07:45:01.416,obj002,736.273,90.100,-2287.092
2026-08-17 07:45:01.416,obj003,797.614,90.100,-2347.846
2026-08-17 07:45:01.416,obj004,1073.222,90.100,-2540.115
2026-08-17 07:45:01.433,obj001,1184.278,90.100,-1966.355
2026-08-17 07:45:01.433,obj002,736.273,90.100,-2287.092
2026-08-17 07:45:01.433,obj003,797.614,90.100,-2347.846
2026-08-17 07:45:01.433,obj004,1073.222,90.100,-2540.115
2026-08-17 07:45:01.450,obj001,1187.864,90.103,-1963.735
2026-08-17 07:45:01.450,obj002,736.273,90.100,-2287.093
2026-08-17 07:45:01.450,obj003,797.614,90.100,-2347.846
2026-08-17 07:45:01.450,obj004,1076.914,90.100,-2542.587
2026-08-17 07:45:01.466,obj001,1189.689,90.102,-1962.401
2026-08-17 07:45:01.466,obj002,736.273,90.100,-2287.092
2026-08-17 07:45:01.466,obj003,797.614,90.100,-2347.846
2026-08-17 07:45:01.466,obj004,1078.790,90.100,-2543.843
2026-08-17 07:45:01.483,obj001,1191.455,90.101,-1961.110
2026-08-17 07:45:01.483,obj002,736.273,90.100,-2287.093
2026-08-17 07:45:01.483,obj003,797.614,90.100,-2347.846
2026-08-17 07:45:01.483,obj004,1080.606,90.100,-2545.059
2026-08-17 07:45:01.500,obj001,1193.277,90.100,-1959.779
2026-08-17 07:45:01.500,obj002,736.273,90.100,-2287.092
2026-08-17 07:45:01.500,obj003,797.614,90.100,-2347.846
2026-08-17 07:45:01.500,obj004,1082.482,90.100,-2546.314
2026-08-17 07:45:01.516,obj001,1195.041,90.100,-1958.490
2026-08-17 07:45:01.516,obj002,736.273,90.100,-2287.093
2026-08-17 07:45:01.516,obj003,797.614,90.100,-2347.846
2026-08-17 07:45:01.516,obj004,1084.298,90.102,-2547.530
2026-08-17 07:45:01.533,obj001,1195.041,90.100,-1958.490
2026-08-17 07:45:01.533,obj002,736.273,90.100,-2287.093
2026-08-17 07:45:01.533,obj003,797.614,90.100,-2347.846
2026-08-17 07:45:01.533,obj004,1084.298,90.102,-2547.530
2026-08-17 07:45:01.550,obj001,1198.629,90.100,-1955.867
2026-08-17 07:45:01.550,obj002,736.273,90.100,-2287.093
2026-08-17 07:45:01.550,obj003,797.614,90.100,-2347.846
2026-08-17 07:45:01.550,obj004,1087.990,90.100,-2550.001
2026-08-17 07:45:01.566,obj001,1200.451,90.100,-1954.535
2026-08-17 07:45:01.566,obj002,736.273,90.100,-2287.092
2026-08-17 07:45:01.566,obj003,797.614,90.100,-2347.846
2026-08-17 07:45:01.566,obj004,1089.866,90.100,-2551.257
2026-08-17 07:45:01.583,obj001,1202.216,90.098,-1953.245
2026-08-17 07:45:01.583,obj002,736.273,90.100,-2287.093
2026-08-17 07:45:01.583,obj003,797.614,90.100,-2347.846
2026-08-17 07:45:01.583,obj004,1091.683,90.100,-2552.473
2026-08-17 07:45:01.600,obj001,1204.038,90.099,-1951.913
2026-08-17 07:45:01.600,obj002,736.273,90.100,-2287.092
2026-08-17 07:45:01.600,obj003,797.614,90.100,-2347.846
2026-08-17 07:45:01.600,obj004,1093.559,90.100,-2553.729
2026-08-17 07:45:01.616,obj001,1205.804,90.096,-1950.622
2026-08-17 07:45:01.616,obj002,736.274,90.100,-2287.093
2026-08-17 07:45:01.616,obj003,797.614,90.100,-2347.846
2026-08-17 07:45:01.616,obj004,1095.375,90.100,-2554.945
2026-08-17 07:45:01.633,obj001,1207.626,90.098,-1949.290
2026-08-17 07:45:01.633,obj002,736.273,90.100,-2287.092
2026-08-17 07:45:01.633,obj003,797.614,90.100,-2347.846
2026-08-17 07:45:01.633,obj004,1097.251,90.100,-2556.200
2026-08-17 07:45:01.650,obj001,1209.390,90.099,-1948.001
2026-08-17 07:45:01.650,obj002,736.273,90.100,-2287.093
2026-08-17 07:45:01.650,obj003,797.614,90.100,-2347.846
2026-08-17 07:45:01.650,obj004,1099.067,90.100,-2557.416
2026-08-17 07:45:01.666,obj001,1211.212,90.099,-1946.669
2026-08-17 07:45:01.666,obj002,736.273,90.100,-2287.092
2026-08-17 07:45:01.666,obj003,797.614,90.100,-2347.846
2026-08-17 07:45:01.666,obj004,1100.943,90.100,-2558.672
2026-08-17 07:45:01.683,obj001,1212.977,90.100,-1945.379
2026-08-17 07:45:01.683,obj002,736.273,90.100,-2287.092
2026-08-17 07:45:01.683,obj003,797.614,90.100,-2347.846
2026-08-17 07:45:01.683,obj004,1102.759,90.100,-2559.888
2026-08-17 07:45:01.700,obj001,1212.977,90.100,-1945.379
2026-08-17 07:45:01.700,obj002,736.273,90.100,-2287.092
2026-08-17 07:45:01.700,obj003,797.614,90.100,-2347.846
2026-08-17 07:45:01.700,obj004,1102.759,90.100,-2559.888
2026-08-17 07:45:01.716,obj001,1216.564,90.099,-1942.757
2026-08-17 07:45:01.716,obj002,736.273,90.100,-2287.093
2026-08-17 07:45:01.716,obj003,797.614,90.100,-2347.846
2026-08-17 07:45:01.716,obj004,1106.452,90.100,-2562.359
2026-08-17 07:45:01.733,obj001,1216.564,90.099,-1942.757
2026-08-17 07:45:01.733,obj002,736.273,90.100,-2287.093
2026-08-17 07:45:01.733,obj003,797.614,90.100,-2347.846
2026-08-17 07:45:01.733,obj004,1106.452,90.100,-2562.359
2026-08-17 07:45:01.750,obj001,1220.151,90.101,-1940.137
2026-08-17 07:45:01.750,obj002,736.273,90.100,-2287.092
2026-08-17 07:45:01.750,obj003,797.614,90.100,-2347.846
2026-08-17 07:45:01.750,obj004,1110.143,90.102,-2564.830
2026-08-17 07:45:01.766,obj001,1220.151,90.101,-1940.137
2026-08-17 07:45:01.766,obj002,736.273,90.100,-2287.092
2026-08-17 07:45:01.766,obj003,797.614,90.100,-2347.846
2026-08-17 07:45:01.766,obj004,1110.143,90.102,-2564.830
2026-08-17 07:45:01.783,obj001,1223.740,90.100,-1937.514
2026-08-17 07:45:01.783,obj002,736.273,90.100,-2287.093
2026-08-17 07:45:01.783,obj003,797.614,90.100,-2347.846
2026-08-17 07:45:01.783,obj004,1113.838,90.100,-2567.303
2026-08-17 07:45:01.800,obj001,1223.740,90.100,-1937.514
2026-08-17 07:45:01.800,obj002,736.273,90.100,-2287.093
2026-08-17 07:45:01.800,obj003,797.614,90.100,-2347.846
2026-08-17 07:45:01.800,obj004,1113.838,90.100,-2567.303
2026-08-17 07:45:01.816,obj001,1227.326,90.100,-1934.892
2026-08-17 07:45:01.816,obj002,736.273,90.100,-2287.092
2026-08-17 07:45:01.816,obj003,797.614,90.100,-2347.846
2026-08-17 07:45:01.816,obj004,1117.529,90.100,-2569.774
2026-08-17 07:45:01.833,obj001,1229.149,90.100,-1933.560
2026-08-17 07:45:01.833,obj002,736.273,90.100,-2287.092
2026-08-17 07:45:01.833,obj003,797.614,90.100,-2347.846
2026-08-17 07:45:01.833,obj004,1119.405,90.100,-2571.030
2026-08-17 07:45:01.850,obj001,1230.914,90.100,-1932.270
2026-08-17 07:45:01.850,obj002,736.273,90.100,-2287.093
2026-08-17 07:45:01.850,obj003,797.614,90.100,-2347.846
2026-08-17 07:45:01.850,obj004,1121.222,90.100,-2572.246
2026-08-17 07:45:01.866,obj001,1230.914,90.100,-1932.270
2026-08-17 07:45:01.866,obj002,736.273,90.100,-2287.093
2026-08-17 07:45:01.866,obj003,797.614,90.100,-2347.846
2026-08-17 07:45:01.866,obj004,1121.222,90.100,-2572.246
2026-08-17 07:45:01.883,obj001,1234.500,90.100,-1929.648
2026-08-17 07:45:01.883,obj002,736.273,90.100,-2287.092
2026-08-17 07:45:01.883,obj003,797.614,90.100,-2347.846
2026-08-17 07:45:01.883,obj004,1124.914,90.100,-2574.717
2026-08-17 07:45:01.900,obj001,1234.500,90.100,-1929.648
2026-08-17 07:45:01.900,obj002,736.273,90.100,-2287.092
2026-08-17 07:45:01.900,obj003,797.614,90.100,-2347.846
2026-08-17 07:45:01.900,obj004,1124.914,90.100,-2574.717
2026-08-17 07:45:01.916,obj001,1238.088,90.100,-1927.026
2026-08-17 07:45:01.916,obj002,736.273,90.100,-2287.093
2026-08-17 07:45:01.916,obj003,797.614,90.100,-2347.846
2026-08-17 07:45:01.916,obj004,1128.607,90.100,-2577.189
2026-08-17 07:45:01.933,obj001,1238.088,90.100,-1927.026
2026-08-17 07:45:01.933,obj002,736.273,90.100,-2287.093
2026-08-17 07:45:01.933,obj003,797.614,90.100,-2347.846
2026-08-17 07:45:01.933,obj004,1128.607,90.100,-2577.189
2026-08-17 07:45:01.950,obj001,1241.675,90.100,-1924.405
2026-08-17 07:45:01.950,obj002,736.273,90.100,-2287.092
2026-08-17 07:45:01.950,obj003,797.614,90.100,-2347.846
2026-08-17 07:45:01.950,obj004,1132.299,90.100,-2579.660
2026-08-17 07:45:01.966,obj001,1243.498,90.098,-1923.072
2026-08-17 07:45:01.966,obj002,736.273,90.100,-2287.092
2026-08-17 07:45:01.966,obj003,797.614,90.100,-2347.846
2026-08-17 07:45:01.966,obj004,1134.173,90.104,-2580.916
2026-08-17 07:45:01.983,obj001,1245.262,90.099,-1921.782
2026-08-17 07:45:01.983,obj002,736.273,90.100,-2287.093
2026-08-17 07:45:01.983,obj003,797.614,90.100,-2347.846
2026-08-17 07:45:01.983,obj004,1135.989,90.102,-2582.132
2026-08-17 07:45:02.000,obj001,1245.262,90.099,-1921.782
2026-08-17 07:45:02.000,obj002,736.273,90.100,-2287.093
2026-08-17 07:45:02.000,obj003,797.614,90.100,-2347.846
2026-08-17 07:45:02.000,obj004,1135.989,90.102,-2582.132
2026-08-17 07:45:02.016,obj001,1248.848,90.102,-1919.162
2026-08-17 07:45:02.016,obj002,734.007,90.100,-2287.000
2026-08-17 07:45:02.016,obj003,799.272,90.098,-2349.396
2026-08-17 07:45:02.016,obj004,1139.684,90.100,-2584.606
2026-08-17 07:45:02.033,obj001,1250.671,90.101,-1917.829
2026-08-17 07:45:02.033,obj002,731.811,90.100,-2286.912
2026-08-17 07:45:02.033,obj003,800.877,90.099,-2350.896
2026-08-17 07:45:02.033,obj004,1141.560,90.100,-2585.861
2026-08-17 07:45:02.050,obj001,1252.436,90.100,-1916.539
2026-08-17 07:45:02.050,obj002,729.561,90.100,-2286.821
2026-08-17 07:45:02.050,obj003,802.521,90.099,-2352.434
2026-08-17 07:45:02.050,obj004,1143.375,90.100,-2587.077
2026-08-17 07:45:02.066,obj001,1254.258,90.100,-1915.207
2026-08-17 07:45:02.066,obj002,727.383,90.100,-2286.733
2026-08-17 07:45:02.066,obj003,804.113,90.099,-2353.923
2026-08-17 07:45:02.066,obj004,1145.252,90.100,-2588.333
2026-08-17 07:45:02.083,obj001,1256.023,90.100,-1913.918
2026-08-17 07:45:02.083,obj002,725.125,90.100,-2286.642
2026-08-17 07:45:02.083,obj003,805.764,90.100,-2355.466
2026-08-17 07:45:02.083,obj004,1147.068,90.100,-2589.549
2026-08-17 07:45:02.100,obj001,1257.845,90.100,-1912.585
2026-08-17 07:45:02.100,obj002,722.938,90.100,-2286.553
2026-08-17 07:45:02.100,obj003,807.363,90.099,-2356.962
2026-08-17 07:45:02.100,obj004,1148.944,90.100,-2590.804
2026-08-17 07:45:02.116,obj001,1259.610,90.099,-1911.295
2026-08-17 07:45:02.116,obj002,720.684,90.100,-2286.462
2026-08-17 07:45:02.116,obj003,809.011,90.099,-2358.502
2026-08-17 07:45:02.116,obj004,1150.760,90.100,-2592.020
2026-08-17 07:45:02.133,obj001,1261.431,90.109,-1909.966
2026-08-17 07:45:02.133,obj002,718.501,90.100,-2286.374
2026-08-17 07:45:02.133,obj003,810.606,90.100,-2359.994
2026-08-17 07:45:02.133,obj004,1152.636,90.100,-2593.276
2026-08-17 07:45:02.150,obj001,1263.196,90.104,-1908.678
2026-08-17 07:45:02.150,obj002,716.245,90.100,-2286.283
2026-08-17 07:45:02.150,obj003,812.255,90.099,-2361.537
2026-08-17 07:45:02.150,obj004,1154.453,90.100,-2594.492
2026-08-17 07:45:02.166,obj001,1265.022,90.102,-1907.344
2026-08-17 07:45:02.166,obj002,714.060,90.100,-2286.195
2026-08-17 07:45:02.166,obj003,813.852,90.099,-2363.030
2026-08-17 07:45:02.166,obj004,1156.328,90.103,-2595.747
2026-08-17 07:45:02.183,obj001,1266.790,90.101,-1906.052
2026-08-17 07:45:02.183,obj002,711.805,90.100,-2286.104
2026-08-17 07:45:02.183,obj003,815.501,90.100,-2364.571
2026-08-17 07:45:02.183,obj004,1158.144,90.102,-2596.963
2026-08-17 07:45:02.200,obj001,1268.611,90.101,-1904.721
2026-08-17 07:45:02.200,obj002,709.622,90.100,-2286.016
2026-08-17 07:45:02.200,obj003,817.096,90.100,-2366.064
2026-08-17 07:45:02.200,obj004,1160.021,90.101,-2598.219
2026-08-17 07:45:02.216,obj001,1270.374,90.100,-1903.432
2026-08-17 07:45:02.216,obj002,707.366,90.100,-2285.925
2026-08-17 07:45:02.216,obj003,818.746,90.096,-2367.607
2026-08-17 07:45:02.216,obj004,1161.839,90.100,-2599.436
2026-08-17 07:45:02.233,obj001,1270.374,90.100,-1903.432
2026-08-17 07:45:02.233,obj002,707.366,90.100,-2285.925
2026-08-17 07:45:02.233,obj003,818.746,90.096,-2367.607
2026-08-17 07:45:02.233,obj004,1161.839,90.100,-2599.436
2026-08-17 07:45:02.250,obj001,1273.963,90.100,-1900.809
2026-08-17 07:45:02.250,obj002,702.926,90.100,-2285.746
2026-08-17 07:45:02.250,obj003,821.991,90.099,-2370.641
2026-08-17 07:45:02.250,obj004,1165.530,90.100,-2601.907
2026-08-17 07:45:02.266,obj001,1275.785,90.100,-1899.477
2026-08-17 07:45:02.266,obj002,700.742,90.100,-2285.657
2026-08-17 07:45:02.266,obj003,823.586,90.099,-2372.132
2026-08-17 07:45:02.266,obj004,1167.406,90.100,-2603.163
2026-08-17 07:45:02.283,obj001,1277.549,90.100,-1898.187
2026-08-17 07:45:02.283,obj002,698.487,90.100,-2285.566
2026-08-17 07:45:02.283,obj003,825.235,90.100,-2373.674
2026-08-17 07:45:02.283,obj004,1169.223,90.100,-2604.379
2026-08-17 07:45:02.300,obj001,1279.372,90.100,-1896.855
2026-08-17 07:45:02.300,obj002,696.303,90.100,-2285.478
2026-08-17 07:45:02.300,obj003,826.833,90.097,-2375.168
2026-08-17 07:45:02.300,obj004,1171.098,90.100,-2605.634
2026-08-17 07:45:02.316,obj001,1281.136,90.103,-1895.567
2026-08-17 07:45:02.316,obj002,694.047,90.100,-2285.387
2026-08-17 07:45:02.316,obj003,828.481,90.098,-2376.710
2026-08-17 07:45:02.316,obj004,1172.915,90.100,-2606.850
2026-08-17 07:45:02.333,obj001,1282.959,90.102,-1894.234
2026-08-17 07:45:02.333,obj002,691.863,90.100,-2285.299
2026-08-17 07:45:02.333,obj003,830.077,90.099,-2378.202
2026-08-17 07:45:02.333,obj004,1174.791,90.100,-2608.106
2026-08-17 07:45:02.350,obj001,1284.723,90.101,-1892.944
2026-08-17 07:45:02.350,obj002,689.607,90.100,-2285.208
2026-08-17 07:45:02.350,obj003,831.726,90.100,-2379.744
2026-08-17 07:45:02.350,obj004,1176.607,90.100,-2609.322
2026-08-17 07:45:02.366,obj001,1284.723,90.101,-1892.944
2026-08-17 07:45:02.366,obj002,689.607,90.100,-2285.208
2026-08-17 07:45:02.366,obj003,831.726,90.100,-2379.744
2026-08-17 07:45:02.366,obj004,1176.607,90.100,-2609.322
2026-08-17 07:45:02.383,obj001,1288.310,90.100,-1890.322
2026-08-17 07:45:02.383,obj002,685.169,90.103,-2285.028
2026-08-17 07:45:02.383,obj003,834.973,90.095,-2382.780
2026-08-17 07:45:02.383,obj004,1180.299,90.100,-2611.793
2026-08-17 07:45:02.400,obj001,1290.133,90.100,-1888.990
2026-08-17 07:45:02.400,obj002,682.985,90.101,-2284.940
2026-08-17 07:45:02.400,obj003,836.569,90.098,-2384.272
2026-08-17 07:45:02.400,obj004,1182.173,90.107,-2613.048
2026-08-17 07:45:02.416,obj001,1291.898,90.100,-1887.700
2026-08-17 07:45:02.416,obj002,680.729,90.101,-2284.849
2026-08-17 07:45:02.416,obj003,838.217,90.099,-2385.813
2026-08-17 07:45:02.416,obj004,1183.989,90.104,-2614.264
2026-08-17 07:45:02.433,obj001,1293.721,90.095,-1886.367
2026-08-17 07:45:02.433,obj002,678.545,90.100,-2284.761
2026-08-17 07:45:02.433,obj003,839.812,90.099,-2387.305
2026-08-17 07:45:02.433,obj004,1185.868,90.102,-2615.522
2026-08-17 07:45:02.450,obj001,1295.486,90.098,-1885.077
2026-08-17 07:45:02.450,obj002,676.289,90.100,-2284.670
2026-08-17 07:45:02.450,obj003,841.461,90.099,-2388.847
2026-08-17 07:45:02.450,obj004,1187.686,90.101,-2616.739
2026-08-17 07:45:02.466,obj001,1295.486,90.098,-1885.077
2026-08-17 07:45:02.466,obj002,676.289,90.100,-2284.670
2026-08-17 07:45:02.466,obj003,841.461,90.099,-2388.847
2026-08-17 07:45:02.466,obj004,1187.686,90.101,-2616.739
2026-08-17 07:45:02.500,obj001,1299.068,90.106,-1882.459
2026-08-17 07:45:02.500,obj002,671.850,90.100,-2284.491
2026-08-17 07:45:02.500,obj003,844.707,90.100,-2391.882
2026-08-17 07:45:02.500,obj004,1191.376,90.100,-2619.210
2026-08-17 07:45:02.516,obj001,1302.657,90.101,-1879.835
2026-08-17 07:45:02.516,obj002,667.410,90.100,-2284.311
2026-08-17 07:45:02.516,obj003,847.952,90.099,-2394.917
2026-08-17 07:45:02.516,obj004,1195.070,90.100,-2621.682
2026-08-17 07:45:02.533,obj001,1302.657,90.101,-1879.835
2026-08-17 07:45:02.533,obj002,667.410,90.100,-2284.311
2026-08-17 07:45:02.533,obj003,847.952,90.099,-2394.917
2026-08-17 07:45:02.533,obj004,1195.070,90.100,-2621.682
2026-08-17 07:45:02.550,obj001,1306.244,90.100,-1877.214
2026-08-17 07:45:02.550,obj002,662.972,90.101,-2284.132
2026-08-17 07:45:02.550,obj003,851.197,90.100,-2397.952
2026-08-17 07:45:02.550,obj004,1198.762,90.100,-2624.153
2026-08-17 07:45:02.566,obj001,1308.067,90.100,-1875.882
2026-08-17 07:45:02.566,obj002,660.787,90.101,-2284.044
2026-08-17 07:45:02.566,obj003,852.794,90.100,-2399.444
2026-08-17 07:45:02.566,obj004,1200.638,90.100,-2625.409
2026-08-17 07:45:02.583,obj001,1309.831,90.100,-1874.592
2026-08-17 07:45:02.583,obj002,658.532,90.100,-2283.953
2026-08-17 07:45:02.583,obj003,854.443,90.100,-2400.986
2026-08-17 07:45:02.583,obj004,1202.454,90.100,-2626.625
2026-08-17 07:45:02.600,obj001,1311.654,90.100,-1873.260
2026-08-17 07:45:02.600,obj002,656.348,90.100,-2283.865
2026-08-17 07:45:02.600,obj003,856.039,90.100,-2402.479
2026-08-17 07:45:02.600,obj004,1204.330,90.100,-2627.880
2026-08-17 07:45:02.616,obj001,1313.418,90.100,-1871.970
2026-08-17 07:45:02.616,obj002,654.092,90.100,-2283.774
2026-08-17 07:45:02.616,obj003,857.688,90.099,-2404.021
2026-08-17 07:45:02.616,obj004,1206.146,90.100,-2629.096
2026-08-17 07:45:02.633,obj001,1315.246,90.081,-1870.634
2026-08-17 07:45:02.633,obj002,651.908,90.100,-2283.685
2026-08-17 07:45:02.633,obj003,859.284,90.100,-2405.514
2026-08-17 07:45:02.633,obj004,1208.022,90.100,-2630.352
2026-08-17 07:45:02.650,obj001,1317.010,90.091,-1869.344
2026-08-17 07:45:02.650,obj002,649.653,90.100,-2283.594
2026-08-17 07:45:02.650,obj003,860.933,90.100,-2407.056
2026-08-17 07:45:02.650,obj004,1209.839,90.100,-2631.568
2026-08-17 07:45:02.666,obj001,1318.826,90.095,-1868.017
2026-08-17 07:45:02.666,obj002,647.469,90.100,-2283.506
2026-08-17 07:45:02.666,obj003,862.529,90.100,-2408.549
2026-08-17 07:45:02.666,obj004,1211.715,90.100,-2632.824
2026-08-17 07:45:02.683,obj001,1320.584,90.098,-1866.732
2026-08-17 07:45:02.683,obj002,645.213,90.100,-2283.415
2026-08-17 07:45:02.683,obj003,864.178,90.100,-2410.091
2026-08-17 07:45:02.683,obj004,1213.531,90.100,-2634.040
2026-08-17 07:45:02.700,obj001,1320.584,90.098,-1866.732
2026-08-17 07:45:02.700,obj002,645.213,90.100,-2283.415
2026-08-17 07:45:02.700,obj003,864.178,90.100,-2410.091
2026-08-17 07:45:02.700,obj004,1213.531,90.100,-2634.040
2026-08-17 07:45:02.716,obj001,1324.176,90.099,-1864.106
2026-08-17 07:45:02.716,obj002,640.774,90.101,-2283.236
2026-08-17 07:45:02.716,obj003,867.424,90.099,-2413.126
2026-08-17 07:45:02.716,obj004,1217.223,90.100,-2636.511
2026-08-17 07:45:02.733,obj001,1324.176,90.099,-1864.106
2026-08-17 07:45:02.733,obj002,640.774,90.101,-2283.236
2026-08-17 07:45:02.733,obj003,867.424,90.099,-2413.126
2026-08-17 07:45:02.733,obj004,1217.223,90.100,-2636.511
2026-08-17 07:45:02.750,obj001,1327.759,90.103,-1861.488
2026-08-17 07:45:02.750,obj002,636.334,90.100,-2283.057
2026-08-17 07:45:02.750,obj003,870.669,90.100,-2416.160
2026-08-17 07:45:02.750,obj004,1220.915,90.100,-2638.983
2026-08-17 07:45:02.766,obj001,1329.585,90.102,-1860.154
2026-08-17 07:45:02.766,obj002,634.150,90.100,-2282.968
2026-08-17 07:45:02.766,obj003,872.265,90.100,-2417.653
2026-08-17 07:45:02.766,obj004,1222.791,90.100,-2640.239
2026-08-17 07:45:02.783,obj001,1331.352,90.101,-1858.862
2026-08-17 07:45:02.783,obj002,631.895,90.100,-2282.877
2026-08-17 07:45:02.783,obj003,873.915,90.097,-2419.195
2026-08-17 07:45:02.783,obj004,1224.608,90.100,-2641.455
2026-08-17 07:45:02.800,obj001,1333.174,90.100,-1857.531
2026-08-17 07:45:02.800,obj002,629.711,90.100,-2282.789
2026-08-17 07:45:02.800,obj003,875.511,90.099,-2420.688
2026-08-17 07:45:02.800,obj004,1226.484,90.100,-2642.710
2026-08-17 07:45:02.816,obj001,1334.937,90.100,-1856.242
2026-08-17 07:45:02.816,obj002,627.455,90.100,-2282.698
2026-08-17 07:45:02.816,obj003,877.159,90.099,-2422.229
2026-08-17 07:45:02.816,obj004,1228.300,90.100,-2643.926
2026-08-17 07:45:02.833,obj001,1336.760,90.100,-1854.909
2026-08-17 07:45:02.833,obj002,625.271,90.100,-2282.610
2026-08-17 07:45:02.833,obj003,878.755,90.100,-2423.722
2026-08-17 07:45:02.833,obj004,1230.176,90.100,-2645.182
2026-08-17 07:45:02.850,obj001,1338.525,90.100,-1853.619
2026-08-17 07:45:02.850,obj002,623.016,90.100,-2282.519
2026-08-17 07:45:02.850,obj003,880.404,90.100,-2425.264
2026-08-17 07:45:02.850,obj004,1231.992,90.100,-2646.398
2026-08-17 07:45:02.866,obj001,1340.348,90.100,-1852.287
2026-08-17 07:45:02.866,obj002,620.832,90.100,-2282.431
2026-08-17 07:45:02.866,obj003,882.001,90.100,-2426.757
2026-08-17 07:45:02.866,obj004,1233.868,90.100,-2647.654
2026-08-17 07:45:02.883,obj001,1342.112,90.101,-1850.998
2026-08-17 07:45:02.883,obj002,618.576,90.100,-2282.340
2026-08-17 07:45:02.883,obj003,883.649,90.100,-2428.299
2026-08-17 07:45:02.883,obj004,1235.685,90.100,-2648.870
2026-08-17 07:45:02.900,obj001,1342.112,90.101,-1850.998
2026-08-17 07:45:02.900,obj002,618.576,90.100,-2282.340
2026-08-17 07:45:02.900,obj003,883.649,90.100,-2428.299
2026-08-17 07:45:02.900,obj004,1235.685,90.100,-2648.870
2026-08-17 07:45:02.916,obj001,1345.699,90.100,-1848.376
2026-08-17 07:45:02.916,obj002,614.137,90.102,-2282.160
2026-08-17 07:45:02.916,obj003,886.894,90.100,-2431.334
2026-08-17 07:45:02.916,obj004,1239.377,90.100,-2651.341
2026-08-17 07:45:02.933,obj001,1347.522,90.100,-1847.043
2026-08-17 07:45:02.933,obj002,611.953,90.101,-2282.071
2026-08-17 07:45:02.933,obj003,888.491,90.100,-2432.827
2026-08-17 07:45:02.933,obj004,1241.253,90.100,-2652.597
2026-08-17 07:45:02.950,obj001,1349.286,90.100,-1845.754
2026-08-17 07:45:02.950,obj002,609.697,90.100,-2281.980
2026-08-17 07:45:02.950,obj003,890.140,90.100,-2434.368
2026-08-17 07:45:02.950,obj004,1243.069,90.100,-2653.813
2026-08-17 07:45:02.966,obj001,1351.109,90.100,-1844.422
2026-08-17 07:45:02.966,obj002,607.513,90.100,-2281.892
2026-08-17 07:45:02.966,obj003,891.735,90.101,-2435.861
2026-08-17 07:45:02.966,obj004,1244.945,90.100,-2655.069
2026-08-17 07:45:02.983,obj001,1352.873,90.100,-1843.132
2026-08-17 07:45:02.983,obj002,605.257,90.100,-2281.801
2026-08-17 07:45:02.983,obj003,893.384,90.100,-2437.403
2026-08-17 07:45:02.983,obj004,1246.761,90.100,-2656.285
2026-08-17 07:45:03.000,obj001,1352.873,90.100,-1843.132
2026-08-17 07:45:03.000,obj002,605.257,90.100,-2281.801
2026-08-17 07:45:03.000,obj003,893.384,90.100,-2437.403
2026-08-17 07:45:03.000,obj004,1246.761,90.100,-2656.285
2026-08-17 07:45:03.016,obj001,1356.460,90.101,-1840.511
2026-08-17 07:45:03.016,obj002,600.818,90.100,-2281.622
2026-08-17 07:45:03.016,obj003,896.630,90.100,-2440.438
2026-08-17 07:45:03.016,obj004,1250.454,90.100,-2658.756
2026-08-17 07:45:03.033,obj001,1356.460,90.101,-1840.511
2026-08-17 07:45:03.033,obj002,600.818,90.100,-2281.622
2026-08-17 07:45:03.033,obj003,896.630,90.100,-2440.438
2026-08-17 07:45:03.033,obj004,1250.454,90.100,-2658.756
2026-08-17 07:45:03.050,obj001,1360.048,90.100,-1837.888
2026-08-17 07:45:03.050,obj002,596.378,90.100,-2281.443
2026-08-17 07:45:03.050,obj003,899.875,90.100,-2443.473
2026-08-17 07:45:03.050,obj004,1254.146,90.100,-2661.228
2026-08-17 07:45:03.066,obj001,1361.871,90.100,-1836.556
2026-08-17 07:45:03.066,obj002,594.194,90.100,-2281.354
2026-08-17 07:45:03.066,obj003,901.472,90.100,-2444.966
2026-08-17 07:45:03.066,obj004,1256.022,90.100,-2662.484
2026-08-17 07:45:03.083,obj001,1363.635,90.100,-1835.266
2026-08-17 07:45:03.083,obj002,591.939,90.100,-2281.263
2026-08-17 07:45:03.083,obj003,903.120,90.100,-2446.508
2026-08-17 07:45:03.083,obj004,1257.838,90.100,-2663.700
2026-08-17 07:45:03.100,obj001,1365.457,90.101,-1833.934
2026-08-17 07:45:03.100,obj002,589.755,90.100,-2281.175
2026-08-17 07:45:03.100,obj003,904.717,90.100,-2448.001
2026-08-17 07:45:03.100,obj004,1259.714,90.100,-2664.956
2026-08-17 07:45:03.116,obj001,1367.222,90.101,-1832.645
2026-08-17 07:45:03.116,obj002,587.499,90.100,-2281.083
2026-08-17 07:45:03.116,obj003,906.366,90.100,-2449.543
2026-08-17 07:45:03.116,obj004,1261.530,90.100,-2666.171
2026-08-17 07:45:03.133,obj001,1369.045,90.100,-1831.312
2026-08-17 07:45:03.133,obj002,585.315,90.100,-2280.994
2026-08-17 07:45:03.133,obj003,907.962,90.100,-2451.036
2026-08-17 07:45:03.133,obj004,1263.406,90.100,-2667.427
2026-08-17 07:45:03.150,obj001,1370.810,90.100,-1830.022
2026-08-17 07:45:03.150,obj002,583.058,90.095,-2280.903
2026-08-17 07:45:03.150,obj003,909.611,90.100,-2452.578
2026-08-17 07:45:03.150,obj004,1265.223,90.100,-2668.643
2026-08-17 07:45:03.166,obj001,1370.810,90.100,-1830.022
2026-08-17 07:45:03.166,obj002,583.058,90.095,-2280.903
2026-08-17 07:45:03.166,obj003,909.611,90.100,-2452.578
2026-08-17 07:45:03.166,obj004,1265.223,90.100,-2668.643
2026-08-17 07:45:03.183,obj001,1374.397,90.100,-1827.401
2026-08-17 07:45:03.183,obj002,578.621,90.099,-2280.724
2026-08-17 07:45:03.183,obj003,912.856,90.100,-2455.613
2026-08-17 07:45:03.183,obj004,1268.915,90.100,-2671.115
2026-08-17 07:45:03.200,obj001,1376.219,90.100,-1826.068
2026-08-17 07:45:03.200,obj002,576.439,90.099,-2280.635
2026-08-17 07:45:03.200,obj003,914.453,90.100,-2457.106
2026-08-17 07:45:03.200,obj004,1270.791,90.100,-2672.371
2026-08-17 07:45:03.216,obj001,1377.984,90.100,-1824.779
2026-08-17 07:45:03.216,obj002,574.182,90.100,-2280.544
2026-08-17 07:45:03.216,obj003,916.101,90.100,-2458.647
2026-08-17 07:45:03.216,obj004,1272.607,90.100,-2673.586
2026-08-17 07:45:03.233,obj001,1379.806,90.100,-1823.446
2026-08-17 07:45:03.233,obj002,571.998,90.100,-2280.456
2026-08-17 07:45:03.233,obj003,917.698,90.100,-2460.140
2026-08-17 07:45:03.233,obj004,1274.483,90.100,-2674.842
2026-08-17 07:45:03.250,obj001,1381.571,90.100,-1822.157
2026-08-17 07:45:03.250,obj002,569.741,90.096,-2280.365
2026-08-17 07:45:03.250,obj003,919.345,90.106,-2461.681
2026-08-17 07:45:03.250,obj004,1276.299,90.100,-2676.058
2026-08-17 07:45:03.266,obj001,1383.393,90.100,-1820.824
2026-08-17 07:45:03.266,obj002,567.558,90.098,-2280.277
2026-08-17 07:45:03.266,obj003,920.941,90.103,-2463.174
2026-08-17 07:45:03.266,obj004,1278.175,90.100,-2677.314
2026-08-17 07:45:03.283,obj001,1385.158,90.100,-1819.535
2026-08-17 07:45:03.283,obj002,565.303,90.099,-2280.186
2026-08-17 07:45:03.283,obj003,922.592,90.101,-2464.717
2026-08-17 07:45:03.283,obj004,1279.992,90.100,-2678.530
2026-08-17 07:45:03.300,obj001,1386.980,90.100,-1818.203
2026-08-17 07:45:03.300,obj002,563.121,90.099,-2280.098
2026-08-17 07:45:03.300,obj003,924.190,90.101,-2466.212
2026-08-17 07:45:03.300,obj004,1281.868,90.100,-2679.786
2026-08-17 07:45:03.316,obj001,1388.745,90.100,-1816.913
2026-08-17 07:45:03.316,obj002,560.865,90.100,-2280.007
2026-08-17 07:45:03.316,obj003,925.838,90.100,-2467.753
2026-08-17 07:45:03.316,obj004,1283.684,90.100,-2681.002
2026-08-17 07:45:03.333,obj001,1388.745,90.100,-1816.913
2026-08-17 07:45:03.333,obj002,560.865,90.100,-2280.007
2026-08-17 07:45:03.333,obj003,925.838,90.100,-2467.753
2026-08-17 07:45:03.333,obj004,1283.684,90.100,-2681.002
2026-08-17 07:45:03.350,obj001,1392.332,90.100,-1814.291
2026-08-17 07:45:03.350,obj002,556.425,90.101,-2279.827
2026-08-17 07:45:03.350,obj003,929.083,90.100,-2470.788
2026-08-17 07:45:03.350,obj004,1287.376,90.100,-2683.473
2026-08-17 07:45:03.366,obj001,1392.332,90.100,-1814.291
2026-08-17 07:45:03.366,obj002,556.425,90.101,-2279.827
2026-08-17 07:45:03.366,obj003,929.083,90.100,-2470.788
2026-08-17 07:45:03.366,obj004,1287.376,90.100,-2683.473
2026-08-17 07:45:03.383,obj001,1395.919,90.100,-1811.669
2026-08-17 07:45:03.383,obj002,551.986,90.100,-2279.648
2026-08-17 07:45:03.383,obj003,932.329,90.100,-2473.822
2026-08-17 07:45:03.383,obj004,1291.068,90.100,-2685.945
2026-08-17 07:45:03.400,obj001,1395.919,90.100,-1811.669
2026-08-17 07:45:03.400,obj002,551.986,90.100,-2279.648
2026-08-17 07:45:03.400,obj003,932.329,90.100,-2473.822
2026-08-17 07:45:03.400,obj004,1291.068,90.100,-2685.945
2026-08-17 07:45:03.416,obj001,1399.506,90.100,-1809.047
2026-08-17 07:45:03.416,obj002,547.546,90.100,-2279.469
2026-08-17 07:45:03.416,obj003,935.574,90.100,-2476.857
2026-08-17 07:45:03.416,obj004,1294.761,90.100,-2688.417
2026-08-17 07:45:03.433,obj001,1399.506,90.100,-1809.047
2026-08-17 07:45:03.433,obj002,547.546,90.100,-2279.469
2026-08-17 07:45:03.433,obj003,935.574,90.100,-2476.857
2026-08-17 07:45:03.433,obj004,1294.761,90.100,-2688.417
2026-08-17 07:45:03.450,obj001,1403.093,90.100,-1806.425
2026-08-17 07:45:03.450,obj002,543.107,90.100,-2279.289
2026-08-17 07:45:03.450,obj003,938.819,90.100,-2479.892
2026-08-17 07:45:03.450,obj004,1298.453,90.100,-2690.888
2026-08-17 07:45:03.466,obj001,1404.916,90.100,-1805.093
2026-08-17 07:45:03.466,obj002,540.923,90.100,-2279.201
2026-08-17 07:45:03.466,obj003,940.416,90.100,-2481.385
2026-08-17 07:45:03.466,obj004,1300.329,90.100,-2692.144
2026-08-17 07:45:03.483,obj001,1406.680,90.100,-1803.803
2026-08-17 07:45:03.483,obj002,538.667,90.100,-2279.110
2026-08-17 07:45:03.483,obj003,942.065,90.100,-2482.927
2026-08-17 07:45:03.483,obj004,1302.145,90.100,-2693.360
2026-08-17 07:45:03.500,obj001,1408.503,90.100,-1802.471
2026-08-17 07:45:03.500,obj002,536.483,90.100,-2279.022
2026-08-17 07:45:03.500,obj003,943.661,90.100,-2484.420
2026-08-17 07:45:03.500,obj004,1304.021,90.100,-2694.616
2026-08-17 07:45:03.516,obj001,1410.267,90.100,-1801.181
2026-08-17 07:45:03.516,obj002,534.228,90.100,-2278.931
2026-08-17 07:45:03.516,obj003,945.310,90.100,-2485.962
2026-08-17 07:45:03.516,obj004,1305.837,90.100,-2695.832
2026-08-17 07:45:03.533,obj001,1410.267,90.100,-1801.181
2026-08-17 07:45:03.533,obj002,534.228,90.100,-2278.931
2026-08-17 07:45:03.533,obj003,945.310,90.100,-2485.962
2026-08-17 07:45:03.533,obj004,1305.837,90.100,-2695.832
2026-08-17 07:45:03.550,obj001,1413.854,90.100,-1798.559
2026-08-17 07:45:03.550,obj002,529.788,90.099,-2278.752
2026-08-17 07:45:03.550,obj003,948.556,90.095,-2488.997
2026-08-17 07:45:03.550,obj004,1309.530,90.100,-2698.303
2026-08-17 07:45:03.566,obj001,1413.854,90.100,-1798.559
2026-08-17 07:45:03.566,obj002,529.788,90.099,-2278.752
2026-08-17 07:45:03.566,obj003,948.556,90.095,-2488.997
2026-08-17 07:45:03.566,obj004,1309.530,90.100,-2698.303
2026-08-17 07:45:03.583,obj001,1417.441,90.100,-1795.937
2026-08-17 07:45:03.583,obj002,525.349,90.101,-2278.572
2026-08-17 07:45:03.583,obj003,951.800,90.099,-2492.031
2026-08-17 07:45:03.583,obj004,1313.222,90.100,-2700.775
2026-08-17 07:45:03.600,obj001,1417.441,90.100,-1795.937
2026-08-17 07:45:03.600,obj002,525.349,90.101,-2278.572
2026-08-17 07:45:03.600,obj003,951.800,90.099,-2492.031
2026-08-17 07:45:03.600,obj004,1313.222,90.100,-2700.775
2026-08-17 07:45:03.616,obj001,1421.028,90.100,-1793.315
2026-08-17 07:45:03.616,obj002,520.909,90.100,-2278.392
2026-08-17 07:45:03.616,obj003,955.044,90.100,-2495.065
2026-08-17 07:45:03.616,obj004,1316.914,90.100,-2703.247
2026-08-17 07:45:03.633,obj001,1422.851,90.100,-1791.983
2026-08-17 07:45:03.633,obj002,518.724,90.100,-2278.304
2026-08-17 07:45:03.633,obj003,956.642,90.100,-2496.558
2026-08-17 07:45:03.633,obj004,1318.790,90.100,-2704.502
2026-08-17 07:45:03.650,obj001,1421.164,90.100,-1793.484
2026-08-17 07:45:03.650,obj002,516.469,90.100,-2278.213
2026-08-17 07:45:03.650,obj003,958.290,90.100,-2498.100
2026-08-17 07:45:03.650,obj004,1320.607,90.100,-2705.718
2026-08-17 07:45:03.666,obj001,1419.532,90.100,-1794.937
2026-08-17 07:45:03.666,obj002,514.285,90.100,-2278.125
2026-08-17 07:45:03.666,obj003,959.886,90.100,-2499.592
2026-08-17 07:45:03.666,obj004,1322.482,90.100,-2706.974
2026-08-17 07:45:03.683,obj001,1417.846,90.100,-1796.438
2026-08-17 07:45:03.683,obj002,512.030,90.100,-2278.034
2026-08-17 07:45:03.683,obj003,961.535,90.098,-2501.135
2026-08-17 07:45:03.683,obj004,1324.299,90.100,-2708.190
2026-08-17 07:45:03.700,obj001,1417.846,90.100,-1796.438
2026-08-17 07:45:03.700,obj002,512.030,90.100,-2278.034
2026-08-17 07:45:03.700,obj003,961.535,90.098,-2501.135
2026-08-17 07:45:03.700,obj004,1324.299,90.100,-2708.190
2026-08-17 07:45:03.716,obj001,1414.527,90.100,-1799.392
2026-08-17 07:45:03.716,obj002,507.590,90.100,-2277.855
2026-08-17 07:45:03.716,obj003,964.780,90.099,-2504.170
2026-08-17 07:45:03.716,obj004,1327.991,90.100,-2710.662
2026-08-17 07:45:03.733,obj001,1412.894,90.100,-1800.845
2026-08-17 07:45:03.733,obj002,505.406,90.100,-2277.767
2026-08-17 07:45:03.733,obj003,966.376,90.100,-2505.662
2026-08-17 07:45:03.733,obj004,1329.867,90.100,-2711.918
2026-08-17 07:45:03.750,obj001,1411.208,90.100,-1802.346
2026-08-17 07:45:03.750,obj002,503.151,90.100,-2277.675
2026-08-17 07:45:03.750,obj003,968.025,90.100,-2507.204
2026-08-17 07:45:03.750,obj004,1331.683,90.100,-2713.133
2026-08-17 07:45:03.766,obj001,1411.208,90.100,-1802.346
2026-08-17 07:45:03.766,obj002,503.151,90.100,-2277.675
2026-08-17 07:45:03.766,obj003,968.025,90.100,-2507.204
2026-08-17 07:45:03.766,obj004,1331.683,90.100,-2713.133
2026-08-17 07:45:03.783,obj001,1407.889,90.100,-1805.300
2026-08-17 07:45:03.783,obj002,498.711,90.100,-2277.495
2026-08-17 07:45:03.783,obj003,971.270,90.100,-2510.239
2026-08-17 07:45:03.783,obj004,1335.376,90.100,-2715.605
2026-08-17 07:45:03.800,obj001,1407.889,90.100,-1805.300
2026-08-17 07:45:03.800,obj002,498.711,90.100,-2277.495
2026-08-17 07:45:03.800,obj003,971.270,90.100,-2510.239
2026-08-17 07:45:03.800,obj004,1335.376,90.100,-2715.605
2026-08-17 07:45:03.816,obj001,1404.570,90.100,-1808.254
2026-08-17 07:45:03.816,obj002,494.271,90.100,-2277.316
2026-08-17 07:45:03.816,obj003,974.513,90.111,-2513.271
2026-08-17 07:45:03.816,obj004,1339.068,90.100,-2718.077
2026-08-17 07:45:03.833,obj001,1402.937,90.100,-1809.707
2026-08-17 07:45:03.833,obj002,492.088,90.100,-2277.228
2026-08-17 07:45:03.833,obj003,976.115,90.078,-2514.770
2026-08-17 07:45:03.833,obj004,1340.944,90.100,-2719.333
2026-08-17 07:45:03.850,obj001,1401.251,90.100,-1811.208
2026-08-17 07:45:03.850,obj002,489.832,90.100,-2277.137
2026-08-17 07:45:03.850,obj003,977.765,90.089,-2516.312
2026-08-17 07:45:03.850,obj004,1342.760,90.100,-2720.548
2026-08-17 07:45:03.866,obj001,1399.618,90.100,-1812.661
2026-08-17 07:45:03.866,obj002,487.648,90.100,-2277.049
2026-08-17 07:45:03.866,obj003,979.363,90.094,-2517.807
2026-08-17 07:45:03.866,obj004,1344.636,90.100,-2721.804
2026-08-17 07:45:03.883,obj001,1397.932,90.100,-1814.162
2026-08-17 07:45:03.883,obj002,485.391,90.096,-2276.956
2026-08-17 07:45:03.883,obj003,981.010,90.097,-2519.347
2026-08-17 07:45:03.883,obj004,1346.452,90.100,-2723.020
2026-08-17 07:45:03.900,obj001,1396.299,90.100,-1815.615
2026-08-17 07:45:03.900,obj002,483.207,90.098,-2276.867
2026-08-17 07:45:03.900,obj003,982.605,90.099,-2520.838
2026-08-17 07:45:03.900,obj004,1348.328,90.100,-2724.276
2026-08-17 07:45:03.916,obj001,1394.613,90.100,-1817.116
2026-08-17 07:45:03.916,obj002,480.953,90.099,-2276.776
2026-08-17 07:45:03.916,obj003,984.255,90.099,-2522.381
2026-08-17 07:45:03.916,obj004,1350.145,90.100,-2725.492
2026-08-17 07:45:03.933,obj001,1392.980,90.100,-1818.569
2026-08-17 07:45:03.933,obj002,478.771,90.099,-2276.688
2026-08-17 07:45:03.933,obj003,985.852,90.100,-2523.874
2026-08-17 07:45:03.933,obj004,1352.021,90.100,-2726.748
2026-08-17 07:45:03.950,obj001,1391.294,90.100,-1820.070
2026-08-17 07:45:03.950,obj002,476.515,90.100,-2276.597
2026-08-17 07:45:03.950,obj003,987.500,90.100,-2525.416
2026-08-17 07:45:03.950,obj004,1353.837,90.100,-2727.963
2026-08-17 07:45:03.966,obj001,1391.294,90.100,-1820.070
2026-08-17 07:45:03.966,obj002,476.515,90.100,-2276.597
2026-08-17 07:45:03.966,obj003,987.500,90.100,-2525.416
2026-08-17 07:45:03.966,obj004,1353.837,90.100,-2727.963
2026-08-17 07:45:03.983,obj001,1387.975,90.100,-1823.024
2026-08-17 07:45:03.983,obj002,472.074,90.097,-2276.417
2026-08-17 07:45:03.983,obj003,990.745,90.100,-2528.450
2026-08-17 07:45:03.983,obj004,1357.529,90.100,-2730.435
2026-08-17 07:45:04.000,obj001,1387.975,90.100,-1823.024
2026-08-17 07:45:04.000,obj002,472.074,90.097,-2276.417
2026-08-17 07:45:04.000,obj003,990.745,90.100,-2528.450
2026-08-17 07:45:04.000,obj004,1357.529,90.100,-2730.435
2026-08-17 07:45:04.016,obj001,1384.656,90.100,-1825.978
2026-08-17 07:45:04.016,obj002,467.636,90.099,-2276.237
2026-08-17 07:45:04.016,obj003,993.991,90.100,-2531.485
2026-08-17 07:45:04.016,obj004,1361.221,90.100,-2732.907
2026-08-17 07:45:04.033,obj001,1383.023,90.100,-1827.431
2026-08-17 07:45:04.033,obj002,465.453,90.100,-2276.148
2026-08-17 07:45:04.033,obj003,995.587,90.100,-2532.977
2026-08-17 07:45:04.033,obj004,1363.097,90.100,-2734.163
2026-08-17 07:45:04.050,obj001,1381.337,90.100,-1828.932
2026-08-17 07:45:04.050,obj002,463.196,90.098,-2276.057
2026-08-17 07:45:04.050,obj003,997.235,90.100,-2534.520
2026-08-17 07:45:04.050,obj004,1364.914,90.100,-2735.378
2026-08-17 07:45:04.066,obj001,1379.704,90.100,-1830.385
2026-08-17 07:45:04.066,obj002,461.012,90.099,-2275.969
2026-08-17 07:45:04.066,obj003,998.831,90.100,-2536.014
2026-08-17 07:45:04.066,obj004,1366.790,90.100,-2736.634
2026-08-17 07:45:04.083,obj001,1378.018,90.100,-1831.886
2026-08-17 07:45:04.083,obj002,458.757,90.099,-2275.878
2026-08-17 07:45:04.083,obj003,1000.480,90.100,-2537.555
2026-08-17 07:45:04.083,obj004,1368.606,90.100,-2737.850
2026-08-17 07:45:04.100,obj001,1376.384,90.093,-1833.341
2026-08-17 07:45:04.100,obj002,456.574,90.100,-2275.789
2026-08-17 07:45:04.100,obj003,1002.076,90.100,-2539.048
2026-08-17 07:45:04.100,obj004,1370.482,90.100,-2739.106
2026-08-17 07:45:04.116,obj001,1374.698,90.097,-1834.841
2026-08-17 07:45:04.116,obj002,454.318,90.100,-2275.698
2026-08-17 07:45:04.116,obj003,1003.725,90.100,-2540.590
2026-08-17 07:45:04.116,obj004,1372.298,90.100,-2740.322
2026-08-17 07:45:04.133,obj001,1373.066,90.098,-1836.294
2026-08-17 07:45:04.133,obj002,452.134,90.101,-2275.610
2026-08-17 07:45:04.133,obj003,1005.322,90.100,-2542.083
2026-08-17 07:45:04.133,obj004,1374.174,90.100,-2741.578
2026-08-17 07:45:04.150,obj001,1371.380,90.099,-1837.795
2026-08-17 07:45:04.150,obj002,449.879,90.100,-2275.519
2026-08-17 07:45:04.150,obj003,1006.971,90.100,-2543.624
2026-08-17 07:45:04.150,obj004,1375.990,90.100,-2742.794
2026-08-17 07:45:04.166,obj001,1371.380,90.099,-1837.795
2026-08-17 07:45:04.166,obj002,449.879,90.100,-2275.519
2026-08-17 07:45:04.166,obj003,1006.971,90.100,-2543.624
2026-08-17 07:45:04.166,obj004,1375.990,90.100,-2742.794
2026-08-17 07:45:04.183,obj001,1368.061,90.100,-1840.748
2026-08-17 07:45:04.183,obj002,445.439,90.100,-2275.340
2026-08-17 07:45:04.183,obj003,1010.216,90.099,-2546.659
2026-08-17 07:45:04.183,obj004,1379.683,90.100,-2745.265
2026-08-17 07:45:04.200,obj001,1368.061,90.100,-1840.748
2026-08-17 07:45:04.200,obj002,445.439,90.100,-2275.340
2026-08-17 07:45:04.200,obj003,1010.216,90.099,-2546.659
2026-08-17 07:45:04.200,obj004,1379.683,90.100,-2745.265
2026-08-17 07:45:04.216,obj001,1364.742,90.100,-1843.702
2026-08-17 07:45:04.216,obj002,441.000,90.100,-2275.160
2026-08-17 07:45:04.216,obj003,1013.461,90.100,-2549.694
2026-08-17 07:45:04.216,obj004,1383.375,90.100,-2747.737
2026-08-17 07:45:04.233,obj001,1363.109,90.100,-1845.156
2026-08-17 07:45:04.233,obj002,438.816,90.100,-2275.072
2026-08-17 07:45:04.233,obj003,1015.058,90.100,-2551.187
2026-08-17 07:45:04.233,obj004,1385.251,90.100,-2748.993
2026-08-17 07:45:04.250,obj001,1361.423,90.100,-1846.656
2026-08-17 07:45:04.250,obj002,436.560,90.100,-2274.981
2026-08-17 07:45:04.250,obj003,1016.707,90.100,-2552.728
2026-08-17 07:45:04.250,obj004,1387.067,90.100,-2750.209
2026-08-17 07:45:04.266,obj001,1359.790,90.100,-1848.110
2026-08-17 07:45:04.266,obj002,434.376,90.100,-2274.893
2026-08-17 07:45:04.266,obj003,1018.303,90.100,-2554.221
2026-08-17 07:45:04.266,obj004,1388.943,90.100,-2751.464
2026-08-17 07:45:04.283,obj001,1358.104,90.100,-1849.610
2026-08-17 07:45:04.283,obj002,432.120,90.097,-2274.802
2026-08-17 07:45:04.283,obj003,1019.952,90.100,-2555.763
2026-08-17 07:45:04.283,obj004,1390.759,90.100,-2752.680
2026-08-17 07:45:04.300,obj001,1356.472,90.100,-1851.064
2026-08-17 07:45:04.300,obj002,429.936,90.098,-2274.714
2026-08-17 07:45:04.300,obj003,1021.548,90.100,-2557.256
2026-08-17 07:45:04.300,obj004,1392.635,90.100,-2753.936
2026-08-17 07:45:04.316,obj001,1354.785,90.100,-1852.565
2026-08-17 07:45:04.316,obj002,427.682,90.099,-2274.623
2026-08-17 07:45:04.316,obj003,1023.199,90.092,-2558.800
2026-08-17 07:45:04.316,obj004,1394.452,90.100,-2755.152
2026-08-17 07:45:04.333,obj001,1354.785,90.100,-1852.565
2026-08-17 07:45:04.333,obj002,427.682,90.099,-2274.623
2026-08-17 07:45:04.333,obj003,1023.199,90.092,-2558.800
2026-08-17 07:45:04.333,obj004,1394.452,90.100,-2755.152
2026-08-17 07:45:04.350,obj001,1351.466,90.100,-1855.519
2026-08-17 07:45:04.350,obj002,423.243,90.100,-2274.444
2026-08-17 07:45:04.350,obj003,1026.442,90.098,-2561.832
2026-08-17 07:45:04.350,obj004,1398.144,90.100,-2757.624
2026-08-17 07:45:04.366,obj001,1349.834,90.100,-1856.972
2026-08-17 07:45:04.366,obj002,421.058,90.100,-2274.355
2026-08-17 07:45:04.366,obj003,1028.036,90.099,-2563.323
2026-08-17 07:45:04.366,obj004,1400.020,90.100,-2758.879
2026-08-17 07:45:04.383,obj001,1348.146,90.094,-1858.474
2026-08-17 07:45:04.383,obj002,418.807,90.112,-2274.263
2026-08-17 07:45:04.383,obj003,1029.686,90.099,-2564.865
2026-08-17 07:45:04.383,obj004,1401.836,90.100,-2760.095
2026-08-17 07:45:04.400,obj001,1348.146,90.094,-1858.474
2026-08-17 07:45:04.400,obj002,418.807,90.112,-2274.263
2026-08-17 07:45:04.400,obj003,1029.686,90.099,-2564.865
2026-08-17 07:45:04.400,obj004,1401.836,90.100,-2760.095
2026-08-17 07:45:04.416,obj001,1344.829,90.098,-1861.427
2026-08-17 07:45:04.416,obj002,414.360,90.096,-2274.081
2026-08-17 07:45:04.416,obj003,1032.932,90.100,-2567.900
2026-08-17 07:45:04.416,obj004,1405.529,90.100,-2762.567
2026-08-17 07:45:04.433,obj001,1343.198,90.099,-1862.878
2026-08-17 07:45:04.433,obj002,412.172,90.098,-2273.992
2026-08-17 07:45:04.433,obj003,1034.528,90.098,-2569.393
2026-08-17 07:45:04.433,obj004,1407.404,90.100,-2763.823
2026-08-17 07:45:04.450,obj001,1341.511,90.097,-1864.381
2026-08-17 07:45:04.450,obj002,409.919,90.099,-2273.901
2026-08-17 07:45:04.450,obj003,1036.177,90.099,-2570.935
2026-08-17 07:45:04.450,obj004,1409.221,90.100,-2765.039
2026-08-17 07:45:04.466,obj001,1339.879,90.098,-1865.836
2026-08-17 07:45:04.466,obj002,407.737,90.099,-2273.813
2026-08-17 07:45:04.466,obj003,1037.774,90.099,-2572.428
2026-08-17 07:45:04.466,obj004,1411.097,90.100,-2766.294
2026-08-17 07:45:04.483,obj001,1338.194,90.099,-1867.335
2026-08-17 07:45:04.483,obj002,405.481,90.100,-2273.722
2026-08-17 07:45:04.483,obj003,1039.422,90.100,-2573.970
2026-08-17 07:45:04.483,obj004,1412.913,90.100,-2767.510
2026-08-17 07:45:04.500,obj001,1336.562,90.097,-1868.788
2026-08-17 07:45:04.500,obj002,403.296,90.100,-2273.634
2026-08-17 07:45:04.500,obj003,1041.019,90.100,-2575.463
2026-08-17 07:45:04.500,obj004,1414.789,90.100,-2768.766
2026-08-17 07:45:04.516,obj001,1334.876,90.099,-1870.289
2026-08-17 07:45:04.516,obj002,401.040,90.099,-2273.543
2026-08-17 07:45:04.516,obj003,1042.668,90.100,-2577.005
2026-08-17 07:45:04.516,obj004,1416.605,90.100,-2769.982
2026-08-17 07:45:04.533,obj001,1334.876,90.099,-1870.289
2026-08-17 07:45:04.533,obj002,401.040,90.099,-2273.543
2026-08-17 07:45:04.533,obj003,1042.668,90.100,-2577.005
2026-08-17 07:45:04.533,obj004,1416.605,90.100,-2769.982
2026-08-17 07:45:04.550,obj001,1331.557,90.101,-1873.244
2026-08-17 07:45:04.550,obj002,396.602,90.100,-2273.364
2026-08-17 07:45:04.550,obj003,1045.913,90.101,-2580.039
2026-08-17 07:45:04.550,obj004,1420.298,90.100,-2772.454
2026-08-17 07:45:04.566,obj001,1329.925,90.100,-1874.697
2026-08-17 07:45:04.566,obj002,394.418,90.100,-2273.276
2026-08-17 07:45:04.566,obj003,1047.509,90.100,-2581.532
2026-08-17 07:45:04.566,obj004,1422.174,90.100,-2773.710
2026-08-17 07:45:04.583,obj001,1328.238,90.100,-1876.198
2026-08-17 07:45:04.583,obj002,392.162,90.100,-2273.185
2026-08-17 07:45:04.583,obj003,1049.158,90.100,-2583.074
2026-08-17 07:45:04.583,obj004,1421.136,90.100,-2771.704
2026-08-17 07:45:04.600,obj001,1328.238,90.100,-1876.198
2026-08-17 07:45:04.600,obj002,392.162,90.100,-2273.185
2026-08-17 07:45:04.600,obj003,1049.158,90.100,-2583.074
2026-08-17 07:45:04.600,obj004,1421.136,90.100,-2771.704
2026-08-17 07:45:04.616,obj001,1324.919,90.100,-1879.152
2026-08-17 07:45:04.616,obj002,387.721,90.096,-2273.005
2026-08-17 07:45:04.616,obj003,1052.403,90.100,-2586.109
2026-08-17 07:45:04.616,obj004,1419.095,90.100,-2767.758
2026-08-17 07:45:04.633,obj001,1323.287,90.101,-1880.605
2026-08-17 07:45:04.633,obj002,385.538,90.098,-2272.916
2026-08-17 07:45:04.633,obj003,1054.000,90.100,-2587.601
2026-08-17 07:45:04.633,obj004,1418.091,90.100,-2765.816
2026-08-17 07:45:04.650,obj001,1321.601,90.101,-1882.106
2026-08-17 07:45:04.650,obj002,383.284,90.099,-2272.825
2026-08-17 07:45:04.650,obj003,1055.649,90.100,-2589.143
2026-08-17 07:45:04.650,obj004,1417.054,90.100,-2763.811
2026-08-17 07:45:04.666,obj001,1321.601,90.101,-1882.106
2026-08-17 07:45:04.666,obj002,383.284,90.099,-2272.825
2026-08-17 07:45:04.666,obj003,1055.649,90.100,-2589.143
2026-08-17 07:45:04.666,obj004,1417.054,90.100,-2763.811
2026-08-17 07:45:04.683,obj001,1318.282,90.100,-1885.060
2026-08-17 07:45:04.683,obj002,378.845,90.100,-2272.645
2026-08-17 07:45:04.683,obj003,1058.894,90.100,-2592.178
2026-08-17 07:45:04.683,obj004,1415.012,90.100,-2759.865
2026-08-17 07:45:04.700,obj001,1318.282,90.100,-1885.060
2026-08-17 07:45:04.700,obj002,378.845,90.100,-2272.645
2026-08-17 07:45:04.700,obj003,1058.894,90.100,-2592.178
2026-08-17 07:45:04.700,obj004,1415.012,90.100,-2759.865
2026-08-17 07:45:04.716,obj001,1314.963,90.100,-1888.014
2026-08-17 07:45:04.716,obj002,374.405,90.098,-2272.466
2026-08-17 07:45:04.716,obj003,1062.139,90.100,-2595.213
2026-08-17 07:45:04.716,obj004,1412.971,90.100,-2755.918
2026-08-17 07:45:04.733,obj001,1313.330,90.100,-1889.467
2026-08-17 07:45:04.733,obj002,372.221,90.099,-2272.378
2026-08-17 07:45:04.733,obj003,1063.736,90.100,-2596.705
2026-08-17 07:45:04.733,obj004,1411.967,90.100,-2753.977
2026-08-17 07:45:04.750,obj001,1311.645,90.105,-1890.967
2026-08-17 07:45:04.750,obj002,369.965,90.099,-2272.287
2026-08-17 07:45:04.750,obj003,1065.384,90.100,-2598.247
2026-08-17 07:45:04.750,obj004,1410.930,90.100,-2751.972
2026-08-17 07:45:04.766,obj001,1311.645,90.105,-1890.967
2026-08-17 07:45:04.766,obj002,369.965,90.099,-2272.287
2026-08-17 07:45:04.766,obj003,1065.384,90.100,-2598.247
2026-08-17 07:45:04.766,obj004,1410.930,90.100,-2751.972
2026-08-17 07:45:04.783,obj001,1308.324,90.101,-1893.922
2026-08-17 07:45:04.783,obj002,365.526,90.100,-2272.108
2026-08-17 07:45:04.783,obj003,1068.630,90.100,-2601.282
2026-08-17 07:45:04.783,obj004,1408.889,90.100,-2748.025
2026-08-17 07:45:04.800,obj001,1308.324,90.101,-1893.922
2026-08-17 07:45:04.800,obj002,365.526,90.100,-2272.108
2026-08-17 07:45:04.800,obj003,1068.630,90.100,-2601.282
2026-08-17 07:45:04.800,obj004,1408.889,90.100,-2748.025
2026-08-17 07:45:04.816,obj001,1305.004,90.100,-1896.876
2026-08-17 07:45:04.816,obj002,361.087,90.100,-2271.929
2026-08-17 07:45:04.816,obj003,1071.875,90.100,-2604.317
2026-08-17 07:45:04.816,obj004,1406.847,90.100,-2744.079
2026-08-17 07:45:04.833,obj001,1303.372,90.100,-1898.329
2026-08-17 07:45:04.833,obj002,358.903,90.100,-2271.840
2026-08-17 07:45:04.833,obj003,1073.472,90.100,-2605.810
2026-08-17 07:45:04.833,obj004,1405.843,90.100,-2742.137
2026-08-17 07:45:04.850,obj001,1301.685,90.100,-1899.830
2026-08-17 07:45:04.850,obj002,356.647,90.100,-2271.749
2026-08-17 07:45:04.850,obj003,1075.121,90.100,-2607.351
2026-08-17 07:45:04.850,obj004,1404.806,90.100,-2740.132
2026-08-17 07:45:04.866,obj001,1301.685,90.100,-1899.830
2026-08-17 07:45:04.866,obj002,356.647,90.100,-2271.749
2026-08-17 07:45:04.866,obj003,1075.121,90.100,-2607.351
2026-08-17 07:45:04.866,obj004,1404.806,90.100,-2740.132
2026-08-17 07:45:04.883,obj001,1298.366,90.097,-1902.785
2026-08-17 07:45:04.883,obj002,352.207,90.100,-2271.570
2026-08-17 07:45:04.883,obj003,1078.366,90.100,-2610.386
2026-08-17 07:45:04.883,obj004,1402.765,90.100,-2736.186
2026-08-17 07:45:04.900,obj001,1298.366,90.097,-1902.785
2026-08-17 07:45:04.900,obj002,352.207,90.100,-2271.570
2026-08-17 07:45:04.900,obj003,1078.366,90.100,-2610.386
2026-08-17 07:45:04.900,obj004,1402.765,90.100,-2736.186
2026-08-17 07:45:04.916,obj001,1295.048,90.099,-1905.739
2026-08-17 07:45:04.916,obj002,347.768,90.100,-2271.391
2026-08-17 07:45:04.916,obj003,1081.611,90.100,-2613.421
2026-08-17 07:45:04.916,obj004,1400.724,90.100,-2732.239
2026-08-17 07:45:04.933,obj001,1295.048,90.099,-1905.739
2026-08-17 07:45:04.933,obj002,347.768,90.100,-2271.391
2026-08-17 07:45:04.933,obj003,1081.611,90.100,-2613.421
2026-08-17 07:45:04.933,obj004,1400.724,90.100,-2732.239
2026-08-17 07:45:04.950,obj001,1291.731,90.104,-1908.691
2026-08-17 07:45:04.950,obj002,343.327,90.096,-2271.210
2026-08-17 07:45:04.950,obj003,1084.855,90.105,-2616.455
2026-08-17 07:45:04.950,obj004,1398.682,90.100,-2728.293
2026-08-17 07:45:04.966,obj001,1290.098,90.102,-1910.145
2026-08-17 07:45:04.966,obj002,341.143,90.098,-2271.121
2026-08-17 07:45:04.966,obj003,1086.451,90.102,-2617.948
2026-08-17 07:45:04.966,obj004,1397.678,90.100,-2726.351
2026-08-17 07:45:04.983,obj001,1288.411,90.101,-1911.646
2026-08-17 07:45:04.983,obj002,338.889,90.099,-2271.030
2026-08-17 07:45:04.983,obj003,1088.102,90.101,-2619.491
2026-08-17 07:45:04.983,obj004,1396.641,90.100,-2724.346
2026-08-17 07:45:05.000,obj001,1286.779,90.100,-1913.099
2026-08-17 07:45:05.000,obj002,336.707,90.099,-2270.942
2026-08-17 07:45:05.000,obj003,1089.699,90.100,-2620.985
2026-08-17 07:45:05.000,obj004,1395.637,90.100,-2722.405
2026-08-17 07:45:05.016,obj001,1285.092,90.100,-1914.600
2026-08-17 07:45:05.016,obj002,334.451,90.100,-2270.851
2026-08-17 07:45:05.016,obj003,1091.348,90.100,-2622.527
2026-08-17 07:45:05.016,obj004,1394.600,90.100,-2720.399
2026-08-17 07:45:05.033,obj001,1283.460,90.100,-1916.053
2026-08-17 07:45:05.033,obj002,332.266,90.100,-2270.762
2026-08-17 07:45:05.033,obj003,1092.944,90.100,-2624.019
2026-08-17 07:45:05.033,obj004,1393.595,90.100,-2718.458
2026-08-17 07:45:05.050,obj001,1281.773,90.100,-1917.554
2026-08-17 07:45:05.050,obj002,330.009,90.095,-2270.671
2026-08-17 07:45:05.050,obj003,1094.593,90.100,-2625.561
2026-08-17 07:45:05.050,obj004,1392.558,90.100,-2716.453
2026-08-17 07:45:05.066,obj001,1281.773,90.100,-1917.554
2026-08-17 07:45:05.066,obj002,330.009,90.095,-2270.671
2026-08-17 07:45:05.066,obj003,1094.593,90.100,-2625.561
2026-08-17 07:45:05.066,obj004,1392.558,90.100,-2716.453
2026-08-17 07:45:05.083,obj001,1278.453,90.096,-1920.510
2026-08-17 07:45:05.083,obj002,325.572,90.099,-2270.492
2026-08-17 07:45:05.083,obj003,1097.838,90.100,-2628.596
2026-08-17 07:45:05.083,obj004,1390.517,90.100,-2712.506
2026-08-17 07:45:05.100,obj001,1278.453,90.096,-1920.510
2026-08-17 07:45:05.100,obj002,325.572,90.099,-2270.492
2026-08-17 07:45:05.100,obj003,1097.838,90.100,-2628.596
2026-08-17 07:45:05.100,obj004,1390.517,90.100,-2712.506
2026-08-17 07:45:05.116,obj001,1275.135,90.099,-1923.463
2026-08-17 07:45:05.116,obj002,321.134,90.100,-2270.312
2026-08-17 07:45:05.116,obj003,1101.084,90.100,-2631.631
2026-08-17 07:45:05.116,obj004,1388.476,90.100,-2708.560
2026-08-17 07:45:05.133,obj001,1275.135,90.099,-1923.463
2026-08-17 07:45:05.133,obj002,321.134,90.100,-2270.312
2026-08-17 07:45:05.133,obj003,1101.084,90.100,-2631.631
2026-08-17 07:45:05.133,obj004,1388.476,90.100,-2708.560
2026-08-17 07:45:05.150,obj001,1271.816,90.100,-1926.417
2026-08-17 07:45:05.150,obj002,316.694,90.100,-2270.132
2026-08-17 07:45:05.150,obj003,1104.329,90.100,-2634.665
2026-08-17 07:45:05.150,obj004,1386.434,90.100,-2704.613
2026-08-17 07:45:05.166,obj001,1271.816,90.100,-1926.417
2026-08-17 07:45:05.166,obj002,316.694,90.100,-2270.132
2026-08-17 07:45:05.166,obj003,1104.329,90.100,-2634.665
2026-08-17 07:45:05.166,obj004,1386.434,90.100,-2704.613
2026-08-17 07:45:05.183,obj001,1268.503,90.123,-1929.365
2026-08-17 07:45:05.183,obj002,312.255,90.100,-2269.952
2026-08-17 07:45:05.183,obj003,1107.574,90.100,-2637.700
2026-08-17 07:45:05.183,obj004,1384.393,90.100,-2700.667
2026-08-17 07:45:05.200,obj001,1268.503,90.123,-1929.365
2026-08-17 07:45:05.200,obj002,312.255,90.100,-2269.952
2026-08-17 07:45:05.200,obj003,1107.574,90.100,-2637.700
2026-08-17 07:45:05.200,obj004,1384.393,90.100,-2700.667
2026-08-17 07:45:05.216,obj001,1265.174,90.099,-1932.326
2026-08-17 07:45:05.216,obj002,307.815,90.100,-2269.773
2026-08-17 07:45:05.216,obj003,1110.819,90.100,-2640.735
2026-08-17 07:45:05.216,obj004,1382.352,90.100,-2696.720
2026-08-17 07:45:05.233,obj001,1265.174,90.099,-1932.326
2026-08-17 07:45:05.233,obj002,307.815,90.100,-2269.773
2026-08-17 07:45:05.233,obj003,1110.819,90.100,-2640.735
2026-08-17 07:45:05.233,obj004,1382.352,90.100,-2696.720
2026-08-17 07:45:05.250,obj001,1261.854,90.103,-1935.279
2026-08-17 07:45:05.250,obj002,303.375,90.100,-2269.594
2026-08-17 07:45:05.250,obj003,1114.065,90.100,-2643.770
2026-08-17 07:45:05.250,obj004,1380.310,90.100,-2692.774
2026-08-17 07:45:05.266,obj001,1261.854,90.103,-1935.279
2026-08-17 07:45:05.266,obj002,303.375,90.100,-2269.594
2026-08-17 07:45:05.266,obj003,1114.065,90.100,-2643.770
2026-08-17 07:45:05.266,obj004,1380.310,90.100,-2692.774
2026-08-17 07:45:05.283,obj001,1258.536,90.101,-1938.232
2026-08-17 07:45:05.283,obj002,298.936,90.100,-2269.415
2026-08-17 07:45:05.283,obj003,1117.310,90.100,-2646.805
2026-08-17 07:45:05.283,obj004,1378.269,90.100,-2688.827
2026-08-17 07:45:05.300,obj001,1258.536,90.101,-1938.232
2026-08-17 07:45:05.300,obj002,298.936,90.100,-2269.415
2026-08-17 07:45:05.300,obj003,1117.310,90.100,-2646.805
2026-08-17 07:45:05.300,obj004,1378.269,90.100,-2688.827
2026-08-17 07:45:05.316,obj001,1255.215,90.100,-1941.187
2026-08-17 07:45:05.316,obj002,294.496,90.100,-2269.235
2026-08-17 07:45:05.316,obj003,1120.555,90.100,-2649.839
2026-08-17 07:45:05.316,obj004,1376.228,90.100,-2684.881
2026-08-17 07:45:05.333,obj001,1253.585,90.100,-1942.639
2026-08-17 07:45:05.333,obj002,292.312,90.100,-2269.147
2026-08-17 07:45:05.333,obj003,1122.152,90.100,-2651.332
2026-08-17 07:45:05.333,obj004,1375.222,90.083,-2682.934
2026-08-17 07:45:05.350,obj001,1251.897,90.100,-1944.140
2026-08-17 07:45:05.350,obj002,290.057,90.100,-2269.056
2026-08-17 07:45:05.350,obj003,1123.801,90.100,-2652.874
2026-08-17 07:45:05.350,obj004,1374.185,90.091,-2680.931
2026-08-17 07:45:05.366,obj001,1250.263,90.097,-1945.595
2026-08-17 07:45:05.366,obj002,287.873,90.100,-2268.968
2026-08-17 07:45:05.366,obj003,1125.397,90.100,-2654.367
2026-08-17 07:45:05.366,obj004,1373.182,90.096,-2678.990
2026-08-17 07:45:05.383,obj001,1248.578,90.099,-1947.095
2026-08-17 07:45:05.383,obj002,285.617,90.100,-2268.877
2026-08-17 07:45:05.383,obj003,1127.046,90.100,-2655.909
2026-08-17 07:45:05.383,obj004,1372.145,90.098,-2676.986
2026-08-17 07:45:05.400,obj001,1248.578,90.099,-1947.095
2026-08-17 07:45:05.400,obj002,285.617,90.100,-2268.877
2026-08-17 07:45:05.400,obj003,1127.046,90.100,-2655.909
2026-08-17 07:45:05.400,obj004,1372.145,90.098,-2676.986
2026-08-17 07:45:05.416,obj001,1245.259,90.101,-1950.048
2026-08-17 07:45:05.416,obj002,281.178,90.100,-2268.698
2026-08-17 07:45:05.416,obj003,1130.292,90.095,-2658.945
2026-08-17 07:45:05.416,obj004,1370.104,90.099,-2673.040
2026-08-17 07:45:05.433,obj001,1245.259,90.101,-1950.048
2026-08-17 07:45:05.433,obj002,281.178,90.100,-2268.698
2026-08-17 07:45:05.433,obj003,1130.292,90.095,-2658.945
2026-08-17 07:45:05.433,obj004,1370.104,90.099,-2673.040
2026-08-17 07:45:05.450,obj001,1241.940,90.100,-1953.002
2026-08-17 07:45:05.450,obj002,276.738,90.100,-2268.519
2026-08-17 07:45:05.450,obj003,1133.536,90.099,-2661.978
2026-08-17 07:45:05.450,obj004,1368.062,90.100,-2669.093
2026-08-17 07:45:05.466,obj001,1241.940,90.100,-1953.002
2026-08-17 07:45:05.466,obj002,276.738,90.100,-2268.519
2026-08-17 07:45:05.466,obj003,1133.536,90.099,-2661.978
2026-08-17 07:45:05.466,obj004,1368.062,90.100,-2669.093
2026-08-17 07:45:05.483,obj001,1238.621,90.100,-1955.956
2026-08-17 07:45:05.483,obj002,272.299,90.100,-2268.339
2026-08-17 07:45:05.483,obj003,1136.780,90.100,-2665.012
2026-08-17 07:45:05.483,obj004,1366.021,90.100,-2665.147
2026-08-17 07:45:05.500,obj001,1236.989,90.102,-1957.409
2026-08-17 07:45:05.500,obj002,270.115,90.100,-2268.251
2026-08-17 07:45:05.500,obj003,1138.378,90.100,-2666.505
2026-08-17 07:45:05.500,obj004,1365.017,90.100,-2663.205
2026-08-17 07:45:05.516,obj001,1235.302,90.101,-1958.910
2026-08-17 07:45:05.516,obj002,267.859,90.100,-2268.160
2026-08-17 07:45:05.516,obj003,1140.026,90.100,-2668.047
2026-08-17 07:45:05.516,obj004,1363.980,90.100,-2661.200
2026-08-17 07:45:05.533,obj001,1233.670,90.100,-1960.363
2026-08-17 07:45:05.533,obj002,265.675,90.100,-2268.072
2026-08-17 07:45:05.533,obj003,1141.622,90.100,-2669.539
2026-08-17 07:45:05.533,obj004,1362.976,90.100,-2659.259
2026-08-17 07:45:05.550,obj001,1231.983,90.100,-1961.864
2026-08-17 07:45:05.550,obj002,263.420,90.100,-2267.981
2026-08-17 07:45:05.550,obj003,1143.271,90.101,-2671.081
2026-08-17 07:45:05.550,obj004,1361.939,90.100,-2657.254
2026-08-17 07:45:05.566,obj001,1231.983,90.100,-1961.864
2026-08-17 07:45:05.566,obj002,263.420,90.100,-2267.981
2026-08-17 07:45:05.566,obj003,1143.271,90.101,-2671.081
2026-08-17 07:45:05.566,obj004,1361.939,90.100,-2657.254
2026-08-17 07:45:05.600,obj001,1228.664,90.100,-1964.818
2026-08-17 07:45:05.600,obj002,258.980,90.100,-2267.802
2026-08-17 07:45:05.600,obj003,1146.517,90.100,-2674.116
2026-08-17 07:45:05.600,obj004,1359.897,90.100,-2653.307
2026-08-17 07:45:05.616,obj001,1225.344,90.094,-1967.774
2026-08-17 07:45:05.616,obj002,258.545,90.100,-2266.286
2026-08-17 07:45:05.616,obj003,1149.762,90.100,-2677.151
2026-08-17 07:45:05.616,obj004,1357.856,90.100,-2649.361
2026-08-17 07:45:05.633,obj001,1225.344,90.094,-1967.774
2026-08-17 07:45:05.633,obj002,258.545,90.100,-2266.286
2026-08-17 07:45:05.633,obj003,1149.762,90.100,-2677.151
2026-08-17 07:45:05.633,obj004,1357.856,90.100,-2649.361
2026-08-17 07:45:05.650,obj001,1222.028,90.099,-1970.727
2026-08-17 07:45:05.650,obj002,261.987,90.100,-2263.477
2026-08-17 07:45:05.650,obj003,1153.007,90.100,-2680.186
2026-08-17 07:45:05.650,obj004,1355.814,90.094,-2645.412
2026-08-17 07:45:05.666,obj001,1220.397,90.099,-1972.179
2026-08-17 07:45:05.666,obj002,263.681,90.100,-2262.094
2026-08-17 07:45:05.666,obj003,1154.604,90.100,-2681.679
2026-08-17 07:45:05.666,obj004,1354.810,90.097,-2643.471
2026-08-17 07:45:05.683,obj001,1218.710,90.100,-1973.680
2026-08-17 07:45:05.683,obj002,265.430,90.100,-2260.667
2026-08-17 07:45:05.683,obj003,1156.253,90.100,-2683.220
2026-08-17 07:45:05.683,obj004,1353.774,90.098,-2641.468
2026-08-17 07:45:05.700,obj001,1217.077,90.100,-1975.134
2026-08-17 07:45:05.700,obj002,267.123,90.100,-2259.285
2026-08-17 07:45:05.700,obj003,1157.852,90.086,-2684.716
2026-08-17 07:45:05.700,obj004,1352.771,90.099,-2639.529
2026-08-17 07:45:05.716,obj001,1215.391,90.100,-1976.635
2026-08-17 07:45:05.716,obj002,268.872,90.100,-2257.857
2026-08-17 07:45:05.716,obj003,1159.500,90.093,-2686.257
2026-08-17 07:45:05.716,obj004,1351.733,90.099,-2637.523
2026-08-17 07:45:05.733,obj001,1213.759,90.100,-1978.087
2026-08-17 07:45:05.733,obj002,270.565,90.100,-2256.475
2026-08-17 07:45:05.733,obj003,1161.096,90.097,-2687.749
2026-08-17 07:45:05.733,obj004,1350.729,90.100,-2635.580
2026-08-17 07:45:05.750,obj001,1212.074,90.108,-1979.586
2026-08-17 07:45:05.750,obj002,272.314,90.100,-2255.048
2026-08-17 07:45:05.750,obj003,1162.744,90.098,-2689.291
2026-08-17 07:45:05.750,obj004,1349.692,90.100,-2633.576
2026-08-17 07:45:05.766,obj001,1212.074,90.108,-1979.586
2026-08-17 07:45:05.766,obj002,272.314,90.100,-2255.048
2026-08-17 07:45:05.766,obj003,1162.744,90.098,-2689.291
2026-08-17 07:45:05.766,obj004,1349.692,90.100,-2633.576
2026-08-17 07:45:05.800,obj001,1208.752,90.102,-1982.542
2026-08-17 07:45:05.800,obj002,275.756,90.100,-2252.238
2026-08-17 07:45:05.800,obj003,1165.989,90.099,-2692.325
2026-08-17 07:45:05.800,obj004,1347.651,90.100,-2629.629
2026-08-17 07:45:05.816,obj001,1205.432,90.100,-1985.498
2026-08-17 07:45:05.816,obj002,279.198,90.100,-2249.429
2026-08-17 07:45:05.816,obj003,1169.235,90.100,-2695.360
2026-08-17 07:45:05.816,obj004,1345.610,90.101,-2625.683
2026-08-17 07:45:05.833,obj001,1205.432,90.100,-1985.498
2026-08-17 07:45:05.833,obj002,279.198,90.100,-2249.429
2026-08-17 07:45:05.833,obj003,1169.235,90.100,-2695.360
2026-08-17 07:45:05.833,obj004,1345.610,90.101,-2625.683
2026-08-17 07:45:05.866,obj001,1202.113,90.100,-1988.451
2026-08-17 07:45:05.866,obj002,282.641,90.100,-2246.619
2026-08-17 07:45:05.866,obj003,1172.480,90.100,-2698.394
2026-08-17 07:45:05.866,obj004,1343.568,90.100,-2621.736
2026-08-17 07:45:05.883,obj001,1198.794,90.099,-1991.406
2026-08-17 07:45:05.883,obj002,286.083,90.100,-2243.810
2026-08-17 07:45:05.883,obj003,1175.726,90.098,-2701.430
2026-08-17 07:45:05.883,obj004,1341.527,90.100,-2617.790
2026-08-17 07:45:05.900,obj001,1197.162,90.100,-1992.859
2026-08-17 07:45:05.900,obj002,287.776,90.100,-2242.427
2026-08-17 07:45:05.900,obj003,1177.322,90.099,-2702.922
2026-08-17 07:45:05.900,obj004,1340.523,90.100,-2615.848
2026-08-17 07:45:05.916,obj001,1195.476,90.100,-1994.360
2026-08-17 07:45:05.916,obj002,289.525,90.100,-2241.000
2026-08-17 07:45:05.916,obj003,1178.971,90.099,-2704.464
2026-08-17 07:45:05.916,obj004,1339.486,90.100,-2613.843
2026-08-17 07:45:05.933,obj001,1193.843,90.100,-1995.813
2026-08-17 07:45:05.933,obj002,291.218,90.100,-2239.618
2026-08-17 07:45:05.933,obj003,1180.568,90.100,-2705.957
2026-08-17 07:45:05.933,obj004,1338.481,90.100,-2611.902
2026-08-17 07:45:05.950,obj001,1192.157,90.100,-1997.313
2026-08-17 07:45:05.950,obj002,292.967,90.100,-2238.190
2026-08-17 07:45:05.950,obj003,1182.216,90.100,-2707.498
2026-08-17 07:45:05.950,obj004,1337.444,90.100,-2609.897
2026-08-17 07:45:05.966,obj001,1192.157,90.100,-1997.313
2026-08-17 07:45:05.966,obj002,292.967,90.100,-2238.190
2026-08-17 07:45:05.966,obj003,1182.216,90.100,-2707.498
2026-08-17 07:45:05.966,obj004,1337.444,90.100,-2609.897
2026-08-17 07:45:05.983,obj001,1188.838,90.101,-2000.267
2026-08-17 07:45:05.983,obj002,296.409,90.100,-2235.381
2026-08-17 07:45:05.983,obj003,1185.462,90.100,-2710.533
2026-08-17 07:45:05.983,obj004,1335.403,90.100,-2605.950
